Mechanism,Imputation_Method,Patient,MR,Accuracy,Precision,Recall,F1_Score
MCAR,None,A1ZJ41O,05,92.72727272727272,92.72727272727272,100.0,96.22641509433963
MCAR,None,A1ZJ41O,10,75.0,78.68852459016394,94.11764705882352,85.71428571428571
MCAR,None,A1ZJ41O,15,63.63636363636363,73.68421052631578,82.35294117647058,77.77777777777779
MCAR,None,A1ZJ41O,20,60.810810810810814,66.17647058823529,88.23529411764706,75.63025210084035
MCAR,None,A1ZJ41O,25,51.24999999999999,58.57142857142858,80.3921568627451,67.76859504132233
MCAR,None,AKXN5ZZ,05,80.0,88.10572687224669,89.68609865470853,88.88888888888889
MCAR,None,AKXN5ZZ,10,72.13740458015268,82.89473684210526,84.75336322869956,83.81374722838137
MCAR,None,AKXN5ZZ,15,58.04195804195804,72.48908296943232,74.43946188340807,73.45132743362831
MCAR,None,AKXN5ZZ,20,54.31309904153354,65.38461538461539,76.23318385650224,70.39337474120083
MCAR,None,AKXN5ZZ,25,52.28758169934641,65.84362139917695,71.74887892376681,68.6695278969957
MCAR,None,AAXAA7Z,05,87.5,94.5945945945946,92.10526315789474,93.33333333333333
MCAR,None,AAXAA7Z,10,79.03225806451613,90.74074074074075,85.96491228070175,88.28828828828829
MCAR,None,AAXAA7Z,15,73.80952380952381,88.57142857142857,81.57894736842105,84.93150684931506
MCAR,None,AAXAA7Z,20,66.92307692307692,84.46601941747572,76.31578947368422,80.18433179723502
MCAR,None,AAXAA7Z,25,62.59541984732825,82.82828282828282,71.9298245614035,76.99530516431925
MCAR,None,AA2KP1S,05,84.28571428571429,95.16129032258065,88.05970149253731,91.47286821705426
MCAR,None,AA2KP1S,10,65.0,80.0,77.61194029850746,78.7878787878788
MCAR,None,AA2KP1S,15,65.82278481012658,81.25,77.61194029850746,79.38931297709924
MCAR,None,AA2KP1S,20,62.5,72.36842105263158,82.08955223880598,76.92307692307693
MCAR,None,AA2KP1S,25,56.09756097560976,75.40983606557377,68.65671641791045,71.875
MCAR,None,APGIB2T,05,83.33333333333334,92.10526315789474,89.74358974358975,90.9090909090909
MCAR,None,APGIB2T,10,73.03370786516854,85.52631578947368,83.33333333333334,84.41558441558442
MCAR,None,APGIB2T,15,63.2183908045977,85.9375,70.51282051282051,77.46478873239437
MCAR,None,APGIB2T,20,58.333333333333336,75.67567567567568,71.7948717948718,73.6842105263158
MCAR,None,APGIB2T,25,57.30337078651685,82.25806451612904,65.38461538461539,72.85714285714286
MCAR,None,AHYIJDV,05,40.57971014492754,49.122807017543856,70.0,57.73195876288659
MCAR,None,AHYIJDV,10,36.92307692307693,48.97959183673469,60.0,53.93258426966292
MCAR,None,AHYIJDV,15,26.5625,41.46341463414634,42.5,41.9753086419753
MCAR,None,AHYIJDV,20,22.666666666666664,32.69230769230769,42.5,36.95652173913044
MCAR,None,AHYIJDV,25,17.5,25.925925925925924,35.0,29.787234042553195
MCAR,None,ASFODQR,05,90.35087719298247,95.37037037037037,94.4954128440367,94.93087557603688
MCAR,None,ASFODQR,10,85.21739130434783,94.23076923076923,89.90825688073394,92.01877934272301
MCAR,None,ASFODQR,15,79.48717948717949,92.07920792079209,85.3211009174312,88.57142857142858
MCAR,None,ASFODQR,20,72.5,88.77551020408163,79.81651376146789,84.05797101449275
MCAR,None,ASFODQR,25,65.04065040650406,85.1063829787234,73.39449541284404,78.8177339901478
MCAR,None,AUY8KYW,05,74.60317460317461,79.66101694915254,92.15686274509804,85.45454545454545
MCAR,None,AUY8KYW,10,56.36363636363636,88.57142857142857,60.78431372549019,72.09302325581395
MCAR,None,AUY8KYW,15,43.39622641509434,92.0,45.09803921568628,60.526315789473685
MCAR,None,AUY8KYW,20,52.54237288135594,79.48717948717949,60.78431372549019,68.88888888888889
MCAR,None,AUY8KYW,25,52.72727272727272,87.87878787878788,56.86274509803921,69.04761904761905
MCAR,None,A3OU183,05,90.14084507042254,95.52238805970148,94.11764705882352,94.81481481481482
MCAR,None,A3OU183,10,73.75,83.09859154929578,86.76470588235294,84.89208633093526
MCAR,None,A3OU183,15,70.73170731707317,80.55555555555556,85.29411764705883,82.85714285714286
MCAR,None,A3OU183,20,57.77777777777777,70.27027027027027,76.47058823529412,73.23943661971832
MCAR,None,A3OU183,25,48.93617021276596,63.888888888888886,67.64705882352942,65.71428571428571
MCAR,None,AOYM4KG,05,87.5,94.91525423728814,91.80327868852459,93.33333333333333
MCAR,None,AOYM4KG,10,74.6268656716418,89.28571428571429,81.9672131147541,85.47008547008548
MCAR,None,AOYM4KG,15,64.38356164383562,79.66101694915254,77.04918032786885,78.33333333333333
MCAR,None,AOYM4KG,20,52.0,73.58490566037736,63.934426229508205,68.42105263157895
MCAR,None,AOYM4KG,25,45.67901234567901,64.91228070175438,60.65573770491803,62.71186440677966
MCAR,None,AV2GF3B,05,95.95959595959596,98.95833333333334,96.93877551020408,97.93814432989691
MCAR,None,AV2GF3B,10,94.94949494949495,98.94736842105263,95.91836734693877,97.40932642487047
MCAR,None,AV2GF3B,15,94.94949494949495,98.94736842105263,95.91836734693877,97.40932642487047
MCAR,None,AV2GF3B,20,89.10891089108911,96.7741935483871,91.83673469387756,94.24083769633509
MCAR,None,AV2GF3B,25,83.49514563106796,94.5054945054945,87.75510204081633,91.005291005291
MCAR,None,A0NVTRV,05,67.1875,81.13207547169812,79.62962962962963,80.37383177570095
MCAR,None,A0NVTRV,10,61.53846153846154,78.43137254901961,74.07407407407408,76.19047619047618
MCAR,None,A0NVTRV,15,55.38461538461539,76.59574468085107,66.66666666666666,71.28712871287128
MCAR,None,A0NVTRV,20,58.730158730158735,80.43478260869566,68.51851851851852,74.0
MCAR,None,A0NVTRV,25,41.66666666666667,62.5,55.55555555555556,58.82352941176471
MCAR,None,A1K5DRI,05,91.30434782608695,95.45454545454545,95.45454545454545,95.45454545454545
MCAR,None,A1K5DRI,10,78.72340425531915,92.5,84.0909090909091,88.09523809523809
MCAR,None,A1K5DRI,15,66.66666666666666,88.88888888888889,72.72727272727273,80.0
MCAR,None,A1K5DRI,20,57.692307692307686,78.94736842105263,68.18181818181817,73.17073170731707
MCAR,None,A1K5DRI,25,56.00000000000001,82.35294117647058,63.63636363636363,71.7948717948718
MCAR,None,AYEFCWQ,05,86.48648648648648,92.7536231884058,92.7536231884058,92.7536231884058
MCAR,None,AYEFCWQ,10,75.9493670886076,85.71428571428571,86.95652173913044,86.33093525179856
MCAR,None,AYEFCWQ,15,65.47619047619048,78.57142857142857,79.71014492753623,79.13669064748201
MCAR,None,AYEFCWQ,20,54.54545454545454,71.64179104477611,69.56521739130434,70.58823529411765
MCAR,None,AYEFCWQ,25,47.368421052631575,63.38028169014085,65.21739130434783,64.28571428571428
MCAR,None,AMV7EQF,05,73.84615384615385,85.71428571428571,84.21052631578947,84.95575221238938
MCAR,None,AMV7EQF,10,60.0,76.36363636363637,73.68421052631578,74.99999999999999
MCAR,None,AMV7EQF,15,57.14285714285714,75.47169811320755,70.17543859649122,72.72727272727273
MCAR,None,AMV7EQF,20,49.31506849315068,69.23076923076923,63.1578947368421,66.05504587155963
MCAR,None,AMV7EQF,25,27.380952380952383,46.0,40.35087719298245,42.99065420560748
MCAR,None,AZIK4ZA,05,54.929577464788736,82.97872340425532,61.904761904761905,70.9090909090909
MCAR,None,AZIK4ZA,10,20.8955223880597,77.77777777777779,22.22222222222222,34.5679012345679
MCAR,None,AZIK4ZA,15,28.57142857142857,100.0,28.57142857142857,44.44444444444445
MCAR,None,AZIK4ZA,20,46.03174603174603,100.0,46.03174603174603,63.04347826086957
MCAR,None,AZIK4ZA,25,68.25396825396825,100.0,68.25396825396825,81.13207547169812
MCAR,None,AJWW3IY,05,92.10526315789474,96.55172413793103,95.23809523809523,95.89041095890411
MCAR,None,AJWW3IY,10,87.66233766233766,95.07042253521126,91.83673469387756,93.42560553633218
MCAR,None,AJWW3IY,15,80.37974683544303,92.02898550724638,86.39455782312925,89.12280701754386
MCAR,None,AJWW3IY,20,76.72955974842768,91.04477611940298,82.99319727891157,86.83274021352312
MCAR,None,AJWW3IY,25,77.07006369426752,92.36641221374046,82.31292517006803,87.05035971223022
MCAR,None,AX6281V,05,64.13043478260869,74.68354430379746,81.94444444444444,78.14569536423839
MCAR,None,AX6281V,10,38.46153846153847,50.0,62.5,55.55555555555556
MCAR,None,AX6281V,15,34.92063492063492,44.89795918367347,61.111111111111114,51.764705882352935
MCAR,None,AX6281V,20,31.03448275862069,45.0,50.0,47.36842105263158
MCAR,None,AX6281V,25,30.973451327433626,46.05263157894737,48.61111111111111,47.29729729729729
MCAR,None,AYWIEKR,05,71.05263157894737,86.17021276595744,80.19801980198021,83.07692307692307
MCAR,None,AYWIEKR,10,55.371900826446286,77.01149425287356,66.33663366336634,71.27659574468086
MCAR,None,AYWIEKR,15,57.02479338842975,77.52808988764045,68.31683168316832,72.63157894736842
MCAR,None,AYWIEKR,20,46.45669291338583,69.41176470588235,58.415841584158414,63.440860215053775
MCAR,None,AYWIEKR,25,34.306569343065696,56.62650602409639,46.53465346534654,51.08695652173913
MCAR,None,ATHKM6V,05,75.0,84.61538461538461,86.8421052631579,85.71428571428572
MCAR,None,ATHKM6V,10,51.78571428571429,61.702127659574465,76.31578947368422,68.23529411764706
MCAR,None,ATHKM6V,15,40.0,49.056603773584904,68.42105263157895,57.14285714285714
MCAR,None,ATHKM6V,20,36.36363636363637,46.15384615384615,63.1578947368421,53.333333333333336
MCAR,None,ATHKM6V,25,23.61111111111111,33.33333333333333,44.73684210526316,38.20224719101123
MCAR,None,AFPB8J2,05,78.43137254901961,95.23809523809523,81.63265306122449,87.91208791208791
MCAR,None,AFPB8J2,10,73.83177570093457,89.77272727272727,80.61224489795919,84.9462365591398
MCAR,None,AFPB8J2,15,65.51724137931035,80.85106382978722,77.55102040816327,79.16666666666666
MCAR,None,AFPB8J2,20,51.09489051094891,64.22018348623854,71.42857142857143,67.6328502415459
MCAR,None,AFPB8J2,25,46.71052631578947,56.8,72.44897959183673,63.67713004484305
MCAR,None,A0VFT1N,05,83.9622641509434,91.75257731958763,90.81632653061224,91.28205128205128
MCAR,None,A0VFT1N,10,76.63551401869158,90.10989010989012,83.6734693877551,86.77248677248677
MCAR,None,A0VFT1N,15,69.64285714285714,84.78260869565217,79.59183673469387,82.10526315789473
MCAR,None,A0VFT1N,20,63.47826086956522,81.11111111111111,74.48979591836735,77.65957446808511
MCAR,None,A0VFT1N,25,56.03448275862068,78.3132530120482,66.3265306122449,71.82320441988949
MCAR,None,AURCTAK,05,76.92307692307693,93.02325581395348,81.63265306122449,86.95652173913044
MCAR,None,AURCTAK,10,65.45454545454545,85.71428571428571,73.46938775510205,79.12087912087912
MCAR,None,AURCTAK,15,57.14285714285714,82.05128205128204,65.3061224489796,72.72727272727272
MCAR,None,AURCTAK,20,46.55172413793103,75.0,55.10204081632652,63.52941176470588
MCAR,None,AURCTAK,25,37.096774193548384,63.888888888888886,46.93877551020408,54.11764705882353
MCAR,None,A36HR6Y,05,26.666666666666668,27.586206896551722,88.88888888888889,42.10526315789473
MCAR,None,A36HR6Y,10,27.586206896551722,28.57142857142857,88.88888888888889,43.24324324324324
MCAR,None,A36HR6Y,15,27.586206896551722,28.57142857142857,88.88888888888889,43.24324324324324
MCAR,None,A36HR6Y,20,29.166666666666668,31.818181818181817,77.77777777777779,45.16129032258064
MCAR,None,A36HR6Y,25,30.434782608695656,33.33333333333333,77.77777777777779,46.666666666666664
MCAR,None,A4E0D03,05,60.273972602739725,73.33333333333333,77.19298245614034,75.21367521367522
MCAR,None,A4E0D03,10,48.717948717948715,64.40677966101694,66.66666666666666,65.51724137931035
MCAR,None,A4E0D03,15,28.888888888888886,44.06779661016949,45.614035087719294,44.82758620689655
MCAR,None,A4E0D03,20,18.947368421052634,32.142857142857146,31.57894736842105,31.858407079646017
MCAR,None,A4E0D03,25,8.791208791208792,19.047619047619047,14.035087719298245,16.161616161616163
MCAR,None,AJMQUVV,05,50.0,65.4320987654321,67.94871794871796,66.66666666666667
MCAR,None,AJMQUVV,10,37.27272727272727,56.16438356164384,52.56410256410257,54.3046357615894
MCAR,None,AJMQUVV,15,29.03225806451613,43.90243902439025,46.15384615384615,45.0
MCAR,None,AJMQUVV,20,20.149253731343283,32.53012048192771,34.61538461538461,33.54037267080746
MCAR,None,AJMQUVV,25,16.78832116788321,28.04878048780488,29.48717948717949,28.749999999999996
MCAR,None,A4G0044,05,91.56626506024097,96.20253164556962,95.0,95.59748427672956
MCAR,None,A4G0044,10,83.72093023255815,92.3076923076923,90.0,91.13924050632912
MCAR,None,A4G0044,15,77.52808988764045,88.46153846153845,86.25,87.34177215189874
MCAR,None,A4G0044,20,68.81720430107528,83.11688311688312,80.0,81.52866242038218
MCAR,None,A4G0044,25,67.74193548387096,82.89473684210526,78.75,80.76923076923076
MCAR,None,AIFDJZB,05,63.888888888888886,76.66666666666667,79.3103448275862,77.96610169491527
MCAR,None,AIFDJZB,10,46.34146341463415,61.29032258064516,65.51724137931035,63.33333333333333
MCAR,None,AIFDJZB,15,6.8181818181818175,16.666666666666664,10.344827586206897,12.76595744680851
MCAR,None,AIFDJZB,20,0.0,0.0,0.0,0.0
MCAR,None,AIFDJZB,25,0.0,0.0,0.0,0.0
MCAR,None,AQC0L71,05,89.74358974358975,97.22222222222221,92.10526315789474,94.59459459459458
MCAR,None,AQC0L71,10,75.0,84.61538461538461,86.8421052631579,85.71428571428572
MCAR,None,AQC0L71,15,56.00000000000001,70.0,73.68421052631578,71.7948717948718
MCAR,None,AQC0L71,20,60.416666666666664,74.35897435897436,76.31578947368422,75.32467532467534
MCAR,None,AQC0L71,25,42.5531914893617,68.96551724137932,52.63157894736842,59.70149253731344
MCAR,None,A7EM0B6,05,87.5,96.55172413793103,90.32258064516128,93.33333333333333
MCAR,None,A7EM0B6,10,66.66666666666666,91.66666666666666,70.96774193548387,80.0
MCAR,None,A7EM0B6,15,52.94117647058824,85.71428571428571,58.06451612903226,69.23076923076923
MCAR,None,A7EM0B6,20,50.0,78.26086956521739,58.06451612903226,66.66666666666667
MCAR,None,A7EM0B6,25,51.61290322580645,100.0,51.61290322580645,68.08510638297872
MCAR,Mean,A1ZJ41O,05,94.44444444444444,94.44444444444444,100.0,97.14285714285714
MCAR,Mean,A1ZJ41O,10,82.25806451612904,82.25806451612904,100.0,90.2654867256637
MCAR,Mean,A1ZJ41O,15,89.47368421052632,89.47368421052632,100.0,94.44444444444444
MCAR,Mean,A1ZJ41O,20,76.11940298507463,76.11940298507463,100.0,86.4406779661017
MCAR,Mean,A1ZJ41O,25,66.23376623376623,66.23376623376623,100.0,79.6875
MCAR,Mean,AKXN5ZZ,05,96.9298245614035,97.78761061946902,99.10313901345292,98.44097995545657
MCAR,Mean,AKXN5ZZ,10,92.14876033057851,92.14876033057851,100.0,95.91397849462365
MCAR,Mean,AKXN5ZZ,15,91.35802469135803,91.73553719008265,99.55156950672645,95.48387096774194
MCAR,Mean,AKXN5ZZ,20,88.35341365461848,89.43089430894308,98.65470852017937,93.81663113006395
MCAR,Mean,AKXN5ZZ,25,90.5982905982906,95.06726457399103,95.06726457399103,95.06726457399103
MCAR,Mean,AAXAA7Z,05,100.0,100.0,100.0,100.0
MCAR,Mean,AAXAA7Z,10,94.87179487179486,97.36842105263158,97.36842105263158,97.36842105263158
MCAR,Mean,AAXAA7Z,15,96.55172413793103,98.24561403508771,98.24561403508771,98.24561403508771
MCAR,Mean,AAXAA7Z,20,94.87179487179486,97.36842105263158,97.36842105263158,97.36842105263158
MCAR,Mean,AAXAA7Z,25,90.0,94.73684210526315,94.73684210526315,94.73684210526315
MCAR,Mean,AA2KP1S,05,89.55223880597015,100.0,89.55223880597015,94.48818897637796
MCAR,Mean,AA2KP1S,10,89.55223880597015,100.0,89.55223880597015,94.48818897637796
MCAR,Mean,AA2KP1S,15,89.55223880597015,100.0,89.55223880597015,94.48818897637796
MCAR,Mean,AA2KP1S,20,88.05970149253731,100.0,88.05970149253731,93.65079365079364
MCAR,Mean,AA2KP1S,25,83.5820895522388,100.0,83.5820895522388,91.05691056910568
MCAR,Mean,APGIB2T,05,92.5925925925926,96.15384615384616,96.15384615384616,96.15384615384616
MCAR,Mean,APGIB2T,10,92.5,97.36842105263158,94.87179487179486,96.10389610389612
MCAR,Mean,APGIB2T,15,93.67088607594937,98.66666666666667,94.87179487179486,96.73202614379085
MCAR,Mean,APGIB2T,20,91.25,97.33333333333334,93.58974358974359,95.42483660130719
MCAR,Mean,APGIB2T,25,86.25,97.1830985915493,88.46153846153845,92.61744966442953
MCAR,Mean,AHYIJDV,05,76.92307692307693,76.92307692307693,100.0,86.95652173913044
MCAR,Mean,AHYIJDV,10,85.1063829787234,85.1063829787234,100.0,91.95402298850576
MCAR,Mean,AHYIJDV,15,81.25,82.97872340425532,97.5,89.65517241379311
MCAR,Mean,AHYIJDV,20,75.0,76.47058823529412,97.5,85.7142857142857
MCAR,Mean,AHYIJDV,25,64.91228070175438,68.51851851851852,92.5,78.72340425531915
MCAR,Mean,ASFODQR,05,100.0,100.0,100.0,100.0
MCAR,Mean,ASFODQR,10,100.0,100.0,100.0,100.0
MCAR,Mean,ASFODQR,15,100.0,100.0,100.0,100.0
MCAR,Mean,ASFODQR,20,100.0,100.0,100.0,100.0
MCAR,Mean,ASFODQR,25,98.18181818181819,99.08256880733946,99.08256880733946,99.08256880733946
MCAR,Mean,AUY8KYW,05,72.72727272727273,76.19047619047619,94.11764705882352,84.21052631578947
MCAR,Mean,AUY8KYW,10,65.71428571428571,70.76923076923077,90.19607843137256,79.3103448275862
MCAR,Mean,AUY8KYW,15,61.42857142857143,69.35483870967742,84.31372549019608,76.1061946902655
MCAR,Mean,AUY8KYW,20,57.333333333333336,64.17910447761194,84.31372549019608,72.88135593220339
MCAR,Mean,AUY8KYW,25,64.38356164383562,68.11594202898551,92.15686274509804,78.33333333333333
MCAR,Mean,A3OU183,05,94.20289855072464,98.48484848484848,95.58823529411765,97.01492537313432
MCAR,Mean,A3OU183,10,91.54929577464789,95.58823529411765,95.58823529411765,95.58823529411765
MCAR,Mean,A3OU183,15,90.27777777777779,94.20289855072464,95.58823529411765,94.89051094890512
MCAR,Mean,A3OU183,20,88.73239436619718,95.45454545454545,92.64705882352942,94.02985074626866
MCAR,Mean,A3OU183,25,83.78378378378379,91.17647058823529,91.17647058823529,91.17647058823528
MCAR,Mean,AOYM4KG,05,95.16129032258065,98.33333333333333,96.72131147540983,97.52066115702478
MCAR,Mean,AOYM4KG,10,84.61538461538461,93.22033898305084,90.1639344262295,91.66666666666666
MCAR,Mean,AOYM4KG,15,71.23287671232876,81.25,85.24590163934425,83.19999999999999
MCAR,Mean,AOYM4KG,20,66.21621621621621,79.03225806451613,80.32786885245902,79.67479674796746
MCAR,Mean,AOYM4KG,25,61.8421052631579,75.80645161290323,77.04918032786885,76.42276422764228
MCAR,Mean,AV2GF3B,05,100.0,100.0,100.0,100.0
MCAR,Mean,AV2GF3B,10,98.9795918367347,100.0,98.9795918367347,99.48717948717947
MCAR,Mean,AV2GF3B,15,97.95918367346938,100.0,97.95918367346938,98.96907216494846
MCAR,Mean,AV2GF3B,20,97.95918367346938,100.0,97.95918367346938,98.96907216494846
MCAR,Mean,AV2GF3B,25,97.95918367346938,100.0,97.95918367346938,98.96907216494846
MCAR,Mean,A0NVTRV,05,96.36363636363636,98.14814814814815,98.14814814814815,98.14814814814815
MCAR,Mean,A0NVTRV,10,96.36363636363636,98.14814814814815,98.14814814814815,98.14814814814815
MCAR,Mean,A0NVTRV,15,92.85714285714286,96.29629629629629,96.29629629629629,96.29629629629629
MCAR,Mean,A0NVTRV,20,86.20689655172413,92.5925925925926,92.5925925925926,92.5925925925926
MCAR,Mean,A0NVTRV,25,83.05084745762711,90.74074074074075,90.74074074074075,90.74074074074075
MCAR,Mean,A1K5DRI,05,100.0,100.0,100.0,100.0
MCAR,Mean,A1K5DRI,10,95.45454545454545,100.0,95.45454545454545,97.67441860465117
MCAR,Mean,A1K5DRI,15,97.72727272727273,100.0,97.72727272727273,98.85057471264368
MCAR,Mean,A1K5DRI,20,95.45454545454545,100.0,95.45454545454545,97.67441860465117
MCAR,Mean,A1K5DRI,25,81.81818181818183,100.0,81.81818181818183,90.0
MCAR,Mean,AYEFCWQ,05,98.57142857142858,98.57142857142858,100.0,99.28057553956835
MCAR,Mean,AYEFCWQ,10,98.57142857142858,98.57142857142858,100.0,99.28057553956835
MCAR,Mean,AYEFCWQ,15,97.1830985915493,97.1830985915493,100.0,98.57142857142858
MCAR,Mean,AYEFCWQ,20,95.83333333333334,95.83333333333334,100.0,97.87234042553192
MCAR,Mean,AYEFCWQ,25,94.52054794520548,94.52054794520548,100.0,97.1830985915493
MCAR,Mean,AMV7EQF,05,93.22033898305084,96.49122807017544,96.49122807017544,96.49122807017544
MCAR,Mean,AMV7EQF,10,88.52459016393442,93.10344827586206,94.73684210526315,93.91304347826087
MCAR,Mean,AMV7EQF,15,83.87096774193549,91.22807017543859,91.22807017543859,91.22807017543859
MCAR,Mean,AMV7EQF,20,76.92307692307693,86.20689655172413,87.71929824561403,86.95652173913044
MCAR,Mean,AMV7EQF,25,67.64705882352942,80.7017543859649,80.7017543859649,80.7017543859649
MCAR,Mean,AZIK4ZA,05,89.23076923076924,96.66666666666667,92.06349206349206,94.3089430894309
MCAR,Mean,AZIK4ZA,10,85.07462686567165,93.44262295081968,90.47619047619048,91.93548387096774
MCAR,Mean,AZIK4ZA,15,75.32467532467533,80.55555555555556,92.06349206349206,85.92592592592592
MCAR,Mean,AZIK4ZA,20,70.73170731707317,75.32467532467533,92.06349206349206,82.85714285714286
MCAR,Mean,AZIK4ZA,25,66.66666666666666,72.72727272727273,88.88888888888889,80.0
MCAR,Mean,AJWW3IY,05,98.64864864864865,99.31972789115646,99.31972789115646,99.31972789115646
MCAR,Mean,AJWW3IY,10,98.64864864864865,99.31972789115646,99.31972789115646,99.31972789115646
MCAR,Mean,AJWW3IY,15,98.64864864864865,99.31972789115646,99.31972789115646,99.31972789115646
MCAR,Mean,AJWW3IY,20,97.31543624161074,98.63945578231292,98.63945578231292,98.63945578231292
MCAR,Mean,AJWW3IY,25,96.66666666666667,97.97297297297297,98.63945578231292,98.3050847457627
MCAR,Mean,AX6281V,05,93.05555555555556,100.0,93.05555555555556,96.40287769784173
MCAR,Mean,AX6281V,10,85.33333333333334,95.52238805970148,88.88888888888889,92.08633093525178
MCAR,Mean,AX6281V,15,82.27848101265823,90.27777777777779,90.27777777777779,90.27777777777779
MCAR,Mean,AX6281V,20,74.71264367816092,81.25,90.27777777777779,85.52631578947368
MCAR,Mean,AX6281V,25,79.26829268292683,86.66666666666667,90.27777777777779,88.43537414965988
MCAR,Mean,AYWIEKR,05,89.38053097345133,89.38053097345133,100.0,94.39252336448598
MCAR,Mean,AYWIEKR,10,90.990990990991,90.990990990991,100.0,95.28301886792453
MCAR,Mean,AYWIEKR,15,92.66055045871559,92.66055045871559,100.0,96.19047619047619
MCAR,Mean,AYWIEKR,20,88.49557522123894,89.28571428571429,99.00990099009901,93.89671361502347
MCAR,Mean,AYWIEKR,25,87.61061946902655,89.1891891891892,98.01980198019803,93.39622641509435
MCAR,Mean,ATHKM6V,05,90.47619047619048,90.47619047619048,100.0,95.0
MCAR,Mean,ATHKM6V,10,90.47619047619048,90.47619047619048,100.0,95.0
MCAR,Mean,ATHKM6V,15,82.6086956521739,82.6086956521739,100.0,90.47619047619047
MCAR,Mean,ATHKM6V,20,79.16666666666666,79.16666666666666,100.0,88.37209302325581
MCAR,Mean,ATHKM6V,25,84.44444444444444,84.44444444444444,100.0,91.56626506024097
MCAR,Mean,AFPB8J2,05,95.14563106796116,95.14563106796116,100.0,97.51243781094527
MCAR,Mean,AFPB8J2,10,82.6086956521739,84.82142857142857,96.93877551020408,90.47619047619048
MCAR,Mean,AFPB8J2,15,72.65625,75.60975609756098,94.89795918367348,84.16289592760182
MCAR,Mean,AFPB8J2,20,67.91044776119402,71.65354330708661,92.85714285714286,80.88888888888889
MCAR,Mean,AFPB8J2,25,64.28571428571429,68.18181818181817,91.83673469387756,78.26086956521739
MCAR,Mean,A0VFT1N,05,98.0,98.0,100.0,98.98989898989899
MCAR,Mean,A0VFT1N,10,93.06930693069307,96.90721649484536,95.91836734693877,96.4102564102564
MCAR,Mean,A0VFT1N,15,94.11764705882352,96.0,97.95918367346938,96.96969696969697
MCAR,Mean,A0VFT1N,20,92.15686274509804,95.91836734693877,95.91836734693877,95.91836734693877
MCAR,Mean,A0VFT1N,25,92.15686274509804,95.91836734693877,95.91836734693877,95.91836734693877
MCAR,Mean,AURCTAK,05,94.11764705882352,96.0,97.95918367346938,96.96969696969697
MCAR,Mean,AURCTAK,10,90.38461538461539,94.0,95.91836734693877,94.94949494949495
MCAR,Mean,AURCTAK,15,90.38461538461539,94.0,95.91836734693877,94.94949494949495
MCAR,Mean,AURCTAK,20,88.46153846153845,93.87755102040816,93.87755102040816,93.87755102040816
MCAR,Mean,AURCTAK,25,92.0,97.87234042553192,93.87755102040816,95.83333333333333
MCAR,Mean,A36HR6Y,05,56.25,56.25,100.0,72.0
MCAR,Mean,A36HR6Y,10,42.857142857142854,42.857142857142854,100.0,60.0
MCAR,Mean,A36HR6Y,15,39.130434782608695,39.130434782608695,100.0,56.25
MCAR,Mean,A36HR6Y,20,36.0,36.0,100.0,52.94117647058824
MCAR,Mean,A36HR6Y,25,32.142857142857146,32.142857142857146,100.0,48.64864864864865
MCAR,Mean,A4E0D03,05,86.66666666666667,94.54545454545455,91.22807017543859,92.85714285714285
MCAR,Mean,A4E0D03,10,75.38461538461539,85.96491228070175,85.96491228070175,85.96491228070175
MCAR,Mean,A4E0D03,15,59.210526315789465,70.3125,78.94736842105263,74.3801652892562
MCAR,Mean,A4E0D03,20,55.12820512820513,67.1875,75.43859649122807,71.07438016528924
MCAR,Mean,A4E0D03,25,61.33333333333333,71.875,80.7017543859649,76.03305785123968
MCAR,Mean,AJMQUVV,05,75.5813953488372,89.04109589041096,83.33333333333334,86.09271523178808
MCAR,Mean,AJMQUVV,10,61.29032258064516,79.16666666666666,73.07692307692307,76.0
MCAR,Mean,AJMQUVV,15,58.333333333333336,75.67567567567568,71.7948717948718,73.6842105263158
MCAR,Mean,AJMQUVV,20,48.484848484848484,69.56521739130434,61.53846153846154,65.3061224489796
MCAR,Mean,AJMQUVV,25,46.07843137254902,66.19718309859155,60.256410256410255,63.08724832214764
MCAR,Mean,A4G0044,05,100.0,100.0,100.0,100.0
MCAR,Mean,A4G0044,10,97.53086419753086,98.75,98.75,98.75
MCAR,Mean,A4G0044,15,100.0,100.0,100.0,100.0
MCAR,Mean,A4G0044,20,97.53086419753086,98.75,98.75,98.75
MCAR,Mean,A4G0044,25,97.53086419753086,98.75,98.75,98.75
MCAR,Mean,AIFDJZB,05,93.54838709677419,93.54838709677419,100.0,96.66666666666666
MCAR,Mean,AIFDJZB,10,93.54838709677419,93.54838709677419,100.0,96.66666666666666
MCAR,Mean,AIFDJZB,15,86.20689655172413,100.0,86.20689655172413,92.5925925925926
MCAR,Mean,AIFDJZB,20,93.10344827586206,100.0,93.10344827586206,96.42857142857143
MCAR,Mean,AIFDJZB,25,86.20689655172413,100.0,86.20689655172413,92.5925925925926
MCAR,Mean,AQC0L71,05,97.36842105263158,100.0,97.36842105263158,98.66666666666666
MCAR,Mean,AQC0L71,10,94.73684210526315,100.0,94.73684210526315,97.2972972972973
MCAR,Mean,AQC0L71,15,92.10526315789474,100.0,92.10526315789474,95.8904109589041
MCAR,Mean,AQC0L71,20,84.21052631578947,100.0,84.21052631578947,91.42857142857143
MCAR,Mean,AQC0L71,25,68.42105263157895,100.0,68.42105263157895,81.25000000000001
MCAR,Mean,A7EM0B6,05,100.0,100.0,100.0,100.0
MCAR,Mean,A7EM0B6,10,88.23529411764706,90.9090909090909,96.7741935483871,93.74999999999999
MCAR,Mean,A7EM0B6,15,82.85714285714286,87.87878787878788,93.54838709677419,90.625
MCAR,Mean,A7EM0B6,20,78.94736842105263,81.08108108108108,96.7741935483871,88.23529411764706
MCAR,Mean,A7EM0B6,25,70.73170731707317,74.35897435897436,93.54838709677419,82.85714285714285
MCAR,LR,A1ZJ41O,05,100.0,100.0,100.0,100.0
MCAR,LR,A1ZJ41O,10,100.0,100.0,100.0,100.0
MCAR,LR,A1ZJ41O,15,100.0,100.0,100.0,100.0
MCAR,LR,A1ZJ41O,20,100.0,100.0,100.0,100.0
MCAR,LR,A1ZJ41O,25,100.0,100.0,100.0,100.0
MCAR,LR,AKXN5ZZ,05,99.10313901345292,100.0,99.10313901345292,99.54954954954954
MCAR,LR,AKXN5ZZ,10,97.37991266375546,97.37991266375546,100.0,98.67256637168141
MCAR,LR,AKXN5ZZ,15,96.47577092511013,98.20627802690582,98.20627802690582,98.20627802690582
MCAR,LR,AKXN5ZZ,20,98.21428571428571,99.5475113122172,98.65470852017937,99.09909909909909
MCAR,LR,AKXN5ZZ,25,96.875,99.54128440366972,97.30941704035875,98.4126984126984
MCAR,LR,AAXAA7Z,05,100.0,100.0,100.0,100.0
MCAR,LR,AAXAA7Z,10,99.1304347826087,99.1304347826087,100.0,99.56331877729258
MCAR,LR,AAXAA7Z,15,99.1304347826087,99.1304347826087,100.0,99.56331877729258
MCAR,LR,AAXAA7Z,20,100.0,100.0,100.0,100.0
MCAR,LR,AAXAA7Z,25,100.0,100.0,100.0,100.0
MCAR,LR,AA2KP1S,05,91.42857142857143,95.52238805970148,95.52238805970148,95.52238805970148
MCAR,LR,AA2KP1S,10,83.56164383561644,91.04477611940298,91.04477611940298,91.04477611940298
MCAR,LR,AA2KP1S,15,84.50704225352112,93.75,89.55223880597015,91.60305343511452
MCAR,LR,AA2KP1S,20,89.85507246376811,96.875,92.53731343283582,94.65648854961832
MCAR,LR,AA2KP1S,25,88.57142857142857,95.38461538461539,92.53731343283582,93.93939393939394
MCAR,LR,APGIB2T,05,97.46835443037975,98.71794871794873,98.71794871794873,98.71794871794873
MCAR,LR,APGIB2T,10,97.43589743589743,100.0,97.43589743589743,98.7012987012987
MCAR,LR,APGIB2T,15,96.15384615384616,100.0,96.15384615384616,98.0392156862745
MCAR,LR,APGIB2T,20,96.15384615384616,100.0,96.15384615384616,98.0392156862745
MCAR,LR,APGIB2T,25,93.58974358974359,100.0,93.58974358974359,96.68874172185431
MCAR,LR,AHYIJDV,05,93.02325581395348,93.02325581395348,100.0,96.3855421686747
MCAR,LR,AHYIJDV,10,88.37209302325581,92.6829268292683,95.0,93.82716049382715
MCAR,LR,AHYIJDV,15,90.69767441860465,92.85714285714286,97.5,95.1219512195122
MCAR,LR,AHYIJDV,20,88.63636363636364,90.69767441860465,97.5,93.97590361445783
MCAR,LR,AHYIJDV,25,86.66666666666667,88.63636363636364,97.5,92.85714285714285
MCAR,LR,ASFODQR,05,100.0,100.0,100.0,100.0
MCAR,LR,ASFODQR,10,100.0,100.0,100.0,100.0
MCAR,LR,ASFODQR,15,100.0,100.0,100.0,100.0
MCAR,LR,ASFODQR,20,100.0,100.0,100.0,100.0
MCAR,LR,ASFODQR,25,100.0,100.0,100.0,100.0
MCAR,LR,AUY8KYW,05,96.15384615384616,98.0392156862745,98.0392156862745,98.0392156862745
MCAR,LR,AUY8KYW,10,96.07843137254902,100.0,96.07843137254902,98.0
MCAR,LR,AUY8KYW,15,96.07843137254902,100.0,96.07843137254902,98.0
MCAR,LR,AUY8KYW,20,92.15686274509804,100.0,92.15686274509804,95.91836734693878
MCAR,LR,AUY8KYW,25,90.19607843137256,100.0,90.19607843137256,94.84536082474227
MCAR,LR,A3OU183,05,88.88888888888889,94.11764705882352,94.11764705882352,94.11764705882352
MCAR,LR,A3OU183,10,88.88888888888889,94.11764705882352,94.11764705882352,94.11764705882352
MCAR,LR,A3OU183,15,84.93150684931507,92.53731343283582,91.17647058823529,91.85185185185185
MCAR,LR,A3OU183,20,83.56164383561644,92.42424242424242,89.70588235294117,91.04477611940298
MCAR,LR,A3OU183,25,80.26315789473685,88.40579710144928,89.70588235294117,89.05109489051095
MCAR,LR,AOYM4KG,05,95.16129032258065,98.33333333333333,96.72131147540983,97.52066115702478
MCAR,LR,AOYM4KG,10,90.32258064516128,98.24561403508771,91.80327868852459,94.91525423728812
MCAR,LR,AOYM4KG,15,87.3015873015873,96.49122807017544,90.1639344262295,93.22033898305084
MCAR,LR,AOYM4KG,20,82.25806451612904,98.07692307692307,83.60655737704919,90.26548672566372
MCAR,LR,AOYM4KG,25,80.95238095238095,96.22641509433963,83.60655737704919,89.47368421052632
MCAR,LR,AV2GF3B,05,100.0,100.0,100.0,100.0
MCAR,LR,AV2GF3B,10,98.9795918367347,100.0,98.9795918367347,99.48717948717947
MCAR,LR,AV2GF3B,15,98.9795918367347,100.0,98.9795918367347,99.48717948717947
MCAR,LR,AV2GF3B,20,97.95918367346938,100.0,97.95918367346938,98.96907216494846
MCAR,LR,AV2GF3B,25,97.95918367346938,100.0,97.95918367346938,98.96907216494846
MCAR,LR,A0NVTRV,05,96.36363636363636,98.14814814814815,98.14814814814815,98.14814814814815
MCAR,LR,A0NVTRV,10,96.36363636363636,98.14814814814815,98.14814814814815,98.14814814814815
MCAR,LR,A0NVTRV,15,96.36363636363636,98.14814814814815,98.14814814814815,98.14814814814815
MCAR,LR,A0NVTRV,20,96.36363636363636,98.14814814814815,98.14814814814815,98.14814814814815
MCAR,LR,A0NVTRV,25,96.36363636363636,98.14814814814815,98.14814814814815,98.14814814814815
MCAR,LR,A1K5DRI,05,97.77777777777777,97.77777777777777,100.0,98.87640449438202
MCAR,LR,A1K5DRI,10,97.77777777777777,97.77777777777777,100.0,98.87640449438202
MCAR,LR,A1K5DRI,15,97.77777777777777,97.77777777777777,100.0,98.87640449438202
MCAR,LR,A1K5DRI,20,97.77777777777777,97.77777777777777,100.0,98.87640449438202
MCAR,LR,A1K5DRI,25,100.0,100.0,100.0,100.0
MCAR,LR,AYEFCWQ,05,100.0,100.0,100.0,100.0
MCAR,LR,AYEFCWQ,10,100.0,100.0,100.0,100.0
MCAR,LR,AYEFCWQ,15,100.0,100.0,100.0,100.0
MCAR,LR,AYEFCWQ,20,100.0,100.0,100.0,100.0
MCAR,LR,AYEFCWQ,25,100.0,100.0,100.0,100.0
MCAR,LR,AMV7EQF,05,96.55172413793103,98.24561403508771,98.24561403508771,98.24561403508771
MCAR,LR,AMV7EQF,10,98.27586206896551,98.27586206896551,100.0,99.13043478260869
MCAR,LR,AMV7EQF,15,96.55172413793103,98.24561403508771,98.24561403508771,98.24561403508771
MCAR,LR,AMV7EQF,20,93.22033898305084,96.49122807017544,96.49122807017544,96.49122807017544
MCAR,LR,AMV7EQF,25,93.22033898305084,96.49122807017544,96.49122807017544,96.49122807017544
MCAR,LR,AZIK4ZA,05,93.75,98.36065573770492,95.23809523809523,96.77419354838709
MCAR,LR,AZIK4ZA,10,92.06349206349206,100.0,92.06349206349206,95.86776859504133
MCAR,LR,AZIK4ZA,15,89.0625,98.27586206896551,90.47619047619048,94.21487603305785
MCAR,LR,AZIK4ZA,20,87.6923076923077,96.61016949152543,90.47619047619048,93.44262295081968
MCAR,LR,AZIK4ZA,25,89.55223880597015,93.75,95.23809523809523,94.48818897637796
MCAR,LR,AJWW3IY,05,99.32432432432432,99.32432432432432,100.0,99.66101694915254
MCAR,LR,AJWW3IY,10,99.32432432432432,99.32432432432432,100.0,99.66101694915254
MCAR,LR,AJWW3IY,15,100.0,100.0,100.0,100.0
MCAR,LR,AJWW3IY,20,98.64864864864865,99.31972789115646,99.31972789115646,99.31972789115646
MCAR,LR,AJWW3IY,25,98.64864864864865,99.31972789115646,99.31972789115646,99.31972789115646
MCAR,LR,AX6281V,05,89.47368421052632,94.44444444444444,94.44444444444444,94.44444444444444
MCAR,LR,AX6281V,10,85.52631578947368,94.20289855072464,90.27777777777779,92.19858156028369
MCAR,LR,AX6281V,15,88.1578947368421,94.36619718309859,93.05555555555556,93.70629370629372
MCAR,LR,AX6281V,20,88.0,95.65217391304348,91.66666666666666,93.61702127659574
MCAR,LR,AX6281V,25,87.67123287671232,98.46153846153847,88.88888888888889,93.43065693430657
MCAR,LR,AYWIEKR,05,97.0873786407767,98.0392156862745,99.00990099009901,98.52216748768473
MCAR,LR,AYWIEKR,10,99.00990099009901,100.0,99.00990099009901,99.50248756218906
MCAR,LR,AYWIEKR,15,99.00990099009901,100.0,99.00990099009901,99.50248756218906
MCAR,LR,AYWIEKR,20,97.05882352941177,99.0,98.01980198019803,98.50746268656717
MCAR,LR,AYWIEKR,25,98.01980198019803,100.0,98.01980198019803,99.0
MCAR,LR,ATHKM6V,05,92.6829268292683,92.6829268292683,100.0,96.20253164556964
MCAR,LR,ATHKM6V,10,92.6829268292683,92.6829268292683,100.0,96.20253164556964
MCAR,LR,ATHKM6V,15,90.47619047619048,90.47619047619048,100.0,95.0
MCAR,LR,ATHKM6V,20,92.6829268292683,92.6829268292683,100.0,96.20253164556964
MCAR,LR,ATHKM6V,25,90.47619047619048,90.47619047619048,100.0,95.0
MCAR,LR,AFPB8J2,05,98.98989898989899,98.98989898989899,100.0,99.49238578680203
MCAR,LR,AFPB8J2,10,96.96969696969697,98.96907216494846,97.95918367346938,98.46153846153847
MCAR,LR,AFPB8J2,15,96.96969696969697,98.96907216494846,97.95918367346938,98.46153846153847
MCAR,LR,AFPB8J2,20,100.0,100.0,100.0,100.0
MCAR,LR,AFPB8J2,25,97.95918367346938,100.0,97.95918367346938,98.96907216494846
MCAR,LR,A0VFT1N,05,100.0,100.0,100.0,100.0
MCAR,LR,A0VFT1N,10,98.98989898989899,98.98989898989899,100.0,99.49238578680203
MCAR,LR,A0VFT1N,15,98.0,98.0,100.0,98.98989898989899
MCAR,LR,A0VFT1N,20,98.0,98.0,100.0,98.98989898989899
MCAR,LR,A0VFT1N,25,98.0,98.0,100.0,98.98989898989899
MCAR,LR,AURCTAK,05,94.11764705882352,96.0,97.95918367346938,96.96969696969697
MCAR,LR,AURCTAK,10,94.11764705882352,96.0,97.95918367346938,96.96969696969697
MCAR,LR,AURCTAK,15,90.38461538461539,94.0,95.91836734693877,94.94949494949495
MCAR,LR,AURCTAK,20,90.38461538461539,94.0,95.91836734693877,94.94949494949495
MCAR,LR,AURCTAK,25,90.38461538461539,94.0,95.91836734693877,94.94949494949495
MCAR,LR,A36HR6Y,05,100.0,100.0,100.0,100.0
MCAR,LR,A36HR6Y,10,100.0,100.0,100.0,100.0
MCAR,LR,A36HR6Y,15,100.0,100.0,100.0,100.0
MCAR,LR,A36HR6Y,20,88.88888888888889,100.0,88.88888888888889,94.11764705882352
MCAR,LR,A36HR6Y,25,88.88888888888889,100.0,88.88888888888889,94.11764705882352
MCAR,LR,A4E0D03,05,91.52542372881356,96.42857142857143,94.73684210526315,95.57522123893804
MCAR,LR,A4E0D03,10,91.66666666666666,94.82758620689656,96.49122807017544,95.65217391304347
MCAR,LR,A4E0D03,15,98.27586206896551,98.27586206896551,100.0,99.13043478260869
MCAR,LR,A4E0D03,20,88.52459016393442,93.10344827586206,94.73684210526315,93.91304347826087
MCAR,LR,A4E0D03,25,83.87096774193549,91.22807017543859,91.22807017543859,91.22807017543859
MCAR,LR,AJMQUVV,05,93.82716049382715,96.20253164556962,97.43589743589743,96.81528662420382
MCAR,LR,AJMQUVV,10,86.04651162790698,90.2439024390244,94.87179487179486,92.5
MCAR,LR,AJMQUVV,15,81.60919540229885,88.75,91.02564102564102,89.87341772151898
MCAR,LR,AJMQUVV,20,70.96774193548387,81.48148148148148,84.61538461538461,83.0188679245283
MCAR,LR,AJMQUVV,25,68.08510638297872,80.0,82.05128205128204,81.0126582278481
MCAR,LR,A4G0044,05,97.53086419753086,98.75,98.75,98.75
MCAR,LR,A4G0044,10,97.53086419753086,98.75,98.75,98.75
MCAR,LR,A4G0044,15,92.7710843373494,96.25,96.25,96.25000000000001
MCAR,LR,A4G0044,20,92.7710843373494,96.25,96.25,96.25000000000001
MCAR,LR,A4G0044,25,90.47619047619048,95.0,95.0,95.0
MCAR,LR,AIFDJZB,05,96.66666666666667,96.66666666666667,100.0,98.3050847457627
MCAR,LR,AIFDJZB,10,96.66666666666667,96.66666666666667,100.0,98.3050847457627
MCAR,LR,AIFDJZB,15,96.66666666666667,96.66666666666667,100.0,98.3050847457627
MCAR,LR,AIFDJZB,20,96.66666666666667,96.66666666666667,100.0,98.3050847457627
MCAR,LR,AIFDJZB,25,100.0,100.0,100.0,100.0
MCAR,LR,AQC0L71,05,100.0,100.0,100.0,100.0
MCAR,LR,AQC0L71,10,97.36842105263158,100.0,97.36842105263158,98.66666666666666
MCAR,LR,AQC0L71,15,97.43589743589743,97.43589743589743,100.0,98.7012987012987
MCAR,LR,AQC0L71,20,97.36842105263158,100.0,97.36842105263158,98.66666666666666
MCAR,LR,AQC0L71,25,97.36842105263158,100.0,97.36842105263158,98.66666666666666
MCAR,LR,A7EM0B6,05,96.875,96.875,100.0,98.4126984126984
MCAR,LR,A7EM0B6,10,88.57142857142857,88.57142857142857,100.0,93.93939393939394
MCAR,LR,A7EM0B6,15,96.875,96.875,100.0,98.4126984126984
MCAR,LR,A7EM0B6,20,88.57142857142857,88.57142857142857,100.0,93.93939393939394
MCAR,LR,A7EM0B6,25,83.78378378378379,83.78378378378379,100.0,91.1764705882353
MCAR,HT,A1ZJ41O,05,100.0,100.0,100.0,100.0
MCAR,HT,A1ZJ41O,10,100.0,100.0,100.0,100.0
MCAR,HT,A1ZJ41O,15,100.0,100.0,100.0,100.0
MCAR,HT,A1ZJ41O,20,98.07692307692307,98.07692307692307,100.0,99.02912621359222
MCAR,HT,A1ZJ41O,25,98.07692307692307,98.07692307692307,100.0,99.02912621359222
MCAR,HT,AKXN5ZZ,05,98.65470852017937,100.0,98.65470852017937,99.32279909706546
MCAR,HT,AKXN5ZZ,10,97.77777777777777,99.09909909909909,98.65470852017937,98.87640449438202
MCAR,HT,AKXN5ZZ,15,96.0352422907489,98.1981981981982,97.75784753363229,97.97752808988766
MCAR,HT,AKXN5ZZ,20,99.11111111111111,99.11111111111111,100.0,99.55357142857144
MCAR,HT,AKXN5ZZ,25,96.875,99.54128440366972,97.30941704035875,98.4126984126984
MCAR,HT,AAXAA7Z,05,99.1304347826087,99.1304347826087,100.0,99.56331877729258
MCAR,HT,AAXAA7Z,10,100.0,100.0,100.0,100.0
MCAR,HT,AAXAA7Z,15,100.0,100.0,100.0,100.0
MCAR,HT,AAXAA7Z,20,98.26086956521739,99.12280701754386,99.12280701754386,99.12280701754386
MCAR,HT,AAXAA7Z,25,98.26086956521739,99.12280701754386,99.12280701754386,99.12280701754386
MCAR,HT,AA2KP1S,05,94.11764705882352,98.46153846153847,95.52238805970148,96.96969696969695
MCAR,HT,AA2KP1S,10,94.02985074626866,100.0,94.02985074626866,96.92307692307692
MCAR,HT,AA2KP1S,15,91.42857142857143,95.52238805970148,95.52238805970148,95.52238805970148
MCAR,HT,AA2KP1S,20,94.02985074626866,100.0,94.02985074626866,96.92307692307692
MCAR,HT,AA2KP1S,25,90.14084507042254,94.11764705882352,95.52238805970148,94.81481481481482
MCAR,HT,APGIB2T,05,95.0,97.43589743589743,97.43589743589743,97.43589743589743
MCAR,HT,APGIB2T,10,96.20253164556962,98.7012987012987,97.43589743589743,98.06451612903226
MCAR,HT,APGIB2T,15,93.75,97.40259740259741,96.15384615384616,96.7741935483871
MCAR,HT,APGIB2T,20,93.58974358974359,100.0,93.58974358974359,96.68874172185431
MCAR,HT,APGIB2T,25,91.02564102564102,100.0,91.02564102564102,95.3020134228188
MCAR,HT,AHYIJDV,05,95.1219512195122,97.5,97.5,97.5
MCAR,HT,AHYIJDV,10,86.36363636363636,90.47619047619048,95.0,92.68292682926828
MCAR,HT,AHYIJDV,15,88.37209302325581,92.6829268292683,95.0,93.82716049382715
MCAR,HT,AHYIJDV,20,84.78260869565217,86.66666666666667,97.5,91.76470588235294
MCAR,HT,AHYIJDV,25,82.6086956521739,86.36363636363636,95.0,90.47619047619048
MCAR,HT,ASFODQR,05,100.0,100.0,100.0,100.0
MCAR,HT,ASFODQR,10,100.0,100.0,100.0,100.0
MCAR,HT,ASFODQR,15,98.18181818181819,99.08256880733946,99.08256880733946,99.08256880733946
MCAR,HT,ASFODQR,20,96.3963963963964,98.1651376146789,98.1651376146789,98.1651376146789
MCAR,HT,ASFODQR,25,98.18181818181819,99.08256880733946,99.08256880733946,99.08256880733946
MCAR,HT,AUY8KYW,05,96.15384615384616,98.0392156862745,98.0392156862745,98.0392156862745
MCAR,HT,AUY8KYW,10,96.07843137254902,100.0,96.07843137254902,98.0
MCAR,HT,AUY8KYW,15,96.07843137254902,100.0,96.07843137254902,98.0
MCAR,HT,AUY8KYW,20,88.88888888888889,94.11764705882352,94.11764705882352,94.11764705882352
MCAR,HT,AUY8KYW,25,90.38461538461539,97.91666666666666,92.15686274509804,94.94949494949493
MCAR,HT,A3OU183,05,88.88888888888889,94.11764705882352,94.11764705882352,94.11764705882352
MCAR,HT,A3OU183,10,88.88888888888889,94.11764705882352,94.11764705882352,94.11764705882352
MCAR,HT,A3OU183,15,85.13513513513513,91.30434782608695,92.64705882352942,91.97080291970804
MCAR,HT,A3OU183,20,81.57894736842105,88.57142857142857,91.17647058823529,89.85507246376811
MCAR,HT,A3OU183,25,81.33333333333333,89.70588235294117,89.70588235294117,89.70588235294117
MCAR,HT,AOYM4KG,05,96.72131147540983,100.0,96.72131147540983,98.33333333333333
MCAR,HT,AOYM4KG,10,90.1639344262295,100.0,90.1639344262295,94.82758620689656
MCAR,HT,AOYM4KG,15,85.48387096774194,98.14814814814815,86.88524590163934,92.17391304347827
MCAR,HT,AOYM4KG,20,83.87096774193549,98.11320754716981,85.24590163934425,91.2280701754386
MCAR,HT,AOYM4KG,25,76.5625,94.23076923076923,80.32786885245902,86.72566371681415
MCAR,HT,AV2GF3B,05,98.9795918367347,100.0,98.9795918367347,99.48717948717947
MCAR,HT,AV2GF3B,10,97.95918367346938,100.0,97.95918367346938,98.96907216494846
MCAR,HT,AV2GF3B,15,97.95918367346938,100.0,97.95918367346938,98.96907216494846
MCAR,HT,AV2GF3B,20,96.93877551020408,100.0,96.93877551020408,98.44559585492229
MCAR,HT,AV2GF3B,25,97.95918367346938,100.0,97.95918367346938,98.96907216494846
MCAR,HT,A0NVTRV,05,96.36363636363636,98.14814814814815,98.14814814814815,98.14814814814815
MCAR,HT,A0NVTRV,10,96.36363636363636,98.14814814814815,98.14814814814815,98.14814814814815
MCAR,HT,A0NVTRV,15,96.36363636363636,98.14814814814815,98.14814814814815,98.14814814814815
MCAR,HT,A0NVTRV,20,96.36363636363636,98.14814814814815,98.14814814814815,98.14814814814815
MCAR,HT,A0NVTRV,25,96.36363636363636,98.14814814814815,98.14814814814815,98.14814814814815
MCAR,HT,A1K5DRI,05,100.0,100.0,100.0,100.0
MCAR,HT,A1K5DRI,10,97.77777777777777,97.77777777777777,100.0,98.87640449438202
MCAR,HT,A1K5DRI,15,97.77777777777777,97.77777777777777,100.0,98.87640449438202
MCAR,HT,A1K5DRI,20,100.0,100.0,100.0,100.0
MCAR,HT,A1K5DRI,25,100.0,100.0,100.0,100.0
MCAR,HT,AYEFCWQ,05,100.0,100.0,100.0,100.0
MCAR,HT,AYEFCWQ,10,100.0,100.0,100.0,100.0
MCAR,HT,AYEFCWQ,15,100.0,100.0,100.0,100.0
MCAR,HT,AYEFCWQ,20,100.0,100.0,100.0,100.0
MCAR,HT,AYEFCWQ,25,100.0,100.0,100.0,100.0
MCAR,HT,AMV7EQF,05,98.27586206896551,98.27586206896551,100.0,99.13043478260869
MCAR,HT,AMV7EQF,10,96.55172413793103,98.24561403508771,98.24561403508771,98.24561403508771
MCAR,HT,AMV7EQF,15,96.55172413793103,98.24561403508771,98.24561403508771,98.24561403508771
MCAR,HT,AMV7EQF,20,98.27586206896551,98.27586206896551,100.0,99.13043478260869
MCAR,HT,AMV7EQF,25,93.22033898305084,96.49122807017544,96.49122807017544,96.49122807017544
MCAR,HT,AZIK4ZA,05,98.4126984126984,100.0,98.4126984126984,99.19999999999999
MCAR,HT,AZIK4ZA,10,92.1875,98.33333333333333,93.65079365079364,95.93495934959351
MCAR,HT,AZIK4ZA,15,92.3076923076923,96.7741935483871,95.23809523809523,96.0
MCAR,HT,AZIK4ZA,20,88.23529411764706,92.3076923076923,95.23809523809523,93.75
MCAR,HT,AZIK4ZA,25,91.04477611940298,93.84615384615384,96.82539682539682,95.3125
MCAR,HT,AJWW3IY,05,100.0,100.0,100.0,100.0
MCAR,HT,AJWW3IY,10,98.64864864864865,99.31972789115646,99.31972789115646,99.31972789115646
MCAR,HT,AJWW3IY,15,100.0,100.0,100.0,100.0
MCAR,HT,AJWW3IY,20,100.0,100.0,100.0,100.0
MCAR,HT,AJWW3IY,25,98.64864864864865,99.31972789115646,99.31972789115646,99.31972789115646
MCAR,HT,AX6281V,05,97.26027397260275,98.61111111111111,98.61111111111111,98.61111111111111
MCAR,HT,AX6281V,10,90.78947368421053,94.52054794520548,95.83333333333334,95.17241379310344
MCAR,HT,AX6281V,15,90.66666666666666,95.77464788732394,94.44444444444444,95.1048951048951
MCAR,HT,AX6281V,20,85.36585365853658,87.5,97.22222222222221,92.10526315789474
MCAR,HT,AX6281V,25,90.78947368421053,94.52054794520548,95.83333333333334,95.17241379310344
MCAR,HT,AYWIEKR,05,95.1923076923077,97.05882352941177,98.01980198019803,97.53694581280787
MCAR,HT,AYWIEKR,10,98.01980198019803,100.0,98.01980198019803,99.0
MCAR,HT,AYWIEKR,15,97.05882352941177,99.0,98.01980198019803,98.50746268656717
MCAR,HT,AYWIEKR,20,98.0392156862745,99.00990099009901,99.00990099009901,99.00990099009901
MCAR,HT,AYWIEKR,25,98.0392156862745,99.00990099009901,99.00990099009901,99.00990099009901
MCAR,HT,ATHKM6V,05,97.43589743589743,97.43589743589743,100.0,98.7012987012987
MCAR,HT,ATHKM6V,10,92.6829268292683,92.6829268292683,100.0,96.20253164556964
MCAR,HT,ATHKM6V,15,90.47619047619048,90.47619047619048,100.0,95.0
MCAR,HT,ATHKM6V,20,92.6829268292683,92.6829268292683,100.0,96.20253164556964
MCAR,HT,ATHKM6V,25,92.6829268292683,92.6829268292683,100.0,96.20253164556964
MCAR,HT,AFPB8J2,05,100.0,100.0,100.0,100.0
MCAR,HT,AFPB8J2,10,96.96969696969697,98.96907216494846,97.95918367346938,98.46153846153847
MCAR,HT,AFPB8J2,15,97.95918367346938,100.0,97.95918367346938,98.96907216494846
MCAR,HT,AFPB8J2,20,98.9795918367347,100.0,98.9795918367347,99.48717948717947
MCAR,HT,AFPB8J2,25,96.93877551020408,100.0,96.93877551020408,98.44559585492229
MCAR,HT,A0VFT1N,05,100.0,100.0,100.0,100.0
MCAR,HT,A0VFT1N,10,98.98989898989899,98.98989898989899,100.0,99.49238578680203
MCAR,HT,A0VFT1N,15,98.0,98.0,100.0,98.98989898989899
MCAR,HT,A0VFT1N,20,98.0,98.0,100.0,98.98989898989899
MCAR,HT,A0VFT1N,25,98.0,98.0,100.0,98.98989898989899
MCAR,HT,AURCTAK,05,94.11764705882352,96.0,97.95918367346938,96.96969696969697
MCAR,HT,AURCTAK,10,96.0,97.95918367346938,97.95918367346938,97.95918367346938
MCAR,HT,AURCTAK,15,92.15686274509804,95.91836734693877,95.91836734693877,95.91836734693877
MCAR,HT,AURCTAK,20,90.19607843137256,95.83333333333334,93.87755102040816,94.84536082474227
MCAR,HT,AURCTAK,25,92.15686274509804,95.91836734693877,95.91836734693877,95.91836734693877
MCAR,HT,A36HR6Y,05,100.0,100.0,100.0,100.0
MCAR,HT,A36HR6Y,10,100.0,100.0,100.0,100.0
MCAR,HT,A36HR6Y,15,100.0,100.0,100.0,100.0
MCAR,HT,A36HR6Y,20,100.0,100.0,100.0,100.0
MCAR,HT,A36HR6Y,25,100.0,100.0,100.0,100.0
MCAR,HT,A4E0D03,05,94.73684210526315,100.0,94.73684210526315,97.2972972972973
MCAR,HT,A4E0D03,10,93.22033898305084,96.49122807017544,96.49122807017544,96.49122807017544
MCAR,HT,A4E0D03,15,89.83050847457628,96.36363636363636,92.98245614035088,94.64285714285715
MCAR,HT,A4E0D03,20,86.4406779661017,96.22641509433963,89.47368421052632,92.72727272727272
MCAR,HT,A4E0D03,25,77.41935483870968,90.56603773584906,84.21052631578947,87.27272727272727
MCAR,HT,AJMQUVV,05,86.74698795180723,93.5064935064935,92.3076923076923,92.90322580645162
MCAR,HT,AJMQUVV,10,88.09523809523809,92.5,94.87179487179486,93.67088607594937
MCAR,HT,AJMQUVV,15,92.6829268292683,95.0,97.43589743589743,96.20253164556962
MCAR,HT,AJMQUVV,20,73.33333333333333,84.61538461538461,84.61538461538461,84.61538461538461
MCAR,HT,AJMQUVV,25,71.73913043478261,82.5,84.61538461538461,83.54430379746836
MCAR,HT,A4G0044,05,100.0,100.0,100.0,100.0
MCAR,HT,A4G0044,10,100.0,100.0,100.0,100.0
MCAR,HT,A4G0044,15,97.53086419753086,98.75,98.75,98.75
MCAR,HT,A4G0044,20,97.53086419753086,98.75,98.75,98.75
MCAR,HT,A4G0044,25,92.7710843373494,96.25,96.25,96.25000000000001
MCAR,HT,AIFDJZB,05,96.55172413793103,100.0,96.55172413793103,98.24561403508771
MCAR,HT,AIFDJZB,10,96.66666666666667,96.66666666666667,100.0,98.3050847457627
MCAR,HT,AIFDJZB,15,96.55172413793103,100.0,96.55172413793103,98.24561403508771
MCAR,HT,AIFDJZB,20,93.10344827586206,100.0,93.10344827586206,96.42857142857143
MCAR,HT,AIFDJZB,25,96.55172413793103,100.0,96.55172413793103,98.24561403508771
MCAR,HT,AQC0L71,05,100.0,100.0,100.0,100.0
MCAR,HT,AQC0L71,10,94.73684210526315,100.0,94.73684210526315,97.2972972972973
MCAR,HT,AQC0L71,15,100.0,100.0,100.0,100.0
MCAR,HT,AQC0L71,20,94.73684210526315,100.0,94.73684210526315,97.2972972972973
MCAR,HT,AQC0L71,25,92.10526315789474,100.0,92.10526315789474,95.8904109589041
MCAR,HT,A7EM0B6,05,100.0,100.0,100.0,100.0
MCAR,HT,A7EM0B6,10,100.0,100.0,100.0,100.0
MCAR,HT,A7EM0B6,15,96.7741935483871,100.0,96.7741935483871,98.36065573770492
MCAR,HT,A7EM0B6,20,96.7741935483871,100.0,96.7741935483871,98.36065573770492
MCAR,HT,A7EM0B6,25,93.93939393939394,93.93939393939394,100.0,96.875
MCAR,HAT,A1ZJ41O,05,100.0,100.0,100.0,100.0
MCAR,HAT,A1ZJ41O,10,100.0,100.0,100.0,100.0
MCAR,HAT,A1ZJ41O,15,98.07692307692307,98.07692307692307,100.0,99.02912621359222
MCAR,HAT,A1ZJ41O,20,98.07692307692307,98.07692307692307,100.0,99.02912621359222
MCAR,HAT,A1ZJ41O,25,96.22641509433963,96.22641509433963,100.0,98.07692307692307
MCAR,HAT,AKXN5ZZ,05,98.65470852017937,100.0,98.65470852017937,99.32279909706546
MCAR,HAT,AKXN5ZZ,10,97.34513274336283,98.65470852017937,98.65470852017937,98.65470852017937
MCAR,HAT,AKXN5ZZ,15,98.65470852017937,100.0,98.65470852017937,99.32279909706546
MCAR,HAT,AKXN5ZZ,20,94.49152542372882,94.49152542372882,100.0,97.1677559912854
MCAR,HAT,AKXN5ZZ,25,98.23788546255507,98.23788546255507,100.0,99.11111111111111
MCAR,HAT,AAXAA7Z,05,100.0,100.0,100.0,100.0
MCAR,HAT,AAXAA7Z,10,100.0,100.0,100.0,100.0
MCAR,HAT,AAXAA7Z,15,99.1304347826087,99.1304347826087,100.0,99.56331877729258
MCAR,HAT,AAXAA7Z,20,99.1304347826087,99.1304347826087,100.0,99.56331877729258
MCAR,HAT,AAXAA7Z,25,98.26086956521739,99.12280701754386,99.12280701754386,99.12280701754386
MCAR,HAT,AA2KP1S,05,91.42857142857143,95.52238805970148,95.52238805970148,95.52238805970148
MCAR,HAT,AA2KP1S,10,94.11764705882352,98.46153846153847,95.52238805970148,96.96969696969695
MCAR,HAT,AA2KP1S,15,91.17647058823529,98.4126984126984,92.53731343283582,95.38461538461537
MCAR,HAT,AA2KP1S,20,91.17647058823529,98.4126984126984,92.53731343283582,95.38461538461537
MCAR,HAT,AA2KP1S,25,88.23529411764706,98.36065573770492,89.55223880597015,93.75
MCAR,HAT,APGIB2T,05,100.0,100.0,100.0,100.0
MCAR,HAT,APGIB2T,10,97.43589743589743,100.0,97.43589743589743,98.7012987012987
MCAR,HAT,APGIB2T,15,96.15384615384616,100.0,96.15384615384616,98.0392156862745
MCAR,HAT,APGIB2T,20,96.15384615384616,100.0,96.15384615384616,98.0392156862745
MCAR,HAT,APGIB2T,25,96.15384615384616,100.0,96.15384615384616,98.0392156862745
MCAR,HAT,AHYIJDV,05,90.9090909090909,90.9090909090909,100.0,95.23809523809523
MCAR,HAT,AHYIJDV,10,82.6086956521739,86.36363636363636,95.0,90.47619047619048
MCAR,HAT,AHYIJDV,15,90.69767441860465,92.85714285714286,97.5,95.1219512195122
MCAR,HAT,AHYIJDV,20,88.63636363636364,90.69767441860465,97.5,93.97590361445783
MCAR,HAT,AHYIJDV,25,88.88888888888889,88.88888888888889,100.0,94.11764705882352
MCAR,HAT,ASFODQR,05,100.0,100.0,100.0,100.0
MCAR,HAT,ASFODQR,10,100.0,100.0,100.0,100.0
MCAR,HAT,ASFODQR,15,100.0,100.0,100.0,100.0
MCAR,HAT,ASFODQR,20,100.0,100.0,100.0,100.0
MCAR,HAT,ASFODQR,25,100.0,100.0,100.0,100.0
MCAR,HAT,AUY8KYW,05,92.45283018867924,96.07843137254902,96.07843137254902,96.07843137254902
MCAR,HAT,AUY8KYW,10,96.07843137254902,100.0,96.07843137254902,98.0
MCAR,HAT,AUY8KYW,15,94.33962264150944,96.15384615384616,98.0392156862745,97.0873786407767
MCAR,HAT,AUY8KYW,20,94.23076923076923,98.0,96.07843137254902,97.02970297029701
MCAR,HAT,AUY8KYW,25,96.07843137254902,100.0,96.07843137254902,98.0
MCAR,HAT,A3OU183,05,87.67123287671232,92.7536231884058,94.11764705882352,93.43065693430658
MCAR,HAT,A3OU183,10,88.88888888888889,94.11764705882352,94.11764705882352,94.11764705882352
MCAR,HAT,A3OU183,15,85.13513513513513,91.30434782608695,92.64705882352942,91.97080291970804
MCAR,HAT,A3OU183,20,84.21052631578947,88.88888888888889,94.11764705882352,91.42857142857143
MCAR,HAT,A3OU183,25,80.26315789473685,88.40579710144928,89.70588235294117,89.05109489051095
MCAR,HAT,AOYM4KG,05,96.72131147540983,100.0,96.72131147540983,98.33333333333333
MCAR,HAT,AOYM4KG,10,93.54838709677419,98.30508474576271,95.08196721311475,96.66666666666667
MCAR,HAT,AOYM4KG,15,91.80327868852459,100.0,91.80327868852459,95.72649572649571
MCAR,HAT,AOYM4KG,20,87.09677419354838,98.18181818181819,88.52459016393442,93.10344827586206
MCAR,HAT,AOYM4KG,25,85.48387096774194,98.14814814814815,86.88524590163934,92.17391304347827
MCAR,HAT,AV2GF3B,05,98.9795918367347,100.0,98.9795918367347,99.48717948717947
MCAR,HAT,AV2GF3B,10,98.9795918367347,100.0,98.9795918367347,99.48717948717947
MCAR,HAT,AV2GF3B,15,97.95918367346938,100.0,97.95918367346938,98.96907216494846
MCAR,HAT,AV2GF3B,20,97.95918367346938,100.0,97.95918367346938,98.96907216494846
MCAR,HAT,AV2GF3B,25,97.95918367346938,100.0,97.95918367346938,98.96907216494846
MCAR,HAT,A0NVTRV,05,96.36363636363636,98.14814814814815,98.14814814814815,98.14814814814815
MCAR,HAT,A0NVTRV,10,96.36363636363636,98.14814814814815,98.14814814814815,98.14814814814815
MCAR,HAT,A0NVTRV,15,96.36363636363636,98.14814814814815,98.14814814814815,98.14814814814815
MCAR,HAT,A0NVTRV,20,96.36363636363636,98.14814814814815,98.14814814814815,98.14814814814815
MCAR,HAT,A0NVTRV,25,96.36363636363636,98.14814814814815,98.14814814814815,98.14814814814815
MCAR,HAT,A1K5DRI,05,100.0,100.0,100.0,100.0
MCAR,HAT,A1K5DRI,10,97.77777777777777,97.77777777777777,100.0,98.87640449438202
MCAR,HAT,A1K5DRI,15,100.0,100.0,100.0,100.0
MCAR,HAT,A1K5DRI,20,100.0,100.0,100.0,100.0
MCAR,HAT,A1K5DRI,25,100.0,100.0,100.0,100.0
MCAR,HAT,AYEFCWQ,05,100.0,100.0,100.0,100.0
MCAR,HAT,AYEFCWQ,10,100.0,100.0,100.0,100.0
MCAR,HAT,AYEFCWQ,15,100.0,100.0,100.0,100.0
MCAR,HAT,AYEFCWQ,20,100.0,100.0,100.0,100.0
MCAR,HAT,AYEFCWQ,25,100.0,100.0,100.0,100.0
MCAR,HAT,AMV7EQF,05,96.55172413793103,98.24561403508771,98.24561403508771,98.24561403508771
MCAR,HAT,AMV7EQF,10,96.55172413793103,98.24561403508771,98.24561403508771,98.24561403508771
MCAR,HAT,AMV7EQF,15,96.55172413793103,98.24561403508771,98.24561403508771,98.24561403508771
MCAR,HAT,AMV7EQF,20,96.55172413793103,98.24561403508771,98.24561403508771,98.24561403508771
MCAR,HAT,AMV7EQF,25,96.55172413793103,98.24561403508771,98.24561403508771,98.24561403508771
MCAR,HAT,AZIK4ZA,05,96.82539682539682,100.0,96.82539682539682,98.38709677419354
MCAR,HAT,AZIK4ZA,10,92.06349206349206,100.0,92.06349206349206,95.86776859504133
MCAR,HAT,AZIK4ZA,15,90.47619047619048,100.0,90.47619047619048,95.0
MCAR,HAT,AZIK4ZA,20,93.65079365079364,100.0,93.65079365079364,96.72131147540983
MCAR,HAT,AZIK4ZA,25,93.65079365079364,100.0,93.65079365079364,96.72131147540983
MCAR,HAT,AJWW3IY,05,100.0,100.0,100.0,100.0
MCAR,HAT,AJWW3IY,10,99.32432432432432,99.32432432432432,100.0,99.66101694915254
MCAR,HAT,AJWW3IY,15,100.0,100.0,100.0,100.0
MCAR,HAT,AJWW3IY,20,100.0,100.0,100.0,100.0
MCAR,HAT,AJWW3IY,25,96.66666666666667,97.97297297297297,98.63945578231292,98.3050847457627
MCAR,HAT,AX6281V,05,94.52054794520548,98.57142857142858,95.83333333333334,97.1830985915493
MCAR,HAT,AX6281V,10,88.0,95.65217391304348,91.66666666666666,93.61702127659574
MCAR,HAT,AX6281V,15,90.54054054054053,97.10144927536231,93.05555555555556,95.0354609929078
MCAR,HAT,AX6281V,20,90.54054054054053,97.10144927536231,93.05555555555556,95.0354609929078
MCAR,HAT,AX6281V,25,80.82191780821918,98.33333333333333,81.94444444444444,89.3939393939394
MCAR,HAT,AYWIEKR,05,98.0392156862745,99.00990099009901,99.00990099009901,99.00990099009901
MCAR,HAT,AYWIEKR,10,99.01960784313727,99.01960784313727,100.0,99.50738916256158
MCAR,HAT,AYWIEKR,15,97.11538461538461,97.11538461538461,100.0,98.53658536585365
MCAR,HAT,AYWIEKR,20,100.0,100.0,100.0,100.0
MCAR,HAT,AYWIEKR,25,96.19047619047619,96.19047619047619,100.0,98.05825242718447
MCAR,HAT,ATHKM6V,05,97.43589743589743,97.43589743589743,100.0,98.7012987012987
MCAR,HAT,ATHKM6V,10,95.0,95.0,100.0,97.43589743589743
MCAR,HAT,ATHKM6V,15,92.6829268292683,92.6829268292683,100.0,96.20253164556964
MCAR,HAT,ATHKM6V,20,95.0,95.0,100.0,97.43589743589743
MCAR,HAT,ATHKM6V,25,97.43589743589743,97.43589743589743,100.0,98.7012987012987
MCAR,HAT,AFPB8J2,05,97.97979797979798,98.9795918367347,98.9795918367347,98.9795918367347
MCAR,HAT,AFPB8J2,10,100.0,100.0,100.0,100.0
MCAR,HAT,AFPB8J2,15,97.95918367346938,100.0,97.95918367346938,98.96907216494846
MCAR,HAT,AFPB8J2,20,98.9795918367347,100.0,98.9795918367347,99.48717948717947
MCAR,HAT,AFPB8J2,25,97.95918367346938,100.0,97.95918367346938,98.96907216494846
MCAR,HAT,A0VFT1N,05,100.0,100.0,100.0,100.0
MCAR,HAT,A0VFT1N,10,100.0,100.0,100.0,100.0
MCAR,HAT,A0VFT1N,15,98.0,98.0,100.0,98.98989898989899
MCAR,HAT,A0VFT1N,20,98.0,98.0,100.0,98.98989898989899
MCAR,HAT,A0VFT1N,25,98.0,98.0,100.0,98.98989898989899
MCAR,HAT,AURCTAK,05,94.11764705882352,96.0,97.95918367346938,96.96969696969697
MCAR,HAT,AURCTAK,10,96.0,97.95918367346938,97.95918367346938,97.95918367346938
MCAR,HAT,AURCTAK,15,92.15686274509804,95.91836734693877,95.91836734693877,95.91836734693877
MCAR,HAT,AURCTAK,20,92.15686274509804,95.91836734693877,95.91836734693877,95.91836734693877
MCAR,HAT,AURCTAK,25,92.15686274509804,95.91836734693877,95.91836734693877,95.91836734693877
MCAR,HAT,A36HR6Y,05,100.0,100.0,100.0,100.0
MCAR,HAT,A36HR6Y,10,100.0,100.0,100.0,100.0
MCAR,HAT,A36HR6Y,15,100.0,100.0,100.0,100.0
MCAR,HAT,A36HR6Y,20,81.81818181818183,81.81818181818183,100.0,90.0
MCAR,HAT,A36HR6Y,25,81.81818181818183,81.81818181818183,100.0,90.0
MCAR,HAT,A4E0D03,05,94.82758620689656,98.21428571428571,96.49122807017544,97.34513274336283
MCAR,HAT,A4E0D03,10,90.0,94.73684210526315,94.73684210526315,94.73684210526315
MCAR,HAT,A4E0D03,15,91.37931034482759,98.14814814814815,92.98245614035088,95.4954954954955
MCAR,HAT,A4E0D03,20,91.52542372881356,96.42857142857143,94.73684210526315,95.57522123893804
MCAR,HAT,A4E0D03,25,81.66666666666667,94.23076923076923,85.96491228070175,89.90825688073394
MCAR,HAT,AJMQUVV,05,93.82716049382715,96.20253164556962,97.43589743589743,96.81528662420382
MCAR,HAT,AJMQUVV,10,96.29629629629629,96.29629629629629,100.0,98.11320754716981
MCAR,HAT,AJMQUVV,15,88.23529411764706,91.46341463414635,96.15384615384616,93.75000000000001
MCAR,HAT,AJMQUVV,20,90.36144578313254,93.75,96.15384615384616,94.9367088607595
MCAR,HAT,AJMQUVV,25,75.55555555555556,85.0,87.17948717948718,86.07594936708861
MCAR,HAT,A4G0044,05,100.0,100.0,100.0,100.0
MCAR,HAT,A4G0044,10,97.53086419753086,98.75,98.75,98.75
MCAR,HAT,A4G0044,15,100.0,100.0,100.0,100.0
MCAR,HAT,A4G0044,20,95.1219512195122,97.5,97.5,97.5
MCAR,HAT,A4G0044,25,92.7710843373494,96.25,96.25,96.25000000000001
MCAR,HAT,AIFDJZB,05,100.0,100.0,100.0,100.0
MCAR,HAT,AIFDJZB,10,100.0,100.0,100.0,100.0
MCAR,HAT,AIFDJZB,15,96.66666666666667,96.66666666666667,100.0,98.3050847457627
MCAR,HAT,AIFDJZB,20,96.55172413793103,100.0,96.55172413793103,98.24561403508771
MCAR,HAT,AIFDJZB,25,90.625,90.625,100.0,95.08196721311475
MCAR,HAT,AQC0L71,05,100.0,100.0,100.0,100.0
MCAR,HAT,AQC0L71,10,94.73684210526315,100.0,94.73684210526315,97.2972972972973
MCAR,HAT,AQC0L71,15,97.36842105263158,100.0,97.36842105263158,98.66666666666666
MCAR,HAT,AQC0L71,20,94.73684210526315,100.0,94.73684210526315,97.2972972972973
MCAR,HAT,AQC0L71,25,94.73684210526315,100.0,94.73684210526315,97.2972972972973
MCAR,HAT,A7EM0B6,05,96.7741935483871,100.0,96.7741935483871,98.36065573770492
MCAR,HAT,A7EM0B6,10,96.7741935483871,100.0,96.7741935483871,98.36065573770492
MCAR,HAT,A7EM0B6,15,96.7741935483871,100.0,96.7741935483871,98.36065573770492
MCAR,HAT,A7EM0B6,20,96.875,96.875,100.0,98.4126984126984
MCAR,HAT,A7EM0B6,25,96.875,96.875,100.0,98.4126984126984
MCAR,MLP,A1ZJ41O,05,100.0,100.0,100.0,100.0
MCAR,MLP,A1ZJ41O,10,98.0392156862745,100.0,98.0392156862745,99.009900990099
MCAR,MLP,A1ZJ41O,15,96.07843137254902,100.0,96.07843137254902,98.0
MCAR,MLP,A1ZJ41O,20,94.11764705882352,100.0,94.11764705882352,96.96969696969697
MCAR,MLP,A1ZJ41O,25,94.11764705882352,100.0,94.11764705882352,96.96969696969697
MCAR,MLP,AKXN5ZZ,05,97.3568281938326,98.22222222222223,99.10313901345292,98.66071428571429
MCAR,MLP,AKXN5ZZ,10,96.05263157894737,97.76785714285714,98.20627802690582,97.98657718120806
MCAR,MLP,AKXN5ZZ,15,95.17543859649122,97.74774774774775,97.30941704035875,97.52808988764046
MCAR,MLP,AKXN5ZZ,20,96.46017699115043,98.64253393665159,97.75784753363229,98.1981981981982
MCAR,MLP,AKXN5ZZ,25,95.06726457399103,100.0,95.06726457399103,97.47126436781608
MCAR,MLP,AAXAA7Z,05,100.0,100.0,100.0,100.0
MCAR,MLP,AAXAA7Z,10,100.0,100.0,100.0,100.0
MCAR,MLP,AAXAA7Z,15,100.0,100.0,100.0,100.0
MCAR,MLP,AAXAA7Z,20,100.0,100.0,100.0,100.0
MCAR,MLP,AAXAA7Z,25,99.1304347826087,99.1304347826087,100.0,99.56331877729258
MCAR,MLP,AA2KP1S,05,86.11111111111111,92.53731343283582,92.53731343283582,92.53731343283582
MCAR,MLP,AA2KP1S,10,83.56164383561644,91.04477611940298,91.04477611940298,91.04477611940298
MCAR,MLP,AA2KP1S,15,80.0,88.23529411764706,89.55223880597015,88.8888888888889
MCAR,MLP,AA2KP1S,20,82.66666666666667,88.57142857142857,92.53731343283582,90.51094890510949
MCAR,MLP,AA2KP1S,25,80.26315789473685,87.14285714285714,91.04477611940298,89.05109489051095
MCAR,MLP,APGIB2T,05,93.58974358974359,100.0,93.58974358974359,96.68874172185431
MCAR,MLP,APGIB2T,10,87.17948717948718,100.0,87.17948717948718,93.15068493150686
MCAR,MLP,APGIB2T,15,96.20253164556962,98.7012987012987,97.43589743589743,98.06451612903226
MCAR,MLP,APGIB2T,20,79.74683544303798,98.4375,80.76923076923077,88.73239436619718
MCAR,MLP,APGIB2T,25,73.41772151898735,98.30508474576271,74.35897435897436,84.67153284671532
MCAR,MLP,AHYIJDV,05,92.85714285714286,95.1219512195122,97.5,96.29629629629629
MCAR,MLP,AHYIJDV,10,90.69767441860465,92.85714285714286,97.5,95.1219512195122
MCAR,MLP,AHYIJDV,15,77.27272727272727,89.47368421052632,85.0,87.17948717948718
MCAR,MLP,AHYIJDV,20,71.11111111111111,86.48648648648648,80.0,83.11688311688312
MCAR,MLP,AHYIJDV,25,62.22222222222222,84.84848484848484,70.0,76.71232876712328
MCAR,MLP,ASFODQR,05,100.0,100.0,100.0,100.0
MCAR,MLP,ASFODQR,10,100.0,100.0,100.0,100.0
MCAR,MLP,ASFODQR,15,100.0,100.0,100.0,100.0
MCAR,MLP,ASFODQR,20,98.1651376146789,100.0,98.1651376146789,99.07407407407408
MCAR,MLP,ASFODQR,25,96.3302752293578,100.0,96.3302752293578,98.13084112149532
MCAR,MLP,AUY8KYW,05,85.96491228070175,89.0909090909091,96.07843137254902,92.45283018867924
MCAR,MLP,AUY8KYW,10,83.05084745762711,85.96491228070175,96.07843137254902,90.74074074074075
MCAR,MLP,AUY8KYW,15,71.42857142857143,78.94736842105263,88.23529411764706,83.33333333333333
MCAR,MLP,AUY8KYW,20,92.45283018867924,96.07843137254902,96.07843137254902,96.07843137254902
MCAR,MLP,AUY8KYW,25,96.07843137254902,100.0,96.07843137254902,98.0
MCAR,MLP,A3OU183,05,92.95774647887323,95.65217391304348,97.05882352941177,96.35036496350365
MCAR,MLP,A3OU183,10,97.10144927536231,98.52941176470588,98.52941176470588,98.52941176470588
MCAR,MLP,A3OU183,15,90.14084507042254,95.52238805970148,94.11764705882352,94.81481481481482
MCAR,MLP,A3OU183,20,78.94736842105263,88.23529411764706,88.23529411764706,88.23529411764706
MCAR,MLP,A3OU183,25,73.75,83.09859154929578,86.76470588235294,84.89208633093526
MCAR,MLP,AOYM4KG,05,100.0,100.0,100.0,100.0
MCAR,MLP,AOYM4KG,10,98.36065573770492,100.0,98.36065573770492,99.17355371900827
MCAR,MLP,AOYM4KG,15,98.36065573770492,100.0,98.36065573770492,99.17355371900827
MCAR,MLP,AOYM4KG,20,79.6875,94.44444444444444,83.60655737704919,88.69565217391305
MCAR,MLP,AOYM4KG,25,96.72131147540983,100.0,96.72131147540983,98.33333333333333
MCAR,MLP,AV2GF3B,05,97.95918367346938,100.0,97.95918367346938,98.96907216494846
MCAR,MLP,AV2GF3B,10,96.93877551020408,100.0,96.93877551020408,98.44559585492229
MCAR,MLP,AV2GF3B,15,94.94949494949495,98.94736842105263,95.91836734693877,97.40932642487047
MCAR,MLP,AV2GF3B,20,91.91919191919192,98.91304347826086,92.85714285714286,95.78947368421052
MCAR,MLP,AV2GF3B,25,87.12871287128714,96.7032967032967,89.79591836734694,93.12169312169313
MCAR,MLP,A0NVTRV,05,96.36363636363636,98.14814814814815,98.14814814814815,98.14814814814815
MCAR,MLP,A0NVTRV,10,96.36363636363636,98.14814814814815,98.14814814814815,98.14814814814815
MCAR,MLP,A0NVTRV,15,96.36363636363636,98.14814814814815,98.14814814814815,98.14814814814815
MCAR,MLP,A0NVTRV,20,96.36363636363636,98.14814814814815,98.14814814814815,98.14814814814815
MCAR,MLP,A0NVTRV,25,96.36363636363636,98.14814814814815,98.14814814814815,98.14814814814815
MCAR,MLP,A1K5DRI,05,97.77777777777777,97.77777777777777,100.0,98.87640449438202
MCAR,MLP,A1K5DRI,10,97.77777777777777,97.77777777777777,100.0,98.87640449438202
MCAR,MLP,A1K5DRI,15,97.77777777777777,97.77777777777777,100.0,98.87640449438202
MCAR,MLP,A1K5DRI,20,97.77777777777777,97.77777777777777,100.0,98.87640449438202
MCAR,MLP,A1K5DRI,25,100.0,100.0,100.0,100.0
MCAR,MLP,AYEFCWQ,05,100.0,100.0,100.0,100.0
MCAR,MLP,AYEFCWQ,10,100.0,100.0,100.0,100.0
MCAR,MLP,AYEFCWQ,15,100.0,100.0,100.0,100.0
MCAR,MLP,AYEFCWQ,20,98.57142857142858,98.57142857142858,100.0,99.28057553956835
MCAR,MLP,AYEFCWQ,25,98.57142857142858,98.57142857142858,100.0,99.28057553956835
MCAR,MLP,AMV7EQF,05,94.91525423728814,96.55172413793103,98.24561403508771,97.39130434782608
MCAR,MLP,AMV7EQF,10,94.91525423728814,96.55172413793103,98.24561403508771,97.39130434782608
MCAR,MLP,AMV7EQF,15,90.0,94.73684210526315,94.73684210526315,94.73684210526315
MCAR,MLP,AMV7EQF,20,78.125,87.71929824561403,87.71929824561403,87.71929824561403
MCAR,MLP,AMV7EQF,25,71.64179104477611,82.75862068965517,84.21052631578947,83.47826086956522
MCAR,MLP,AZIK4ZA,05,89.39393939393939,95.16129032258065,93.65079365079364,94.39999999999999
MCAR,MLP,AZIK4ZA,10,74.24242424242425,94.23076923076923,77.77777777777779,85.21739130434781
MCAR,MLP,AZIK4ZA,15,95.3125,98.38709677419355,96.82539682539682,97.6
MCAR,MLP,AZIK4ZA,20,42.028985507246375,82.85714285714286,46.03174603174603,59.183673469387756
MCAR,MLP,AZIK4ZA,25,51.470588235294116,87.5,55.55555555555556,67.96116504854369
MCAR,MLP,AJWW3IY,05,97.31543624161074,98.63945578231292,98.63945578231292,98.63945578231292
MCAR,MLP,AJWW3IY,10,97.31543624161074,98.63945578231292,98.63945578231292,98.63945578231292
MCAR,MLP,AJWW3IY,15,97.31543624161074,98.63945578231292,98.63945578231292,98.63945578231292
MCAR,MLP,AJWW3IY,20,96.0,97.95918367346938,97.95918367346938,97.95918367346938
MCAR,MLP,AJWW3IY,25,96.0,97.95918367346938,97.95918367346938,97.95918367346938
MCAR,MLP,AX6281V,05,97.26027397260275,98.61111111111111,98.61111111111111,98.61111111111111
MCAR,MLP,AX6281V,10,86.48648648648648,96.96969696969697,88.88888888888889,92.7536231884058
MCAR,MLP,AX6281V,15,87.5,100.0,87.5,93.33333333333333
MCAR,MLP,AX6281V,20,93.05555555555556,100.0,93.05555555555556,96.40287769784173
MCAR,MLP,AX6281V,25,77.33333333333333,95.08196721311475,80.55555555555556,87.21804511278195
MCAR,MLP,AYWIEKR,05,93.39622641509435,95.1923076923077,98.01980198019803,96.58536585365853
MCAR,MLP,AYWIEKR,10,94.28571428571428,96.11650485436894,98.01980198019803,97.05882352941177
MCAR,MLP,AYWIEKR,15,90.82568807339449,92.5233644859813,98.01980198019803,95.1923076923077
MCAR,MLP,AYWIEKR,20,87.27272727272727,91.42857142857143,95.04950495049505,93.20388349514563
MCAR,MLP,AYWIEKR,25,86.60714285714286,89.81481481481481,96.03960396039604,92.82296650717703
MCAR,MLP,ATHKM6V,05,95.0,95.0,100.0,97.43589743589743
MCAR,MLP,ATHKM6V,10,100.0,100.0,100.0,100.0
MCAR,MLP,ATHKM6V,15,97.43589743589743,97.43589743589743,100.0,98.7012987012987
MCAR,MLP,ATHKM6V,20,100.0,100.0,100.0,100.0
MCAR,MLP,ATHKM6V,25,97.43589743589743,97.43589743589743,100.0,98.7012987012987
MCAR,MLP,AFPB8J2,05,98.98989898989899,98.98989898989899,100.0,99.49238578680203
MCAR,MLP,AFPB8J2,10,97.97979797979798,98.9795918367347,98.9795918367347,98.9795918367347
MCAR,MLP,AFPB8J2,15,94.11764705882352,96.0,97.95918367346938,96.96969696969697
MCAR,MLP,AFPB8J2,20,95.09803921568627,96.03960396039604,98.9795918367347,97.48743718592964
MCAR,MLP,AFPB8J2,25,94.11764705882352,96.0,97.95918367346938,96.96969696969697
MCAR,MLP,A0VFT1N,05,97.02970297029702,97.02970297029702,100.0,98.49246231155779
MCAR,MLP,A0VFT1N,10,98.0,98.0,100.0,98.98989898989899
MCAR,MLP,A0VFT1N,15,98.98989898989899,98.98989898989899,100.0,99.49238578680203
MCAR,MLP,A0VFT1N,20,98.98989898989899,98.98989898989899,100.0,99.49238578680203
MCAR,MLP,A0VFT1N,25,97.02970297029702,97.02970297029702,100.0,98.49246231155779
MCAR,MLP,AURCTAK,05,94.11764705882352,96.0,97.95918367346938,96.96969696969697
MCAR,MLP,AURCTAK,10,93.87755102040816,100.0,93.87755102040816,96.84210526315789
MCAR,MLP,AURCTAK,15,86.79245283018868,92.0,93.87755102040816,92.92929292929293
MCAR,MLP,AURCTAK,20,75.0,85.71428571428571,85.71428571428571,85.71428571428571
MCAR,MLP,AURCTAK,25,69.23076923076923,92.3076923076923,73.46938775510205,81.81818181818183
MCAR,MLP,A36HR6Y,05,88.88888888888889,100.0,88.88888888888889,94.11764705882352
MCAR,MLP,A36HR6Y,10,88.88888888888889,100.0,88.88888888888889,94.11764705882352
MCAR,MLP,A36HR6Y,15,90.0,90.0,100.0,94.73684210526316
MCAR,MLP,A36HR6Y,20,58.333333333333336,70.0,77.77777777777779,73.68421052631578
MCAR,MLP,A36HR6Y,25,75.0,75.0,100.0,85.71428571428571
MCAR,MLP,A4E0D03,05,89.65517241379311,98.11320754716981,91.22807017543859,94.54545454545455
MCAR,MLP,A4E0D03,10,88.33333333333333,94.64285714285714,92.98245614035088,93.80530973451327
MCAR,MLP,A4E0D03,15,90.0,94.73684210526315,94.73684210526315,94.73684210526315
MCAR,MLP,A4E0D03,20,90.1639344262295,93.22033898305084,96.49122807017544,94.82758620689654
MCAR,MLP,A4E0D03,25,81.25,88.13559322033898,91.22807017543859,89.6551724137931
MCAR,MLP,AJMQUVV,05,93.75,97.40259740259741,96.15384615384616,96.7741935483871
MCAR,MLP,AJMQUVV,10,95.0,97.43589743589743,97.43589743589743,97.43589743589743
MCAR,MLP,AJMQUVV,15,86.58536585365853,94.66666666666667,91.02564102564102,92.81045751633987
MCAR,MLP,AJMQUVV,20,51.13636363636363,81.81818181818183,57.692307692307686,67.66917293233084
MCAR,MLP,AJMQUVV,25,77.27272727272727,87.17948717948718,87.17948717948718,87.17948717948718
MCAR,MLP,A4G0044,05,100.0,100.0,100.0,100.0
MCAR,MLP,A4G0044,10,100.0,100.0,100.0,100.0
MCAR,MLP,A4G0044,15,92.7710843373494,96.25,96.25,96.25000000000001
MCAR,MLP,A4G0044,20,86.74698795180723,96.0,90.0,92.90322580645162
MCAR,MLP,A4G0044,25,80.95238095238095,94.44444444444444,85.0,89.47368421052632
MCAR,MLP,AIFDJZB,05,100.0,100.0,100.0,100.0
MCAR,MLP,AIFDJZB,10,100.0,100.0,100.0,100.0
MCAR,MLP,AIFDJZB,15,89.65517241379311,100.0,89.65517241379311,94.54545454545455
MCAR,MLP,AIFDJZB,20,89.65517241379311,100.0,89.65517241379311,94.54545454545455
MCAR,MLP,AIFDJZB,25,86.20689655172413,100.0,86.20689655172413,92.5925925925926
MCAR,MLP,AQC0L71,05,97.36842105263158,100.0,97.36842105263158,98.66666666666666
MCAR,MLP,AQC0L71,10,100.0,100.0,100.0,100.0
MCAR,MLP,AQC0L71,15,97.36842105263158,100.0,97.36842105263158,98.66666666666666
MCAR,MLP,AQC0L71,20,92.10526315789474,100.0,92.10526315789474,95.8904109589041
MCAR,MLP,AQC0L71,25,92.10526315789474,100.0,92.10526315789474,95.8904109589041
MCAR,MLP,A7EM0B6,05,93.93939393939394,93.93939393939394,100.0,96.875
MCAR,MLP,A7EM0B6,10,86.11111111111111,86.11111111111111,100.0,92.53731343283582
MCAR,MLP,A7EM0B6,15,93.75,96.7741935483871,96.7741935483871,96.7741935483871
MCAR,MLP,A7EM0B6,20,86.11111111111111,86.11111111111111,100.0,92.53731343283582
MCAR,MLP,A7EM0B6,25,96.875,96.875,100.0,98.4126984126984
MAR_l,None,A1ZJ41O,05,83.01886792452831,95.65217391304348,86.27450980392157,90.72164948453609
MAR_l,None,A1ZJ41O,10,74.07407407407408,93.02325581395348,78.43137254901961,85.1063829787234
MAR_l,None,A1ZJ41O,15,73.07692307692307,97.43589743589743,74.50980392156863,84.44444444444443
MAR_l,None,A1ZJ41O,20,62.264150943396224,94.28571428571428,64.70588235294117,76.74418604651163
MAR_l,None,A1ZJ41O,25,37.254901960784316,100.0,37.254901960784316,54.285714285714285
MAR_l,None,AKXN5ZZ,05,76.89075630252101,92.42424242424242,82.0627802690583,86.93586698337292
MAR_l,None,AKXN5ZZ,10,66.27450980392156,84.07960199004975,75.7847533632287,79.71698113207546
MAR_l,None,AKXN5ZZ,15,54.6875,80.92485549132948,62.78026905829597,70.70707070707071
MAR_l,None,AKXN5ZZ,20,46.18320610687023,75.625,54.26008968609865,63.18537859007832
MAR_l,None,AKXN5ZZ,25,35.56485355648535,84.15841584158416,38.11659192825112,52.46913580246913
MAR_l,None,AAXAA7Z,05,83.76068376068376,97.02970297029702,85.96491228070175,91.16279069767441
MAR_l,None,AAXAA7Z,10,74.35897435897436,96.66666666666667,76.31578947368422,85.29411764705883
MAR_l,None,AAXAA7Z,15,64.1025641025641,96.15384615384616,65.78947368421053,78.125
MAR_l,None,AAXAA7Z,20,57.89473684210527,100.0,57.89473684210527,73.33333333333334
MAR_l,None,AAXAA7Z,25,48.24561403508772,100.0,48.24561403508772,65.08875739644971
MAR_l,None,AA2KP1S,05,63.013698630136986,88.46153846153845,68.65671641791045,77.31092436974791
MAR_l,None,AA2KP1S,10,51.80722891566265,72.88135593220339,64.17910447761194,68.25396825396825
MAR_l,None,AA2KP1S,15,44.31818181818182,65.0,58.2089552238806,61.417322834645674
MAR_l,None,AA2KP1S,20,42.04545454545455,63.793103448275865,55.223880597014926,59.20000000000001
MAR_l,None,AA2KP1S,25,40.0,65.38461538461539,50.74626865671642,57.14285714285714
MAR_l,None,APGIB2T,05,71.5909090909091,86.3013698630137,80.76923076923077,83.44370860927151
MAR_l,None,APGIB2T,10,52.083333333333336,73.52941176470588,64.1025641025641,68.49315068493152
MAR_l,None,APGIB2T,15,34.90566037735849,56.92307692307692,47.43589743589743,51.74825174825175
MAR_l,None,APGIB2T,20,12.195121951219512,25.0,19.230769230769234,21.73913043478261
MAR_l,None,APGIB2T,25,7.03125,15.254237288135593,11.538461538461538,13.138686131386862
MAR_l,None,AHYIJDV,05,48.333333333333336,59.183673469387756,72.5,65.16853932584269
MAR_l,None,AHYIJDV,10,48.4375,56.36363636363636,77.5,65.26315789473685
MAR_l,None,AHYIJDV,15,34.72222222222222,43.859649122807014,62.5,51.546391752577314
MAR_l,None,AHYIJDV,20,22.35294117647059,29.6875,47.5,36.53846153846154
MAR_l,None,AHYIJDV,25,19.767441860465116,26.984126984126984,42.5,33.00970873786408
MAR_l,None,ASFODQR,05,90.82568807339449,100.0,90.82568807339449,95.1923076923077
MAR_l,None,ASFODQR,10,78.37837837837837,97.75280898876404,79.81651376146789,87.87878787878788
MAR_l,None,ASFODQR,15,64.03508771929825,93.58974358974359,66.97247706422019,78.07486631016043
MAR_l,None,ASFODQR,20,51.28205128205128,88.23529411764706,55.04587155963303,67.79661016949153
MAR_l,None,ASFODQR,25,36.0655737704918,77.19298245614034,40.36697247706422,53.012048192771076
MAR_l,None,AUY8KYW,05,55.932203389830505,80.48780487804879,64.70588235294117,71.73913043478261
MAR_l,None,AUY8KYW,10,22.58064516129032,56.00000000000001,27.450980392156865,36.8421052631579
MAR_l,None,AUY8KYW,15,4.054054054054054,11.538461538461538,5.88235294117647,7.792207792207793
MAR_l,None,AUY8KYW,20,1.7241379310344827,12.5,1.9607843137254901,3.389830508474576
MAR_l,None,AUY8KYW,25,0.0,0.0,0.0,0.0
MAR_l,None,A3OU183,05,84.50704225352112,95.23809523809523,88.23529411764706,91.6030534351145
MAR_l,None,A3OU183,10,82.66666666666667,89.85507246376811,91.17647058823529,90.51094890510949
MAR_l,None,A3OU183,15,75.67567567567568,90.32258064516128,82.35294117647058,86.15384615384616
MAR_l,None,A3OU183,20,60.810810810810814,88.23529411764706,66.17647058823529,75.63025210084035
MAR_l,None,A3OU183,25,34.93975903614458,65.9090909090909,42.64705882352941,51.78571428571429
MAR_l,None,AOYM4KG,05,70.27027027027027,80.0,85.24590163934425,82.53968253968253
MAR_l,None,AOYM4KG,10,52.38095238095239,65.67164179104478,72.1311475409836,68.75
MAR_l,None,AOYM4KG,15,42.35294117647059,60.0,59.01639344262295,59.50413223140496
MAR_l,None,AOYM4KG,20,34.73684210526316,49.25373134328358,54.09836065573771,51.562500000000014
MAR_l,None,AOYM4KG,25,27.522935779816514,38.46153846153847,49.18032786885246,43.16546762589928
MAR_l,None,AV2GF3B,05,92.0,97.87234042553192,93.87755102040816,95.83333333333333
MAR_l,None,AV2GF3B,10,83.49514563106796,94.5054945054945,87.75510204081633,91.005291005291
MAR_l,None,AV2GF3B,15,72.22222222222221,88.63636363636364,79.59183673469387,83.87096774193547
MAR_l,None,AV2GF3B,20,62.28070175438597,81.60919540229885,72.44897959183673,76.75675675675676
MAR_l,None,AV2GF3B,25,55.172413793103445,78.04878048780488,65.3061224489796,71.1111111111111
MAR_l,None,A0NVTRV,05,66.66666666666666,82.35294117647058,77.77777777777779,80.0
MAR_l,None,A0NVTRV,10,48.529411764705884,70.2127659574468,61.111111111111114,65.34653465346535
MAR_l,None,A0NVTRV,15,38.028169014084504,61.36363636363637,50.0,55.10204081632652
MAR_l,None,A0NVTRV,20,30.985915492957744,56.41025641025641,40.74074074074074,47.31182795698924
MAR_l,None,A0NVTRV,25,19.444444444444446,43.75,25.925925925925924,32.558139534883715
MAR_l,None,A1K5DRI,05,83.33333333333334,90.9090909090909,90.9090909090909,90.9090909090909
MAR_l,None,A1K5DRI,10,66.0377358490566,79.54545454545455,79.54545454545455,79.54545454545455
MAR_l,None,A1K5DRI,15,55.55555555555556,75.0,68.18181818181817,71.42857142857143
MAR_l,None,A1K5DRI,20,51.724137931034484,68.18181818181817,68.18181818181817,68.18181818181817
MAR_l,None,A1K5DRI,25,51.85185185185185,73.68421052631578,63.63636363636363,68.29268292682926
MAR_l,None,AYEFCWQ,05,90.27777777777779,95.58823529411765,94.20289855072464,94.89051094890512
MAR_l,None,AYEFCWQ,10,81.33333333333333,91.04477611940298,88.40579710144928,89.70588235294117
MAR_l,None,AYEFCWQ,15,76.62337662337663,88.05970149253731,85.5072463768116,86.76470588235296
MAR_l,None,AYEFCWQ,20,63.41463414634146,80.0,75.36231884057972,77.61194029850746
MAR_l,None,AYEFCWQ,25,56.62650602409639,77.04918032786885,68.11594202898551,72.3076923076923
MAR_l,None,AMV7EQF,05,62.68656716417911,80.76923076923077,73.68421052631578,77.06422018348624
MAR_l,None,AMV7EQF,10,21.73913043478261,55.55555555555556,26.31578947368421,35.714285714285715
MAR_l,None,AMV7EQF,15,1.282051282051282,4.545454545454546,1.7543859649122806,2.5316455696202533
MAR_l,None,AMV7EQF,20,0.0,0.0,0.0,0.0
MAR_l,None,AMV7EQF,25,0.0,0.0,0.0,0.0
MAR_l,None,AZIK4ZA,05,65.625,97.67441860465115,66.66666666666666,79.24528301886792
MAR_l,None,AZIK4ZA,10,42.64705882352941,85.29411764705883,46.03174603174603,59.79381443298968
MAR_l,None,AZIK4ZA,15,40.57971014492754,82.35294117647058,44.44444444444444,57.73195876288659
MAR_l,None,AZIK4ZA,20,1.4084507042253522,11.11111111111111,1.5873015873015872,2.7777777777777777
MAR_l,None,AZIK4ZA,25,0.0,0.0,0.0,0.0
MAR_l,None,AJWW3IY,05,81.16883116883116,94.6969696969697,85.03401360544217,89.60573476702508
MAR_l,None,AJWW3IY,10,72.07792207792207,94.0677966101695,75.51020408163265,83.77358490566039
MAR_l,None,AJWW3IY,15,61.935483870967744,92.3076923076923,65.3061224489796,76.49402390438246
MAR_l,None,AJWW3IY,20,60.544217687074834,100.0,60.544217687074834,75.42372881355932
MAR_l,None,AJWW3IY,25,52.02702702702703,98.71794871794873,52.38095238095239,68.44444444444446
MAR_l,None,AX6281V,05,61.627906976744185,79.1044776119403,73.61111111111111,76.25899280575541
MAR_l,None,AX6281V,10,37.86407766990291,55.714285714285715,54.166666666666664,54.92957746478873
MAR_l,None,AX6281V,15,29.807692307692307,49.2063492063492,43.05555555555556,45.925925925925924
MAR_l,None,AX6281V,20,22.448979591836736,45.83333333333333,30.555555555555557,36.66666666666667
MAR_l,None,AX6281V,25,18.947368421052634,43.90243902439025,25.0,31.85840707964602
MAR_l,None,AYWIEKR,05,63.39285714285714,86.58536585365853,70.29702970297029,77.59562841530054
MAR_l,None,AYWIEKR,10,42.06349206349206,67.94871794871796,52.475247524752476,59.217877094972074
MAR_l,None,AYWIEKR,15,27.77777777777778,58.333333333333336,34.65346534653465,43.47826086956522
MAR_l,None,AYWIEKR,20,26.77165354330709,56.666666666666664,33.663366336633665,42.2360248447205
MAR_l,None,AYWIEKR,25,20.74074074074074,45.16129032258064,27.722772277227726,34.35582822085889
MAR_l,None,ATHKM6V,05,81.3953488372093,87.5,92.10526315789474,89.74358974358975
MAR_l,None,ATHKM6V,10,52.94117647058824,67.5,71.05263157894737,69.23076923076923
MAR_l,None,ATHKM6V,15,33.33333333333333,50.0,50.0,50.0
MAR_l,None,ATHKM6V,20,12.857142857142856,21.951219512195124,23.684210526315788,22.78481012658228
MAR_l,None,ATHKM6V,25,5.555555555555555,10.526315789473683,10.526315789473683,10.526315789473683
MAR_l,None,AFPB8J2,05,74.03846153846155,92.7710843373494,78.57142857142857,85.0828729281768
MAR_l,None,AFPB8J2,10,58.55855855855856,83.33333333333334,66.3265306122449,73.86363636363636
MAR_l,None,AFPB8J2,15,56.30252100840336,76.13636363636364,68.36734693877551,72.04301075268818
MAR_l,None,AFPB8J2,20,56.19047619047619,89.39393939393939,60.204081632653065,71.95121951219512
MAR_l,None,AFPB8J2,25,39.603960396039604,93.02325581395348,40.816326530612244,56.73758865248227
MAR_l,None,A0VFT1N,05,66.07142857142857,84.0909090909091,75.51020408163265,79.56989247311827
MAR_l,None,A0VFT1N,10,61.261261261261254,83.9506172839506,69.38775510204081,75.97765363128491
MAR_l,None,A0VFT1N,15,41.37931034482759,72.72727272727273,48.97959183673469,58.53658536585367
MAR_l,None,A0VFT1N,20,31.967213114754102,61.904761904761905,39.795918367346935,48.4472049689441
MAR_l,None,A0VFT1N,25,9.836065573770492,33.33333333333333,12.244897959183673,17.910447761194032
MAR_l,None,AURCTAK,05,57.407407407407405,86.11111111111111,63.26530612244898,72.94117647058823
MAR_l,None,AURCTAK,10,29.03225806451613,58.06451612903226,36.734693877551024,45.0
MAR_l,None,AURCTAK,15,14.925373134328357,35.714285714285715,20.408163265306122,25.97402597402597
MAR_l,None,AURCTAK,20,1.3513513513513513,3.8461538461538463,2.0408163265306123,2.6666666666666665
MAR_l,None,AURCTAK,25,0.0,0.0,0.0,0.0
MAR_l,None,A36HR6Y,05,72.72727272727273,80.0,88.88888888888889,84.21052631578948
MAR_l,None,A36HR6Y,10,0.0,0.0,0.0,0.0
MAR_l,None,A36HR6Y,15,0.0,0.0,0.0,0.0
MAR_l,None,A36HR6Y,20,0.0,0.0,0.0,0.0
MAR_l,None,A36HR6Y,25,0.0,0.0,0.0,0.0
MAR_l,None,A4E0D03,05,55.26315789473685,68.85245901639344,73.68421052631578,71.18644067796609
MAR_l,None,A4E0D03,10,33.72093023255814,50.0,50.877192982456144,50.43478260869565
MAR_l,None,A4E0D03,15,22.727272727272727,39.21568627450981,35.08771929824561,37.03703703703704
MAR_l,None,A4E0D03,20,22.61904761904762,41.30434782608695,33.33333333333333,36.89320388349515
MAR_l,None,A4E0D03,25,19.753086419753085,40.0,28.07017543859649,32.98969072164948
MAR_l,None,AJMQUVV,05,48.03921568627451,67.12328767123287,62.82051282051282,64.90066225165563
MAR_l,None,AJMQUVV,10,36.03603603603604,54.794520547945204,51.28205128205128,52.98013245033112
MAR_l,None,AJMQUVV,15,28.57142857142857,52.63157894736842,38.46153846153847,44.44444444444444
MAR_l,None,AJMQUVV,20,8.16326530612245,28.57142857142857,10.256410256410255,15.09433962264151
MAR_l,None,AJMQUVV,25,7.526881720430108,31.818181818181817,8.974358974358974,14.000000000000002
MAR_l,None,A4G0044,05,90.2439024390244,97.36842105263158,92.5,94.87179487179489
MAR_l,None,A4G0044,10,85.36585365853658,97.22222222222221,87.5,92.10526315789474
MAR_l,None,A4G0044,15,79.51807228915662,95.65217391304348,82.5,88.59060402684564
MAR_l,None,A4G0044,20,64.77272727272727,87.6923076923077,71.25,78.62068965517241
MAR_l,None,A4G0044,25,46.875,73.77049180327869,56.25,63.82978723404255
MAR_l,None,AIFDJZB,05,67.74193548387096,91.30434782608695,72.41379310344827,80.76923076923076
MAR_l,None,AIFDJZB,10,0.0,0.0,0.0,0.0
MAR_l,None,AIFDJZB,15,0.0,0.0,0.0,0.0
MAR_l,None,AIFDJZB,20,0.0,0.0,0.0,0.0
MAR_l,None,AIFDJZB,25,0.0,0.0,0.0,0.0
MAR_l,None,AQC0L71,05,75.55555555555556,82.92682926829268,89.47368421052632,86.0759493670886
MAR_l,None,AQC0L71,10,69.56521739130434,80.0,84.21052631578947,82.05128205128204
MAR_l,None,AQC0L71,15,54.166666666666664,72.22222222222221,68.42105263157895,70.27027027027027
MAR_l,None,AQC0L71,20,33.33333333333333,61.53846153846154,42.10526315789473,50.0
MAR_l,None,AQC0L71,25,34.883720930232556,75.0,39.473684210526315,51.72413793103448
MAR_l,None,A7EM0B6,05,72.5,76.31578947368422,93.54838709677419,84.05797101449276
MAR_l,None,A7EM0B6,10,81.81818181818183,93.10344827586206,87.09677419354838,90.0
MAR_l,None,A7EM0B6,15,63.888888888888886,82.14285714285714,74.19354838709677,77.96610169491525
MAR_l,None,A7EM0B6,20,62.16216216216216,79.3103448275862,74.19354838709677,76.66666666666667
MAR_l,None,A7EM0B6,25,56.75675675675676,77.77777777777779,67.74193548387096,72.41379310344827
MAR_l,Mean,A1ZJ41O,05,88.23529411764706,100.0,88.23529411764706,93.75
MAR_l,Mean,A1ZJ41O,10,92.15686274509804,100.0,92.15686274509804,95.91836734693878
MAR_l,Mean,A1ZJ41O,15,0.0,0.0,0.0,0.0
MAR_l,Mean,A1ZJ41O,20,85.0,85.0,100.0,91.89189189189189
MAR_l,Mean,A1ZJ41O,25,74.6268656716418,75.75757575757575,98.0392156862745,85.47008547008548
MAR_l,Mean,AKXN5ZZ,05,88.88888888888889,94.97716894977168,93.27354260089686,94.11764705882352
MAR_l,Mean,AKXN5ZZ,10,82.70042194092827,93.33333333333333,87.89237668161435,90.5311778290993
MAR_l,Mean,AKXN5ZZ,15,77.29083665338645,87.38738738738738,86.99551569506725,87.19101123595505
MAR_l,Mean,AKXN5ZZ,20,64.13502109704642,91.56626506024097,68.16143497757847,78.1491002570694
MAR_l,Mean,AKXN5ZZ,25,52.674897119341566,86.48648648648648,57.399103139013455,69.00269541778977
MAR_l,Mean,AAXAA7Z,05,93.22033898305084,96.49122807017544,96.49122807017544,96.49122807017544
MAR_l,Mean,AAXAA7Z,10,86.95652173913044,99.00990099009901,87.71929824561403,93.02325581395348
MAR_l,Mean,AAXAA7Z,15,82.90598290598291,97.0,85.08771929824562,90.65420560747664
MAR_l,Mean,AAXAA7Z,20,77.23577235772358,91.34615384615384,83.33333333333334,87.1559633027523
MAR_l,Mean,AAXAA7Z,25,67.82608695652173,98.73417721518987,68.42105263157895,80.82901554404145
MAR_l,Mean,AA2KP1S,05,82.6086956521739,96.61016949152543,85.07462686567165,90.47619047619047
MAR_l,Mean,AA2KP1S,10,83.78378378378379,89.85507246376811,92.53731343283582,91.17647058823529
MAR_l,Mean,AA2KP1S,15,81.08108108108108,89.55223880597015,89.55223880597015,89.55223880597015
MAR_l,Mean,AA2KP1S,20,79.45205479452055,90.625,86.56716417910447,88.54961832061069
MAR_l,Mean,AA2KP1S,25,35.82089552238806,100.0,35.82089552238806,52.74725274725275
MAR_l,Mean,APGIB2T,05,88.75,97.26027397260275,91.02564102564102,94.03973509933775
MAR_l,Mean,APGIB2T,10,58.0246913580247,94.0,60.256410256410255,73.43749999999999
MAR_l,Mean,APGIB2T,15,32.94117647058823,80.0,35.8974358974359,49.557522123893804
MAR_l,Mean,APGIB2T,20,15.217391304347828,50.0,17.94871794871795,26.41509433962264
MAR_l,Mean,APGIB2T,25,3.8461538461538463,100.0,3.8461538461538463,7.4074074074074066
MAR_l,Mean,AHYIJDV,05,75.47169811320755,75.47169811320755,100.0,86.02150537634408
MAR_l,Mean,AHYIJDV,10,74.07407407407408,74.07407407407408,100.0,85.1063829787234
MAR_l,Mean,AHYIJDV,15,73.58490566037736,75.0,97.5,84.78260869565216
MAR_l,Mean,AHYIJDV,20,75.47169811320755,75.47169811320755,100.0,86.02150537634408
MAR_l,Mean,AHYIJDV,25,52.72727272727272,65.9090909090909,72.5,69.04761904761905
MAR_l,Mean,ASFODQR,05,96.3963963963964,98.1651376146789,98.1651376146789,98.1651376146789
MAR_l,Mean,ASFODQR,10,96.3963963963964,98.1651376146789,98.1651376146789,98.1651376146789
MAR_l,Mean,ASFODQR,15,91.96428571428571,97.16981132075472,94.4954128440367,95.81395348837209
MAR_l,Mean,ASFODQR,20,76.10619469026548,95.55555555555556,78.89908256880734,86.43216080402011
MAR_l,Mean,ASFODQR,25,52.94117647058824,86.3013698630137,57.798165137614674,69.23076923076923
MAR_l,Mean,AUY8KYW,05,60.0,73.58490566037736,76.47058823529412,74.99999999999999
MAR_l,Mean,AUY8KYW,10,22.058823529411764,46.875,29.411764705882355,36.144578313253014
MAR_l,Mean,AUY8KYW,15,41.37931034482759,77.41935483870968,47.05882352941176,58.53658536585367
MAR_l,Mean,AUY8KYW,20,0.0,0.0,0.0,0.0
MAR_l,Mean,AUY8KYW,25,0.0,0.0,0.0,0.0
MAR_l,Mean,A3OU183,05,87.17948717948718,87.17948717948718,100.0,93.15068493150686
MAR_l,Mean,A3OU183,10,83.9506172839506,83.9506172839506,100.0,91.2751677852349
MAR_l,Mean,A3OU183,15,94.44444444444444,94.44444444444444,100.0,97.14285714285714
MAR_l,Mean,A3OU183,20,70.0,96.07843137254902,72.05882352941177,82.3529411764706
MAR_l,Mean,A3OU183,25,39.705882352941174,100.0,39.705882352941174,56.84210526315789
MAR_l,Mean,AOYM4KG,05,80.0,92.85714285714286,85.24590163934425,88.8888888888889
MAR_l,Mean,AOYM4KG,10,41.86046511627907,59.01639344262295,59.01639344262295,59.01639344262295
MAR_l,Mean,AOYM4KG,15,12.658227848101266,35.714285714285715,16.39344262295082,22.47191011235955
MAR_l,Mean,AOYM4KG,20,7.317073170731707,22.22222222222222,9.836065573770492,13.636363636363638
MAR_l,Mean,AOYM4KG,25,5.813953488372093,16.666666666666664,8.19672131147541,10.989010989010987
MAR_l,Mean,AV2GF3B,05,97.95918367346938,100.0,97.95918367346938,98.96907216494846
MAR_l,Mean,AV2GF3B,10,96.93877551020408,100.0,96.93877551020408,98.44559585492229
MAR_l,Mean,AV2GF3B,15,94.05940594059405,96.93877551020408,96.93877551020408,96.93877551020408
MAR_l,Mean,AV2GF3B,20,87.25490196078431,95.6989247311828,90.81632653061224,93.19371727748691
MAR_l,Mean,AV2GF3B,25,80.0,97.5609756097561,81.63265306122449,88.8888888888889
MAR_l,Mean,A0NVTRV,05,96.36363636363636,98.14814814814815,98.14814814814815,98.14814814814815
MAR_l,Mean,A0NVTRV,10,87.71929824561403,94.33962264150944,92.5925925925926,93.45794392523365
MAR_l,Mean,A0NVTRV,15,81.35593220338984,90.56603773584906,88.88888888888889,89.7196261682243
MAR_l,Mean,A0NVTRV,20,78.33333333333333,88.67924528301887,87.03703703703704,87.85046728971963
MAR_l,Mean,A0NVTRV,25,78.33333333333333,88.67924528301887,87.03703703703704,87.85046728971963
MAR_l,Mean,A1K5DRI,05,81.48148148148148,81.48148148148148,100.0,89.79591836734693
MAR_l,Mean,A1K5DRI,10,57.14285714285714,57.14285714285714,100.0,72.72727272727273
MAR_l,Mean,A1K5DRI,15,78.57142857142857,78.57142857142857,100.0,88.0
MAR_l,Mean,A1K5DRI,20,80.0,80.0,100.0,88.8888888888889
MAR_l,Mean,A1K5DRI,25,86.36363636363636,100.0,86.36363636363636,92.68292682926828
MAR_l,Mean,AYEFCWQ,05,98.57142857142858,98.57142857142858,100.0,99.28057553956835
MAR_l,Mean,AYEFCWQ,10,97.1830985915493,97.1830985915493,100.0,98.57142857142858
MAR_l,Mean,AYEFCWQ,15,98.57142857142858,98.57142857142858,100.0,99.28057553956835
MAR_l,Mean,AYEFCWQ,20,95.83333333333334,95.83333333333334,100.0,97.87234042553192
MAR_l,Mean,AYEFCWQ,25,94.52054794520548,94.52054794520548,100.0,97.1830985915493
MAR_l,Mean,AMV7EQF,05,79.36507936507937,89.28571428571429,87.71929824561403,88.49557522123894
MAR_l,Mean,AMV7EQF,10,71.875,86.79245283018868,80.7017543859649,83.63636363636363
MAR_l,Mean,AMV7EQF,15,10.76923076923077,46.666666666666664,12.280701754385964,19.444444444444443
MAR_l,Mean,AMV7EQF,20,1.5151515151515151,10.0,1.7543859649122806,2.9850746268656714
MAR_l,Mean,AMV7EQF,25,1.2987012987012987,4.761904761904762,1.7543859649122806,2.564102564102564
MAR_l,Mean,AZIK4ZA,05,30.263157894736842,63.888888888888886,36.507936507936506,46.46464646464646
MAR_l,Mean,AZIK4ZA,10,6.097560975609756,20.833333333333336,7.936507936507936,11.494252873563218
MAR_l,Mean,AZIK4ZA,15,0.0,0.0,0.0,0.0
MAR_l,Mean,AZIK4ZA,20,0.0,0.0,0.0,0.0
MAR_l,Mean,AZIK4ZA,25,0.0,0.0,0.0,0.0
MAR_l,Mean,AJWW3IY,05,97.98657718120806,98.64864864864865,99.31972789115646,98.98305084745763
MAR_l,Mean,AJWW3IY,10,98.64864864864865,99.31972789115646,99.31972789115646,99.31972789115646
MAR_l,Mean,AJWW3IY,15,98.64864864864865,99.31972789115646,99.31972789115646,99.31972789115646
MAR_l,Mean,AJWW3IY,20,95.33333333333334,97.94520547945206,97.27891156462584,97.61092150170649
MAR_l,Mean,AJWW3IY,25,94.03973509933775,97.26027397260275,96.5986394557823,96.92832764505118
MAR_l,Mean,AX6281V,05,61.458333333333336,71.08433734939759,81.94444444444444,76.12903225806451
MAR_l,Mean,AX6281V,10,67.02127659574468,74.11764705882354,87.5,80.2547770700637
MAR_l,Mean,AX6281V,15,74.39024390243902,85.91549295774648,84.72222222222221,85.31468531468532
MAR_l,Mean,AX6281V,20,50.57471264367817,74.57627118644068,61.111111111111114,67.17557251908397
MAR_l,Mean,AX6281V,25,30.0,51.724137931034484,41.66666666666667,46.15384615384615
MAR_l,Mean,AYWIEKR,05,79.62962962962963,92.47311827956989,85.14851485148515,88.65979381443299
MAR_l,Mean,AYWIEKR,10,63.63636363636363,88.60759493670885,69.3069306930693,77.77777777777777
MAR_l,Mean,AYWIEKR,15,55.55555555555556,73.68421052631578,69.3069306930693,71.42857142857143
MAR_l,Mean,AYWIEKR,20,43.333333333333336,57.01754385964912,64.35643564356435,60.465116279069775
MAR_l,Mean,AYWIEKR,25,35.374149659863946,53.06122448979592,51.48514851485149,52.26130653266331
MAR_l,Mean,ATHKM6V,05,88.37209302325581,88.37209302325581,100.0,93.82716049382717
MAR_l,Mean,ATHKM6V,10,86.04651162790698,88.09523809523809,97.36842105263158,92.5
MAR_l,Mean,ATHKM6V,15,89.47368421052632,100.0,89.47368421052632,94.44444444444444
MAR_l,Mean,ATHKM6V,20,94.87179487179486,97.36842105263158,97.36842105263158,97.36842105263158
MAR_l,Mean,ATHKM6V,25,87.17948717948718,97.14285714285714,89.47368421052632,93.15068493150685
MAR_l,Mean,AFPB8J2,05,65.625,73.68421052631578,85.71428571428571,79.24528301886792
MAR_l,Mean,AFPB8J2,10,36.986301369863014,52.94117647058824,55.10204081632652,54.0
MAR_l,Mean,AFPB8J2,15,6.58682634730539,13.750000000000002,11.224489795918368,12.359550561797752
MAR_l,Mean,AFPB8J2,20,3.910614525139665,7.954545454545454,7.142857142857142,7.526881720430106
MAR_l,Mean,AFPB8J2,25,3.211009174311927,5.511811023622047,7.142857142857142,6.222222222222222
MAR_l,Mean,A0VFT1N,05,78.84615384615384,93.18181818181817,83.6734693877551,88.17204301075267
MAR_l,Mean,A0VFT1N,10,71.02803738317756,89.41176470588236,77.55102040816327,83.06010928961749
MAR_l,Mean,A0VFT1N,15,56.666666666666664,75.55555555555556,69.38775510204081,72.3404255319149
MAR_l,Mean,A0VFT1N,20,55.833333333333336,75.28089887640449,68.36734693877551,71.6577540106952
MAR_l,Mean,A0VFT1N,25,48.484848484848484,65.3061224489796,65.3061224489796,65.3061224489796
MAR_l,Mean,AURCTAK,05,79.62962962962963,89.58333333333334,87.75510204081633,88.65979381443299
MAR_l,Mean,AURCTAK,10,52.63157894736842,78.94736842105263,61.224489795918366,68.96551724137932
MAR_l,Mean,AURCTAK,15,26.923076923076923,82.35294117647058,28.57142857142857,42.424242424242415
MAR_l,Mean,AURCTAK,20,0.0,0.0,0.0,0.0
MAR_l,Mean,AURCTAK,25,0.0,0.0,0.0,0.0
MAR_l,Mean,A36HR6Y,05,36.0,36.0,100.0,52.94117647058824
MAR_l,Mean,A36HR6Y,10,34.61538461538461,34.61538461538461,100.0,51.42857142857142
MAR_l,Mean,A36HR6Y,15,25.71428571428571,25.71428571428571,100.0,40.90909090909091
MAR_l,Mean,A36HR6Y,20,19.51219512195122,20.0,88.88888888888889,32.6530612244898
MAR_l,Mean,A36HR6Y,25,18.75,18.75,100.0,31.57894736842105
MAR_l,Mean,A4E0D03,05,81.25,88.13559322033898,91.22807017543859,89.6551724137931
MAR_l,Mean,A4E0D03,10,53.62318840579711,75.51020408163265,64.91228070175438,69.81132075471697
MAR_l,Mean,A4E0D03,15,39.705882352941174,71.05263157894737,47.368421052631575,56.84210526315789
MAR_l,Mean,A4E0D03,20,46.666666666666664,66.0377358490566,61.40350877192983,63.63636363636363
MAR_l,Mean,A4E0D03,25,63.23529411764706,79.62962962962963,75.43859649122807,77.47747747747748
MAR_l,Mean,AJMQUVV,05,70.32967032967034,83.11688311688312,82.05128205128204,82.58064516129032
MAR_l,Mean,AJMQUVV,10,53.535353535353536,71.62162162162163,67.94871794871796,69.73684210526315
MAR_l,Mean,AJMQUVV,15,45.67901234567901,92.5,47.43589743589743,62.71186440677966
MAR_l,Mean,AJMQUVV,20,44.57831325301205,88.09523809523809,47.43589743589743,61.66666666666666
MAR_l,Mean,AJMQUVV,25,36.84210526315789,67.3076923076923,44.871794871794876,53.84615384615385
MAR_l,Mean,A4G0044,05,91.56626506024097,96.20253164556962,95.0,95.59748427672956
MAR_l,Mean,A4G0044,10,89.28571428571429,94.9367088607595,93.75,94.33962264150944
MAR_l,Mean,A4G0044,15,81.60919540229885,91.02564102564102,88.75,89.87341772151898
MAR_l,Mean,A4G0044,20,61.1764705882353,91.22807017543859,65.0,75.91240875912408
MAR_l,Mean,A4G0044,25,29.629629629629626,96.0,30.0,45.714285714285715
MAR_l,Mean,AIFDJZB,05,87.87878787878788,87.87878787878788,100.0,93.54838709677419
MAR_l,Mean,AIFDJZB,10,61.702127659574465,61.702127659574465,100.0,76.3157894736842
MAR_l,Mean,AIFDJZB,15,31.818181818181817,48.275862068965516,48.275862068965516,48.275862068965516
MAR_l,Mean,AIFDJZB,20,0.0,0.0,0.0,0.0
MAR_l,Mean,AIFDJZB,25,0.0,0.0,0.0,0.0
MAR_l,Mean,AQC0L71,05,94.73684210526315,100.0,94.73684210526315,97.2972972972973
MAR_l,Mean,AQC0L71,10,89.47368421052632,100.0,89.47368421052632,94.44444444444444
MAR_l,Mean,AQC0L71,15,55.26315789473685,100.0,55.26315789473685,71.1864406779661
MAR_l,Mean,AQC0L71,20,21.052631578947366,100.0,21.052631578947366,34.78260869565217
MAR_l,Mean,AQC0L71,25,0.0,0.0,0.0,0.0
MAR_l,Mean,A7EM0B6,05,64.58333333333334,64.58333333333334,100.0,78.48101265822784
MAR_l,Mean,A7EM0B6,10,57.407407407407405,57.407407407407405,100.0,72.94117647058825
MAR_l,Mean,A7EM0B6,15,64.58333333333334,64.58333333333334,100.0,78.48101265822784
MAR_l,Mean,A7EM0B6,20,90.9090909090909,93.75,96.7741935483871,95.23809523809523
MAR_l,Mean,A7EM0B6,25,88.57142857142857,88.57142857142857,100.0,93.93939393939394
MAR_l,LR,A1ZJ41O,05,96.07843137254902,100.0,96.07843137254902,98.0
MAR_l,LR,A1ZJ41O,10,96.07843137254902,100.0,96.07843137254902,98.0
MAR_l,LR,A1ZJ41O,15,0.0,0.0,0.0,0.0
MAR_l,LR,A1ZJ41O,20,50.98039215686274,100.0,50.98039215686274,67.53246753246754
MAR_l,LR,A1ZJ41O,25,21.568627450980394,100.0,21.568627450980394,35.48387096774193
MAR_l,LR,AKXN5ZZ,05,80.1762114537445,97.84946236559139,81.61434977578476,88.99755501222494
MAR_l,LR,AKXN5ZZ,10,74.6938775510204,89.26829268292683,82.0627802690583,85.51401869158879
MAR_l,LR,AKXN5ZZ,15,55.96707818930041,87.17948717948718,60.98654708520179,71.76781002638522
MAR_l,LR,AKXN5ZZ,20,42.74193548387097,80.91603053435115,47.53363228699551,59.88700564971751
MAR_l,LR,AKXN5ZZ,25,37.096774193548384,78.63247863247864,41.25560538116592,54.11764705882353
MAR_l,LR,AAXAA7Z,05,93.16239316239316,97.32142857142857,95.6140350877193,96.46017699115043
MAR_l,LR,AAXAA7Z,10,74.4,89.42307692307693,81.57894736842105,85.3211009174312
MAR_l,LR,AAXAA7Z,15,64.75409836065575,90.80459770114942,69.2982456140351,78.60696517412936
MAR_l,LR,AAXAA7Z,20,21.138211382113823,74.28571428571429,22.807017543859647,34.899328859060404
MAR_l,LR,AAXAA7Z,25,0.0,0.0,0.0,0.0
MAR_l,LR,AA2KP1S,05,75.9493670886076,83.33333333333334,89.55223880597015,86.33093525179856
MAR_l,LR,AA2KP1S,10,74.68354430379746,83.09859154929578,88.05970149253731,85.50724637681161
MAR_l,LR,AA2KP1S,15,67.90123456790124,79.71014492753623,82.08955223880598,80.88235294117648
MAR_l,LR,AA2KP1S,20,62.96296296296296,78.46153846153847,76.11940298507463,77.27272727272727
MAR_l,LR,AA2KP1S,25,58.0246913580247,77.04918032786885,70.1492537313433,73.4375
MAR_l,LR,APGIB2T,05,70.96774193548387,81.48148148148148,84.61538461538461,83.0188679245283
MAR_l,LR,APGIB2T,10,42.98245614035088,57.647058823529406,62.82051282051282,60.122699386503065
MAR_l,LR,APGIB2T,15,28.346456692913385,42.35294117647059,46.15384615384615,44.171779141104295
MAR_l,LR,APGIB2T,20,17.391304347826086,28.57142857142857,30.76923076923077,29.629629629629633
MAR_l,LR,APGIB2T,25,14.17910447761194,25.333333333333336,24.358974358974358,24.836601307189547
MAR_l,LR,AHYIJDV,05,81.63265306122449,81.63265306122449,100.0,89.8876404494382
MAR_l,LR,AHYIJDV,10,62.0,75.60975609756098,77.5,76.54320987654322
MAR_l,LR,AHYIJDV,15,18.333333333333332,35.483870967741936,27.500000000000004,30.98591549295775
MAR_l,LR,AHYIJDV,20,20.8955223880597,34.146341463414636,35.0,34.567901234567906
MAR_l,LR,AHYIJDV,25,7.0588235294117645,11.76470588235294,15.0,13.186813186813188
MAR_l,LR,ASFODQR,05,100.0,100.0,100.0,100.0
MAR_l,LR,ASFODQR,10,92.72727272727272,99.02912621359224,93.57798165137615,96.22641509433963
MAR_l,LR,ASFODQR,15,86.48648648648648,97.95918367346938,88.07339449541286,92.7536231884058
MAR_l,LR,ASFODQR,20,54.54545454545454,84.61538461538461,60.550458715596335,70.58823529411765
MAR_l,LR,ASFODQR,25,53.78151260504202,86.48648648648648,58.71559633027523,69.94535519125684
MAR_l,LR,AUY8KYW,05,77.19298245614034,88.0,86.27450980392157,87.12871287128714
MAR_l,LR,AUY8KYW,10,0.0,0.0,0.0,0.0
MAR_l,LR,AUY8KYW,15,0.0,0.0,0.0,0.0
MAR_l,LR,AUY8KYW,20,0.0,0.0,0.0,0.0
MAR_l,LR,AUY8KYW,25,0.0,0.0,0.0,0.0
MAR_l,LR,A3OU183,05,84.72222222222221,93.84615384615384,89.70588235294117,91.72932330827066
MAR_l,LR,A3OU183,10,65.38461538461539,83.60655737704919,75.0,79.06976744186046
MAR_l,LR,A3OU183,15,43.529411764705884,68.51851851851852,54.41176470588235,60.65573770491803
MAR_l,LR,A3OU183,20,15.04424778761062,27.419354838709676,25.0,26.153846153846157
MAR_l,LR,A3OU183,25,2.18978102189781,4.166666666666666,4.411764705882353,4.285714285714286
MAR_l,LR,AOYM4KG,05,37.704918032786885,42.99065420560748,75.40983606557377,54.76190476190476
MAR_l,LR,AOYM4KG,10,17.985611510791365,24.271844660194176,40.98360655737705,30.48780487804878
MAR_l,LR,AOYM4KG,15,12.598425196850393,19.51219512195122,26.229508196721312,22.37762237762238
MAR_l,LR,AOYM4KG,20,7.8125,12.987012987012985,16.39344262295082,14.492753623188403
MAR_l,LR,AOYM4KG,25,7.6923076923076925,12.658227848101266,16.39344262295082,14.285714285714288
MAR_l,LR,AV2GF3B,05,98.9795918367347,100.0,98.9795918367347,99.48717948717947
MAR_l,LR,AV2GF3B,10,94.05940594059405,96.93877551020408,96.93877551020408,96.93877551020408
MAR_l,LR,AV2GF3B,15,86.36363636363636,88.78504672897196,96.93877551020408,92.6829268292683
MAR_l,LR,AV2GF3B,20,83.1858407079646,86.23853211009175,95.91836734693877,90.82125603864735
MAR_l,LR,AV2GF3B,25,70.49180327868852,78.18181818181819,87.75510204081633,82.6923076923077
MAR_l,LR,A0NVTRV,05,100.0,100.0,100.0,100.0
MAR_l,LR,A0NVTRV,10,91.07142857142857,96.22641509433963,94.44444444444444,95.32710280373831
MAR_l,LR,A0NVTRV,15,87.71929824561403,94.33962264150944,92.5925925925926,93.45794392523365
MAR_l,LR,A0NVTRV,20,81.35593220338984,90.56603773584906,88.88888888888889,89.7196261682243
MAR_l,LR,A0NVTRV,25,81.35593220338984,90.56603773584906,88.88888888888889,89.7196261682243
MAR_l,LR,A1K5DRI,05,93.61702127659575,93.61702127659575,100.0,96.7032967032967
MAR_l,LR,A1K5DRI,10,88.0,88.0,100.0,93.61702127659575
MAR_l,LR,A1K5DRI,15,89.79591836734694,89.79591836734694,100.0,94.62365591397848
MAR_l,LR,A1K5DRI,20,75.47169811320755,81.63265306122449,90.9090909090909,86.02150537634408
MAR_l,LR,A1K5DRI,25,67.27272727272727,77.08333333333334,84.0909090909091,80.43478260869567
MAR_l,LR,AYEFCWQ,05,100.0,100.0,100.0,100.0
MAR_l,LR,AYEFCWQ,10,100.0,100.0,100.0,100.0
MAR_l,LR,AYEFCWQ,15,100.0,100.0,100.0,100.0
MAR_l,LR,AYEFCWQ,20,100.0,100.0,100.0,100.0
MAR_l,LR,AYEFCWQ,25,98.57142857142858,98.57142857142858,100.0,99.28057553956835
MAR_l,LR,AMV7EQF,05,86.66666666666667,94.54545454545455,91.22807017543859,92.85714285714285
MAR_l,LR,AMV7EQF,10,82.25806451612904,91.07142857142857,89.47368421052632,90.2654867256637
MAR_l,LR,AMV7EQF,15,85.0,94.44444444444444,89.47368421052632,91.8918918918919
MAR_l,LR,AMV7EQF,20,75.38461538461539,85.96491228070175,85.96491228070175,85.96491228070175
MAR_l,LR,AMV7EQF,25,61.016949152542374,94.73684210526315,63.1578947368421,75.78947368421052
MAR_l,LR,AZIK4ZA,05,0.0,0.0,0.0,0.0
MAR_l,LR,AZIK4ZA,10,0.0,0.0,0.0,0.0
MAR_l,LR,AZIK4ZA,15,0.0,0.0,0.0,0.0
MAR_l,LR,AZIK4ZA,20,0.0,0.0,0.0,0.0
MAR_l,LR,AZIK4ZA,25,0.0,0.0,0.0,0.0
MAR_l,LR,AJWW3IY,05,94.07894736842105,96.62162162162163,97.27891156462584,96.94915254237287
MAR_l,LR,AJWW3IY,10,92.15686274509804,95.91836734693877,95.91836734693877,95.91836734693877
MAR_l,LR,AJWW3IY,15,89.03225806451613,94.52054794520548,93.87755102040816,94.19795221843003
MAR_l,LR,AJWW3IY,20,72.2972972972973,99.07407407407408,72.78911564625851,83.921568627451
MAR_l,LR,AJWW3IY,25,47.4025974025974,91.25,49.65986394557823,64.31718061674009
MAR_l,LR,AX6281V,05,53.535353535353536,66.25,73.61111111111111,69.73684210526315
MAR_l,LR,AX6281V,10,53.0,65.4320987654321,73.61111111111111,69.28104575163398
MAR_l,LR,AX6281V,15,34.751773049645394,41.52542372881356,68.05555555555556,51.57894736842105
MAR_l,LR,AX6281V,20,31.176470588235293,35.099337748344375,73.61111111111111,47.53363228699552
MAR_l,LR,AX6281V,25,32.098765432098766,36.61971830985916,72.22222222222221,48.59813084112149
MAR_l,LR,AYWIEKR,05,72.95081967213115,80.9090909090909,88.11881188118812,84.36018957345973
MAR_l,LR,AYWIEKR,10,33.33333333333333,49.51456310679612,50.495049504950494,50.0
MAR_l,LR,AYWIEKR,15,29.333333333333332,47.31182795698925,43.56435643564357,45.36082474226804
MAR_l,LR,AYWIEKR,20,28.947368421052634,46.31578947368421,43.56435643564357,44.897959183673464
MAR_l,LR,AYWIEKR,25,27.1523178807947,45.05494505494506,40.5940594059406,42.70833333333333
MAR_l,LR,ATHKM6V,05,90.47619047619048,90.47619047619048,100.0,95.0
MAR_l,LR,ATHKM6V,10,92.6829268292683,92.6829268292683,100.0,96.20253164556964
MAR_l,LR,ATHKM6V,15,92.3076923076923,97.2972972972973,94.73684210526315,95.99999999999999
MAR_l,LR,ATHKM6V,20,90.47619047619048,90.47619047619048,100.0,95.0
MAR_l,LR,ATHKM6V,25,88.37209302325581,88.37209302325581,100.0,93.82716049382717
MAR_l,LR,AFPB8J2,05,82.30088495575221,86.11111111111111,94.89795918367348,90.29126213592234
MAR_l,LR,AFPB8J2,10,48.4375,67.3913043478261,63.26530612244898,65.26315789473685
MAR_l,LR,AFPB8J2,15,5.263157894736842,12.903225806451612,8.16326530612245,10.0
MAR_l,LR,AFPB8J2,20,3.888888888888889,7.865168539325842,7.142857142857142,7.486631016042781
MAR_l,LR,AFPB8J2,25,3.0973451327433628,5.185185185185185,7.142857142857142,6.008583690987124
MAR_l,LR,A0VFT1N,05,87.87878787878788,98.86363636363636,88.77551020408163,93.5483870967742
MAR_l,LR,A0VFT1N,10,69.38775510204081,100.0,69.38775510204081,81.9277108433735
MAR_l,LR,A0VFT1N,15,16.666666666666664,39.285714285714285,22.448979591836736,28.57142857142857
MAR_l,LR,A0VFT1N,20,9.271523178807946,20.8955223880597,14.285714285714285,16.96969696969697
MAR_l,LR,A0VFT1N,25,0.0,0.0,0.0,0.0
MAR_l,LR,AURCTAK,05,75.86206896551724,83.01886792452831,89.79591836734694,86.27450980392157
MAR_l,LR,AURCTAK,10,49.275362318840585,62.96296296296296,69.38775510204081,66.01941747572815
MAR_l,LR,AURCTAK,15,32.467532467532465,47.16981132075472,51.02040816326531,49.01960784313725
MAR_l,LR,AURCTAK,20,18.39080459770115,29.629629629629626,32.6530612244898,31.067961165048548
MAR_l,LR,AURCTAK,25,11.956521739130435,20.37037037037037,22.448979591836736,21.35922330097087
MAR_l,LR,A36HR6Y,05,90.0,90.0,100.0,94.73684210526316
MAR_l,LR,A36HR6Y,10,100.0,100.0,100.0,100.0
MAR_l,LR,A36HR6Y,15,47.368421052631575,47.368421052631575,100.0,64.28571428571429
MAR_l,LR,A36HR6Y,20,37.5,37.5,100.0,54.54545454545454
MAR_l,LR,A36HR6Y,25,47.368421052631575,47.368421052631575,100.0,64.28571428571429
MAR_l,LR,A4E0D03,05,58.666666666666664,70.96774193548387,77.19298245614034,73.94957983193277
MAR_l,LR,A4E0D03,10,46.15384615384615,63.1578947368421,63.1578947368421,63.1578947368421
MAR_l,LR,A4E0D03,15,24.65753424657534,52.94117647058824,31.57894736842105,39.56043956043956
MAR_l,LR,A4E0D03,20,27.692307692307693,69.23076923076923,31.57894736842105,43.373493975903614
MAR_l,LR,A4E0D03,25,42.10526315789473,100.0,42.10526315789473,59.25925925925925
MAR_l,LR,AJMQUVV,05,69.89247311827957,81.25,83.33333333333334,82.27848101265822
MAR_l,LR,AJMQUVV,10,51.886792452830186,66.26506024096386,70.51282051282051,68.32298136645963
MAR_l,LR,AJMQUVV,15,39.25233644859813,59.154929577464785,53.84615384615385,56.375838926174495
MAR_l,LR,AJMQUVV,20,33.33333333333333,58.620689655172406,43.58974358974359,50.0
MAR_l,LR,AJMQUVV,25,24.752475247524753,52.083333333333336,32.05128205128205,39.682539682539684
MAR_l,LR,A4G0044,05,69.14893617021278,82.27848101265823,81.25,81.76100628930818
MAR_l,LR,A4G0044,10,48.598130841121495,65.82278481012658,65.0,65.40880503144655
MAR_l,LR,A4G0044,15,22.5,40.298507462686565,33.75,36.734693877551024
MAR_l,LR,A4G0044,20,6.451612903225806,15.384615384615385,10.0,12.121212121212123
MAR_l,LR,A4G0044,25,2.479338842975207,6.8181818181818175,3.75,4.838709677419354
MAR_l,LR,AIFDJZB,05,100.0,100.0,100.0,100.0
MAR_l,LR,AIFDJZB,10,63.04347826086957,63.04347826086957,100.0,77.33333333333333
MAR_l,LR,AIFDJZB,15,10.0,75.0,10.344827586206897,18.181818181818183
MAR_l,LR,AIFDJZB,20,0.0,0.0,0.0,0.0
MAR_l,LR,AIFDJZB,25,0.0,0.0,0.0,0.0
MAR_l,LR,AQC0L71,05,68.42105263157895,100.0,68.42105263157895,81.25000000000001
MAR_l,LR,AQC0L71,10,52.63157894736842,100.0,52.63157894736842,68.96551724137932
MAR_l,LR,AQC0L71,15,26.31578947368421,100.0,26.31578947368421,41.66666666666667
MAR_l,LR,AQC0L71,20,0.0,0.0,0.0,0.0
MAR_l,LR,AQC0L71,25,0.0,0.0,0.0,0.0
MAR_l,LR,A7EM0B6,05,64.58333333333334,64.58333333333334,100.0,78.48101265822784
MAR_l,LR,A7EM0B6,10,45.588235294117645,45.588235294117645,100.0,62.62626262626263
MAR_l,LR,A7EM0B6,15,34.11764705882353,34.93975903614458,93.54838709677419,50.877192982456144
MAR_l,LR,A7EM0B6,20,16.666666666666664,19.753086419753085,51.61290322580645,28.57142857142857
MAR_l,LR,A7EM0B6,25,0.0,0.0,0.0,0.0
MAR_l,HT,A1ZJ41O,05,82.35294117647058,100.0,82.35294117647058,90.32258064516128
MAR_l,HT,A1ZJ41O,10,66.15384615384615,75.43859649122807,84.31372549019608,79.62962962962963
MAR_l,HT,A1ZJ41O,15,0.0,0.0,0.0,0.0
MAR_l,HT,A1ZJ41O,20,52.04081632653062,52.04081632653062,100.0,68.45637583892618
MAR_l,HT,A1ZJ41O,25,68.75,77.19298245614034,86.27450980392157,81.4814814814815
MAR_l,HT,AKXN5ZZ,05,79.22077922077922,95.81151832460732,82.0627802690583,88.40579710144928
MAR_l,HT,AKXN5ZZ,10,86.7704280155642,86.7704280155642,100.0,92.91666666666667
MAR_l,HT,AKXN5ZZ,15,67.30038022813687,81.5668202764977,79.37219730941703,80.45454545454545
MAR_l,HT,AKXN5ZZ,20,65.89147286821705,82.92682926829268,76.23318385650224,79.43925233644859
MAR_l,HT,AKXN5ZZ,25,28.000000000000004,52.17391304347826,37.66816143497758,43.75
MAR_l,HT,AAXAA7Z,05,92.98245614035088,100.0,92.98245614035088,96.36363636363636
MAR_l,HT,AAXAA7Z,10,91.52542372881356,96.42857142857143,94.73684210526315,95.57522123893804
MAR_l,HT,AAXAA7Z,15,58.91472868217055,83.51648351648352,66.66666666666666,74.14634146341463
MAR_l,HT,AAXAA7Z,20,12.790697674418606,27.500000000000004,19.298245614035086,22.68041237113402
MAR_l,HT,AAXAA7Z,25,0.0,0.0,0.0,0.0
MAR_l,HT,AA2KP1S,05,81.0126582278481,84.21052631578947,95.52238805970148,89.51048951048949
MAR_l,HT,AA2KP1S,10,75.0,86.36363636363636,85.07462686567165,85.71428571428571
MAR_l,HT,AA2KP1S,15,54.166666666666664,64.19753086419753,77.61194029850746,70.27027027027027
MAR_l,HT,AA2KP1S,20,11.688311688311687,47.368421052631575,13.432835820895523,20.930232558139533
MAR_l,HT,AA2KP1S,25,0.0,0.0,0.0,0.0
MAR_l,HT,APGIB2T,05,34.54545454545455,54.285714285714285,48.717948717948715,51.35135135135135
MAR_l,HT,APGIB2T,10,12.4031007751938,23.88059701492537,20.51282051282051,22.06896551724138
MAR_l,HT,APGIB2T,15,3.597122302158273,7.575757575757576,6.41025641025641,6.944444444444445
MAR_l,HT,APGIB2T,20,0.6756756756756757,1.4084507042253522,1.282051282051282,1.342281879194631
MAR_l,HT,APGIB2T,25,4.895104895104895,9.722222222222223,8.974358974358974,9.333333333333332
MAR_l,HT,AHYIJDV,05,64.51612903225806,64.51612903225806,100.0,78.43137254901961
MAR_l,HT,AHYIJDV,10,56.33802816901409,56.33802816901409,100.0,72.07207207207207
MAR_l,HT,AHYIJDV,15,51.94805194805194,51.94805194805194,100.0,68.37606837606836
MAR_l,HT,AHYIJDV,20,13.414634146341465,20.754716981132077,27.500000000000004,23.655913978494624
MAR_l,HT,AHYIJDV,25,0.0,0.0,0.0,0.0
MAR_l,HT,ASFODQR,05,95.4954954954955,98.14814814814815,97.24770642201835,97.69585253456222
MAR_l,HT,ASFODQR,10,76.85950413223141,88.57142857142857,85.3211009174312,86.91588785046729
MAR_l,HT,ASFODQR,15,94.64285714285714,97.24770642201835,97.24770642201835,97.24770642201835
MAR_l,HT,ASFODQR,20,30.538922155688624,46.788990825688074,46.788990825688074,46.788990825688074
MAR_l,HT,ASFODQR,25,26.900584795321635,42.592592592592595,42.201834862385326,42.3963133640553
MAR_l,HT,AUY8KYW,05,75.80645161290323,81.03448275862068,92.15686274509804,86.23853211009175
MAR_l,HT,AUY8KYW,10,11.009174311926607,17.142857142857142,23.52941176470588,19.834710743801654
MAR_l,HT,AUY8KYW,15,47.5609756097561,55.714285714285715,76.47058823529412,64.46280991735537
MAR_l,HT,AUY8KYW,20,9.090909090909092,17.77777777777778,15.686274509803921,16.666666666666664
MAR_l,HT,AUY8KYW,25,0.0,0.0,0.0,0.0
MAR_l,HT,A3OU183,05,56.16438356164384,89.13043478260869,60.29411764705882,71.92982456140349
MAR_l,HT,A3OU183,10,20.689655172413794,48.64864864864865,26.47058823529412,34.285714285714285
MAR_l,HT,A3OU183,15,1.1494252873563218,5.0,1.4705882352941175,2.2727272727272725
MAR_l,HT,A3OU183,20,0.0,0.0,0.0,0.0
MAR_l,HT,A3OU183,25,0.0,0.0,0.0,0.0
MAR_l,HT,AOYM4KG,05,51.578947368421055,59.036144578313255,80.32786885245902,68.05555555555556
MAR_l,HT,AOYM4KG,10,8.0,13.513513513513514,16.39344262295082,14.814814814814813
MAR_l,HT,AOYM4KG,15,0.0,0.0,0.0,0.0
MAR_l,HT,AOYM4KG,20,2.127659574468085,3.614457831325301,4.918032786885246,4.166666666666666
MAR_l,HT,AOYM4KG,25,0.0,0.0,0.0,0.0
MAR_l,HT,AV2GF3B,05,84.54545454545455,88.57142857142857,94.89795918367348,91.62561576354679
MAR_l,HT,AV2GF3B,10,68.96551724137932,81.63265306122449,81.63265306122449,81.63265306122449
MAR_l,HT,AV2GF3B,15,63.63636363636363,77.0,78.57142857142857,77.77777777777779
MAR_l,HT,AV2GF3B,20,67.52136752136752,80.61224489795919,80.61224489795919,80.6122448979592
MAR_l,HT,AV2GF3B,25,56.00000000000001,72.16494845360825,71.42857142857143,71.79487179487181
MAR_l,HT,A0NVTRV,05,83.05084745762711,90.74074074074075,90.74074074074075,90.74074074074075
MAR_l,HT,A0NVTRV,10,78.33333333333333,88.67924528301887,87.03703703703704,87.85046728971963
MAR_l,HT,A0NVTRV,15,81.35593220338984,90.56603773584906,88.88888888888889,89.7196261682243
MAR_l,HT,A0NVTRV,20,57.35294117647059,73.58490566037736,72.22222222222221,72.89719626168224
MAR_l,HT,A0NVTRV,25,57.35294117647059,73.58490566037736,72.22222222222221,72.89719626168224
MAR_l,HT,A1K5DRI,05,75.86206896551724,75.86206896551724,100.0,86.27450980392156
MAR_l,HT,A1K5DRI,10,66.15384615384615,67.1875,97.72727272727273,79.62962962962963
MAR_l,HT,A1K5DRI,15,46.31578947368421,46.31578947368421,100.0,63.30935251798561
MAR_l,HT,A1K5DRI,20,50.0,50.0,100.0,66.66666666666666
MAR_l,HT,A1K5DRI,25,60.0,65.0,88.63636363636364,75.0
MAR_l,HT,AYEFCWQ,05,92.0,92.0,100.0,95.83333333333334
MAR_l,HT,AYEFCWQ,10,92.0,92.0,100.0,95.83333333333334
MAR_l,HT,AYEFCWQ,15,85.18518518518519,85.18518518518519,100.0,92.0
MAR_l,HT,AYEFCWQ,20,82.14285714285714,82.14285714285714,100.0,90.19607843137256
MAR_l,HT,AYEFCWQ,25,55.2,55.2,100.0,71.1340206185567
MAR_l,HT,AMV7EQF,05,72.72727272727273,84.21052631578947,84.21052631578947,84.21052631578947
MAR_l,HT,AMV7EQF,10,65.57377049180327,90.9090909090909,70.17543859649122,79.20792079207921
MAR_l,HT,AMV7EQF,15,70.1492537313433,82.45614035087719,82.45614035087719,82.45614035087719
MAR_l,HT,AMV7EQF,20,17.073170731707318,35.8974358974359,24.561403508771928,29.166666666666668
MAR_l,HT,AMV7EQF,25,0.0,0.0,0.0,0.0
MAR_l,HT,AZIK4ZA,05,75.60975609756098,76.5432098765432,98.4126984126984,86.1111111111111
MAR_l,HT,AZIK4ZA,10,62.365591397849464,65.9090909090909,92.06349206349206,76.82119205298014
MAR_l,HT,AZIK4ZA,15,0.0,0.0,0.0,0.0
MAR_l,HT,AZIK4ZA,20,6.756756756756757,31.25,7.936507936507936,12.658227848101264
MAR_l,HT,AZIK4ZA,25,65.1685393258427,69.04761904761905,92.06349206349206,78.91156462585033
MAR_l,HT,AJWW3IY,05,96.66666666666667,97.97297297297297,98.63945578231292,98.3050847457627
MAR_l,HT,AJWW3IY,10,97.31543624161074,98.63945578231292,98.63945578231292,98.63945578231292
MAR_l,HT,AJWW3IY,15,86.07594936708861,92.51700680272108,92.51700680272108,92.51700680272108
MAR_l,HT,AJWW3IY,20,76.50602409638554,86.98630136986301,86.39455782312925,86.68941979522185
MAR_l,HT,AJWW3IY,25,72.61146496815286,91.93548387096774,77.55102040816327,84.13284132841326
MAR_l,HT,AX6281V,05,74.69879518072288,84.93150684931507,86.11111111111111,85.51724137931035
MAR_l,HT,AX6281V,10,51.66666666666667,56.36363636363636,86.11111111111111,68.13186813186813
MAR_l,HT,AX6281V,15,37.5,42.857142857142854,75.0,54.54545454545454
MAR_l,HT,AX6281V,20,19.069767441860467,22.282608695652172,56.94444444444444,32.03125
MAR_l,HT,AX6281V,25,29.015544041450774,31.63841807909605,77.77777777777779,44.97991967871486
MAR_l,HT,AYWIEKR,05,59.4059405940594,100.0,59.4059405940594,74.53416149068323
MAR_l,HT,AYWIEKR,10,35.18518518518518,84.44444444444444,37.62376237623762,52.054794520547944
MAR_l,HT,AYWIEKR,15,55.55555555555556,80.24691358024691,64.35643564356435,71.42857142857143
MAR_l,HT,AYWIEKR,20,27.31958762886598,36.3013698630137,52.475247524752476,42.91497975708502
MAR_l,HT,AYWIEKR,25,34.41558441558442,50.0,52.475247524752476,51.20772946859904
MAR_l,HT,ATHKM6V,05,95.0,95.0,100.0,97.43589743589743
MAR_l,HT,ATHKM6V,10,84.21052631578947,100.0,84.21052631578947,91.42857142857143
MAR_l,HT,ATHKM6V,15,76.31578947368422,100.0,76.31578947368422,86.56716417910448
MAR_l,HT,ATHKM6V,20,44.0,64.70588235294117,57.89473684210527,61.11111111111113
MAR_l,HT,ATHKM6V,25,22.36842105263158,30.909090909090907,44.73684210526316,36.55913978494624
MAR_l,HT,AFPB8J2,05,83.4862385321101,89.2156862745098,92.85714285714286,90.99999999999999
MAR_l,HT,AFPB8J2,10,68.42105263157895,72.22222222222221,92.85714285714286,81.25000000000001
MAR_l,HT,AFPB8J2,15,29.53020134228188,46.31578947368421,44.89795918367347,45.5958549222798
MAR_l,HT,AFPB8J2,20,57.25190839694656,69.44444444444444,76.53061224489795,72.81553398058253
MAR_l,HT,AFPB8J2,25,25.609756097560975,38.88888888888889,42.857142857142854,40.77669902912621
MAR_l,HT,A0VFT1N,05,38.93805309734513,74.57627118644068,44.89795918367347,56.05095541401274
MAR_l,HT,A0VFT1N,10,35.77235772357724,63.76811594202898,44.89795918367347,52.694610778443106
MAR_l,HT,A0VFT1N,15,53.48837209302325,69.0,70.40816326530613,69.69696969696969
MAR_l,HT,A0VFT1N,20,65.2542372881356,79.38144329896907,78.57142857142857,78.97435897435898
MAR_l,HT,A0VFT1N,25,77.88461538461539,93.10344827586206,82.6530612244898,87.56756756756758
MAR_l,HT,AURCTAK,05,13.636363636363635,34.61538461538461,18.367346938775512,24.000000000000004
MAR_l,HT,AURCTAK,10,2.4390243902439024,5.714285714285714,4.081632653061225,4.761904761904761
MAR_l,HT,AURCTAK,15,0.0,0.0,0.0,0.0
MAR_l,HT,AURCTAK,20,0.0,0.0,0.0,0.0
MAR_l,HT,AURCTAK,25,0.0,0.0,0.0,0.0
MAR_l,HT,A36HR6Y,05,39.130434782608695,39.130434782608695,100.0,56.25
MAR_l,HT,A36HR6Y,10,0.0,0.0,0.0,0.0
MAR_l,HT,A36HR6Y,15,0.0,0.0,0.0,0.0
MAR_l,HT,A36HR6Y,20,0.0,0.0,0.0,0.0
MAR_l,HT,A36HR6Y,25,0.0,0.0,0.0,0.0
MAR_l,HT,A4E0D03,05,75.40983606557377,92.0,80.7017543859649,85.98130841121495
MAR_l,HT,A4E0D03,10,40.35087719298245,100.0,40.35087719298245,57.49999999999999
MAR_l,HT,A4E0D03,15,55.932203389830505,94.28571428571428,57.89473684210527,71.73913043478262
MAR_l,HT,A4E0D03,20,34.177215189873415,55.10204081632652,47.368421052631575,50.943396226415096
MAR_l,HT,A4E0D03,25,11.607142857142858,19.11764705882353,22.807017543859647,20.799999999999997
MAR_l,HT,AJMQUVV,05,63.91752577319587,76.5432098765432,79.48717948717949,77.9874213836478
MAR_l,HT,AJMQUVV,10,45.535714285714285,60.0,65.38461538461539,62.57668711656442
MAR_l,HT,AJMQUVV,15,34.78260869565217,51.94805194805194,51.28205128205128,51.61290322580645
MAR_l,HT,AJMQUVV,20,35.03649635036496,44.85981308411215,61.53846153846154,51.891891891891895
MAR_l,HT,AJMQUVV,25,35.374149659863946,42.97520661157025,66.66666666666666,52.26130653266332
MAR_l,HT,A4G0044,05,81.25,100.0,81.25,89.65517241379311
MAR_l,HT,A4G0044,10,54.94505494505495,81.9672131147541,62.5,70.92198581560285
MAR_l,HT,A4G0044,15,1.680672268907563,4.878048780487805,2.5,3.3057851239669422
MAR_l,HT,A4G0044,20,0.8620689655172413,2.7027027027027026,1.25,1.7094017094017095
MAR_l,HT,A4G0044,25,0.0,0.0,0.0,0.0
MAR_l,HT,AIFDJZB,05,96.55172413793103,100.0,96.55172413793103,98.24561403508771
MAR_l,HT,AIFDJZB,10,80.55555555555556,80.55555555555556,100.0,89.23076923076924
MAR_l,HT,AIFDJZB,15,33.84615384615385,37.93103448275862,75.86206896551724,50.57471264367817
MAR_l,HT,AIFDJZB,20,26.136363636363637,28.04878048780488,79.3103448275862,41.44144144144145
MAR_l,HT,AIFDJZB,25,0.0,0.0,0.0,0.0
MAR_l,HT,AQC0L71,05,82.6086956521739,82.6086956521739,100.0,90.47619047619047
MAR_l,HT,AQC0L71,10,67.9245283018868,70.58823529411765,94.73684210526315,80.89887640449439
MAR_l,HT,AQC0L71,15,0.0,0.0,0.0,0.0
MAR_l,HT,AQC0L71,20,46.15384615384615,94.73684210526315,47.368421052631575,63.1578947368421
MAR_l,HT,AQC0L71,25,0.0,0.0,0.0,0.0
MAR_l,HT,A7EM0B6,05,83.78378378378379,83.78378378378379,100.0,91.1764705882353
MAR_l,HT,A7EM0B6,10,62.0,62.0,100.0,76.5432098765432
MAR_l,HT,A7EM0B6,15,28.915662650602407,31.57894736842105,77.41935483870968,44.85981308411215
MAR_l,HT,A7EM0B6,20,32.35294117647059,37.28813559322034,70.96774193548387,48.888888888888886
MAR_l,HT,A7EM0B6,25,26.08695652173913,28.235294117647058,77.41935483870968,41.37931034482759
MAR_l,HAT,A1ZJ41O,05,71.01449275362319,73.13432835820896,96.07843137254902,83.05084745762711
MAR_l,HAT,A1ZJ41O,10,24.615384615384617,53.333333333333336,31.372549019607842,39.50617283950617
MAR_l,HAT,A1ZJ41O,15,52.63157894736842,53.191489361702125,98.0392156862745,68.9655172413793
MAR_l,HAT,A1ZJ41O,20,8.695652173913043,16.3265306122449,15.686274509803921,16.0
MAR_l,HAT,A1ZJ41O,25,46.07843137254902,47.95918367346938,92.15686274509804,63.08724832214765
MAR_l,HAT,AKXN5ZZ,05,65.14522821576763,89.71428571428571,70.4035874439462,78.89447236180904
MAR_l,HAT,AKXN5ZZ,10,32.72727272727273,63.38028169014085,40.35874439461883,49.31506849315069
MAR_l,HAT,AKXN5ZZ,15,23.905723905723907,48.96551724137931,31.838565022421523,38.58695652173913
MAR_l,HAT,AKXN5ZZ,20,18.75,33.84615384615385,29.596412556053814,31.57894736842105
MAR_l,HAT,AKXN5ZZ,25,32.58064516129032,53.72340425531915,45.2914798206278,49.14841849148418
MAR_l,HAT,AAXAA7Z,05,78.125,87.71929824561403,87.71929824561403,87.71929824561403
MAR_l,HAT,AAXAA7Z,10,75.43859649122807,100.0,75.43859649122807,86.0
MAR_l,HAT,AAXAA7Z,15,24.0,50.0,31.57894736842105,38.70967741935484
MAR_l,HAT,AAXAA7Z,20,0.0,0.0,0.0,0.0
MAR_l,HAT,AAXAA7Z,25,0.0,0.0,0.0,0.0
MAR_l,HAT,AA2KP1S,05,34.66666666666667,76.47058823529412,38.80597014925373,51.48514851485149
MAR_l,HAT,AA2KP1S,10,0.0,0.0,0.0,0.0
MAR_l,HAT,AA2KP1S,15,24.107142857142858,37.5,40.298507462686565,38.84892086330935
MAR_l,HAT,AA2KP1S,20,0.0,0.0,0.0,0.0
MAR_l,HAT,AA2KP1S,25,4.651162790697675,17.391304347826086,5.970149253731343,8.888888888888888
MAR_l,HAT,APGIB2T,05,11.607142857142858,27.659574468085108,16.666666666666664,20.799999999999997
MAR_l,HAT,APGIB2T,10,0.7575757575757576,1.8181818181818181,1.282051282051282,1.5037593984962405
MAR_l,HAT,APGIB2T,15,7.079646017699115,18.6046511627907,10.256410256410255,13.223140495867769
MAR_l,HAT,APGIB2T,20,0.6944444444444444,1.4925373134328357,1.282051282051282,1.3793103448275863
MAR_l,HAT,APGIB2T,25,0.0,0.0,0.0,0.0
MAR_l,HAT,AHYIJDV,05,50.0,79.3103448275862,57.49999999999999,66.66666666666666
MAR_l,HAT,AHYIJDV,10,38.46153846153847,38.46153846153847,100.0,55.55555555555556
MAR_l,HAT,AHYIJDV,15,32.69230769230769,58.620689655172406,42.5,49.275362318840585
MAR_l,HAT,AHYIJDV,20,0.0,0.0,0.0,0.0
MAR_l,HAT,AHYIJDV,25,0.0,0.0,0.0,0.0
MAR_l,HAT,ASFODQR,05,96.3963963963964,98.1651376146789,98.1651376146789,98.1651376146789
MAR_l,HAT,ASFODQR,10,57.6271186440678,88.31168831168831,62.38532110091744,73.11827956989247
MAR_l,HAT,ASFODQR,15,58.77192982456141,93.05555555555556,61.46788990825688,74.03314917127072
MAR_l,HAT,ASFODQR,20,0.0,0.0,0.0,0.0
MAR_l,HAT,ASFODQR,25,0.0,0.0,0.0,0.0
MAR_l,HAT,AUY8KYW,05,77.77777777777779,93.33333333333333,82.35294117647058,87.49999999999999
MAR_l,HAT,AUY8KYW,10,8.620689655172415,41.66666666666667,9.803921568627452,15.873015873015872
MAR_l,HAT,AUY8KYW,15,2.564102564102564,6.896551724137931,3.9215686274509802,5.0
MAR_l,HAT,AUY8KYW,20,0.0,0.0,0.0,0.0
MAR_l,HAT,AUY8KYW,25,0.0,0.0,0.0,0.0
MAR_l,HAT,A3OU183,05,27.77777777777778,53.191489361702125,36.76470588235294,43.47826086956522
MAR_l,HAT,A3OU183,10,3.361344537815126,7.2727272727272725,5.88235294117647,6.504065040650407
MAR_l,HAT,A3OU183,15,0.0,0.0,0.0,0.0
MAR_l,HAT,A3OU183,20,0.0,0.0,0.0,0.0
MAR_l,HAT,A3OU183,25,0.0,0.0,0.0,0.0
MAR_l,HAT,AOYM4KG,05,7.1065989847715745,9.333333333333334,22.950819672131146,13.270142180094787
MAR_l,HAT,AOYM4KG,10,2.2026431718061676,2.923976608187134,8.19672131147541,4.310344827586206
MAR_l,HAT,AOYM4KG,15,4.205607476635514,5.555555555555555,14.754098360655737,8.071748878923765
MAR_l,HAT,AOYM4KG,20,3.65296803652968,4.819277108433735,13.114754098360656,7.048458149779735
MAR_l,HAT,AOYM4KG,25,2.262443438914027,3.0303030303030303,8.19672131147541,4.424778761061947
MAR_l,HAT,AV2GF3B,05,72.03389830508475,80.95238095238095,86.73469387755102,83.74384236453201
MAR_l,HAT,AV2GF3B,10,56.060606060606055,68.51851851851852,75.51020408163265,71.84466019417475
MAR_l,HAT,AV2GF3B,15,52.20588235294118,65.13761467889908,72.44897959183673,68.59903381642512
MAR_l,HAT,AV2GF3B,20,53.71900826446281,73.86363636363636,66.3265306122449,69.89247311827957
MAR_l,HAT,AV2GF3B,25,49.6124031007752,67.36842105263158,65.3061224489796,66.32124352331606
MAR_l,HAT,A0NVTRV,05,68.75,81.48148148148148,81.48148148148148,81.48148148148148
MAR_l,HAT,A0NVTRV,10,57.377049180327866,83.33333333333334,64.81481481481481,72.91666666666669
MAR_l,HAT,A0NVTRV,15,48.57142857142857,68.0,62.96296296296296,65.38461538461539
MAR_l,HAT,A0NVTRV,20,35.8974358974359,53.84615384615385,51.85185185185185,52.83018867924528
MAR_l,HAT,A0NVTRV,25,52.38095238095239,78.57142857142857,61.111111111111114,68.75000000000001
MAR_l,HAT,A1K5DRI,05,81.48148148148148,81.48148148148148,100.0,89.79591836734693
MAR_l,HAT,A1K5DRI,10,61.97183098591549,61.97183098591549,100.0,76.52173913043477
MAR_l,HAT,A1K5DRI,15,41.11111111111111,44.57831325301205,84.0909090909091,58.26771653543307
MAR_l,HAT,A1K5DRI,20,28.037383177570092,32.25806451612903,68.18181818181817,43.7956204379562
MAR_l,HAT,A1K5DRI,25,0.0,0.0,0.0,0.0
MAR_l,HAT,AYEFCWQ,05,98.57142857142858,98.57142857142858,100.0,99.28057553956835
MAR_l,HAT,AYEFCWQ,10,98.57142857142858,98.57142857142858,100.0,99.28057553956835
MAR_l,HAT,AYEFCWQ,15,82.6086956521739,100.0,82.6086956521739,90.47619047619047
MAR_l,HAT,AYEFCWQ,20,94.44444444444444,95.77464788732394,98.55072463768117,97.14285714285714
MAR_l,HAT,AYEFCWQ,25,40.625,46.846846846846844,75.36231884057972,57.777777777777786
MAR_l,HAT,AMV7EQF,05,4.838709677419355,37.5,5.263157894736842,9.23076923076923
MAR_l,HAT,AMV7EQF,10,0.0,0.0,0.0,0.0
MAR_l,HAT,AMV7EQF,15,0.0,0.0,0.0,0.0
MAR_l,HAT,AMV7EQF,20,0.0,0.0,0.0,0.0
MAR_l,HAT,AMV7EQF,25,0.0,0.0,0.0,0.0
MAR_l,HAT,AZIK4ZA,05,12.5,16.666666666666664,33.33333333333333,22.22222222222222
MAR_l,HAT,AZIK4ZA,10,1.7699115044247788,3.8461538461538463,3.1746031746031744,3.4782608695652173
MAR_l,HAT,AZIK4ZA,15,4.5,6.164383561643835,14.285714285714285,8.61244019138756
MAR_l,HAT,AZIK4ZA,20,0.0,0.0,0.0,0.0
MAR_l,HAT,AZIK4ZA,25,0.0,0.0,0.0,0.0
MAR_l,HAT,AJWW3IY,05,79.26829268292683,88.43537414965986,88.43537414965986,88.43537414965986
MAR_l,HAT,AJWW3IY,10,63.58381502890174,80.88235294117648,74.82993197278913,77.73851590106007
MAR_l,HAT,AJWW3IY,15,43.005181347150256,64.34108527131784,56.4625850340136,60.14492753623188
MAR_l,HAT,AJWW3IY,20,1.4285714285714286,4.545454545454546,2.0408163265306123,2.816901408450704
MAR_l,HAT,AJWW3IY,25,5.612244897959184,18.333333333333332,7.482993197278912,10.628019323671497
MAR_l,HAT,AX6281V,05,50.83333333333333,55.96330275229357,84.72222222222221,67.40331491712706
MAR_l,HAT,AX6281V,10,26.486486486486488,30.246913580246915,68.05555555555556,41.88034188034188
MAR_l,HAT,AX6281V,15,39.02439024390244,48.484848484848484,66.66666666666666,56.14035087719298
MAR_l,HAT,AX6281V,20,3.3816425120772946,4.929577464788732,9.722222222222223,6.5420560747663545
MAR_l,HAT,AX6281V,25,0.5128205128205128,0.8064516129032258,1.3888888888888888,1.0204081632653061
MAR_l,HAT,AYWIEKR,05,44.44444444444444,52.054794520547944,75.24752475247524,61.53846153846153
MAR_l,HAT,AYWIEKR,10,24.84472049689441,40.0,39.603960396039604,39.80099502487563
MAR_l,HAT,AYWIEKR,15,0.0,0.0,0.0,0.0
MAR_l,HAT,AYWIEKR,20,1.06951871657754,2.272727272727273,1.9801980198019802,2.1164021164021167
MAR_l,HAT,AYWIEKR,25,8.287292817679557,15.789473684210526,14.85148514851485,15.306122448979592
MAR_l,HAT,ATHKM6V,05,53.06122448979592,70.27027027027027,68.42105263157895,69.33333333333334
MAR_l,HAT,ATHKM6V,10,78.04878048780488,91.42857142857143,84.21052631578947,87.67123287671234
MAR_l,HAT,ATHKM6V,15,35.9375,46.93877551020408,60.526315789473685,52.87356321839081
MAR_l,HAT,ATHKM6V,20,0.0,0.0,0.0,0.0
MAR_l,HAT,ATHKM6V,25,0.0,0.0,0.0,0.0
MAR_l,HAT,AFPB8J2,05,47.91666666666667,60.0,70.40816326530613,64.7887323943662
MAR_l,HAT,AFPB8J2,10,27.027027027027028,44.44444444444444,40.816326530612244,42.5531914893617
MAR_l,HAT,AFPB8J2,15,19.587628865979383,28.35820895522388,38.775510204081634,32.758620689655174
MAR_l,HAT,AFPB8J2,20,28.402366863905325,40.33613445378151,48.97959183673469,44.23963133640553
MAR_l,HAT,AFPB8J2,25,22.941176470588236,35.13513513513514,39.795918367346935,37.32057416267943
MAR_l,HAT,A0VFT1N,05,39.2,64.47368421052632,50.0,56.32183908045977
MAR_l,HAT,A0VFT1N,10,34.18803418803419,67.79661016949152,40.816326530612244,50.955414012738856
MAR_l,HAT,A0VFT1N,15,4.316546762589928,12.76595744680851,6.122448979591836,8.275862068965518
MAR_l,HAT,A0VFT1N,20,5.084745762711865,10.227272727272728,9.183673469387756,9.67741935483871
MAR_l,HAT,A0VFT1N,25,0.0,0.0,0.0,0.0
MAR_l,HAT,AURCTAK,05,8.450704225352112,21.428571428571427,12.244897959183673,15.584415584415584
MAR_l,HAT,AURCTAK,10,1.25,3.125,2.0408163265306123,2.469135802469136
MAR_l,HAT,AURCTAK,15,0.0,0.0,0.0,0.0
MAR_l,HAT,AURCTAK,20,0.0,0.0,0.0,0.0
MAR_l,HAT,AURCTAK,25,0.0,0.0,0.0,0.0
MAR_l,HAT,A36HR6Y,05,0.0,0.0,0.0,0.0
MAR_l,HAT,A36HR6Y,10,0.0,0.0,0.0,0.0
MAR_l,HAT,A36HR6Y,15,0.0,0.0,0.0,0.0
MAR_l,HAT,A36HR6Y,20,0.0,0.0,0.0,0.0
MAR_l,HAT,A36HR6Y,25,0.0,0.0,0.0,0.0
MAR_l,HAT,A4E0D03,05,63.23529411764706,79.62962962962963,75.43859649122807,77.47747747747748
MAR_l,HAT,A4E0D03,10,0.0,0.0,0.0,0.0
MAR_l,HAT,A4E0D03,15,6.493506493506493,20.0,8.771929824561402,12.195121951219512
MAR_l,HAT,A4E0D03,20,3.3707865168539324,8.571428571428571,5.263157894736842,6.521739130434782
MAR_l,HAT,A4E0D03,25,20.0,33.33333333333333,33.33333333333333,33.33333333333333
MAR_l,HAT,AJMQUVV,05,44.02985074626866,51.30434782608696,75.64102564102564,61.13989637305699
MAR_l,HAT,AJMQUVV,10,40.0,53.333333333333336,61.53846153846154,57.14285714285715
MAR_l,HAT,AJMQUVV,15,6.547619047619048,10.891089108910892,14.102564102564102,12.29050279329609
MAR_l,HAT,AJMQUVV,20,13.88888888888889,19.68503937007874,32.05128205128205,24.390243902439025
MAR_l,HAT,AJMQUVV,25,25.862068965517242,44.11764705882353,38.46153846153847,41.09589041095891
MAR_l,HAT,A4G0044,05,32.71028037383177,56.451612903225815,43.75,49.29577464788733
MAR_l,HAT,A4G0044,10,0.7633587786259541,1.9230769230769231,1.25,1.5151515151515154
MAR_l,HAT,A4G0044,15,6.557377049180328,16.0,10.0,12.307692307692307
MAR_l,HAT,A4G0044,20,0.7936507936507936,2.127659574468085,1.25,1.574803149606299
MAR_l,HAT,A4G0044,25,0.0,0.0,0.0,0.0
MAR_l,HAT,AIFDJZB,05,0.0,0.0,0.0,0.0
MAR_l,HAT,AIFDJZB,10,0.0,0.0,0.0,0.0
MAR_l,HAT,AIFDJZB,15,0.0,0.0,0.0,0.0
MAR_l,HAT,AIFDJZB,20,5.555555555555555,7.0588235294117645,20.689655172413794,10.526315789473683
MAR_l,HAT,AIFDJZB,25,0.0,0.0,0.0,0.0
MAR_l,HAT,AQC0L71,05,60.0,71.42857142857143,78.94736842105263,75.00000000000001
MAR_l,HAT,AQC0L71,10,26.76056338028169,36.53846153846153,50.0,42.222222222222214
MAR_l,HAT,AQC0L71,15,0.0,0.0,0.0,0.0
MAR_l,HAT,AQC0L71,20,53.52112676056338,53.52112676056338,100.0,69.72477064220183
MAR_l,HAT,AQC0L71,25,0.0,0.0,0.0,0.0
MAR_l,HAT,A7EM0B6,05,38.028169014084504,40.298507462686565,87.09677419354838,55.102040816326536
MAR_l,HAT,A7EM0B6,10,8.955223880597014,10.434782608695652,38.70967741935484,16.438356164383556
MAR_l,HAT,A7EM0B6,15,0.0,0.0,0.0,0.0
MAR_l,HAT,A7EM0B6,20,0.0,0.0,0.0,0.0
MAR_l,HAT,A7EM0B6,25,0.0,0.0,0.0,0.0
MAR_l,MLP,A1ZJ41O,05,90.19607843137256,100.0,90.19607843137256,94.84536082474227
MAR_l,MLP,A1ZJ41O,10,80.3921568627451,100.0,80.3921568627451,89.1304347826087
MAR_l,MLP,A1ZJ41O,15,0.0,0.0,0.0,0.0
MAR_l,MLP,A1ZJ41O,20,60.78431372549019,100.0,60.78431372549019,75.60975609756096
MAR_l,MLP,A1ZJ41O,25,47.05882352941176,100.0,47.05882352941176,63.99999999999999
MAR_l,MLP,AKXN5ZZ,05,93.47826086956522,96.84684684684684,96.41255605381166,96.62921348314607
MAR_l,MLP,AKXN5ZZ,10,94.39655172413794,96.05263157894737,98.20627802690582,97.11751662971174
MAR_l,MLP,AKXN5ZZ,15,85.6,88.79668049792531,95.96412556053812,92.24137931034483
MAR_l,MLP,AKXN5ZZ,20,80.1556420233463,85.83333333333333,92.37668161434978,88.98488120950324
MAR_l,MLP,AKXN5ZZ,25,81.55737704918032,90.45454545454545,89.23766816143498,89.84198645598195
MAR_l,MLP,AAXAA7Z,05,85.36585365853658,92.10526315789474,92.10526315789474,92.10526315789474
MAR_l,MLP,AAXAA7Z,10,92.37288135593221,96.46017699115043,95.6140350877193,96.03524229074888
MAR_l,MLP,AAXAA7Z,15,83.60655737704919,92.72727272727272,89.47368421052632,91.07142857142856
MAR_l,MLP,AAXAA7Z,20,68.54838709677419,89.47368421052632,74.56140350877193,81.33971291866028
MAR_l,MLP,AAXAA7Z,25,64.4927536231884,78.76106194690266,78.0701754385965,78.41409691629954
MAR_l,MLP,AA2KP1S,05,90.41095890410958,91.66666666666666,98.50746268656717,94.96402877697841
MAR_l,MLP,AA2KP1S,10,81.0126582278481,84.21052631578947,95.52238805970148,89.51048951048949
MAR_l,MLP,AA2KP1S,15,78.48101265822784,83.78378378378379,92.53731343283582,87.94326241134752
MAR_l,MLP,AA2KP1S,20,77.21518987341773,83.56164383561644,91.04477611940298,87.14285714285714
MAR_l,MLP,AA2KP1S,25,71.7948717948718,83.5820895522388,83.5820895522388,83.5820895522388
MAR_l,MLP,APGIB2T,05,82.71604938271605,95.71428571428572,85.8974358974359,90.54054054054053
MAR_l,MLP,APGIB2T,10,47.5609756097561,90.69767441860465,50.0,64.46280991735537
MAR_l,MLP,APGIB2T,15,22.0,50.0,28.205128205128204,36.0655737704918
MAR_l,MLP,APGIB2T,20,15.841584158415841,41.02564102564102,20.51282051282051,27.35042735042735
MAR_l,MLP,APGIB2T,25,8.411214953271028,23.684210526315788,11.538461538461538,15.517241379310345
MAR_l,MLP,AHYIJDV,05,79.16666666666666,82.6086956521739,95.0,88.37209302325583
MAR_l,MLP,AHYIJDV,10,80.0,80.0,100.0,88.8888888888889
MAR_l,MLP,AHYIJDV,15,50.0,60.0,75.0,66.66666666666666
MAR_l,MLP,AHYIJDV,20,31.03448275862069,50.0,45.0,47.36842105263158
MAR_l,MLP,AHYIJDV,25,19.444444444444446,30.434782608695656,35.0,32.558139534883715
MAR_l,MLP,ASFODQR,05,100.0,100.0,100.0,100.0
MAR_l,MLP,ASFODQR,10,92.7927927927928,98.09523809523809,94.4954128440367,96.26168224299064
MAR_l,MLP,ASFODQR,15,92.66055045871559,100.0,92.66055045871559,96.19047619047619
MAR_l,MLP,ASFODQR,20,82.30088495575221,95.87628865979381,85.3211009174312,90.29126213592232
MAR_l,MLP,ASFODQR,25,62.38532110091744,100.0,62.38532110091744,76.8361581920904
MAR_l,MLP,AUY8KYW,05,76.19047619047619,80.0,94.11764705882352,86.48648648648648
MAR_l,MLP,AUY8KYW,10,43.58974358974359,55.73770491803278,66.66666666666666,60.71428571428571
MAR_l,MLP,AUY8KYW,15,50.0,59.09090909090909,76.47058823529412,66.66666666666667
MAR_l,MLP,AUY8KYW,20,4.0,11.11111111111111,5.88235294117647,7.692307692307692
MAR_l,MLP,AUY8KYW,25,29.03225806451613,39.130434782608695,52.94117647058824,45.0
MAR_l,MLP,A3OU183,05,86.11111111111111,93.93939393939394,91.17647058823529,92.53731343283583
MAR_l,MLP,A3OU183,10,78.94736842105263,88.23529411764706,88.23529411764706,88.23529411764706
MAR_l,MLP,A3OU183,15,61.72839506172839,79.36507936507937,73.52941176470588,76.33587786259542
MAR_l,MLP,A3OU183,20,88.40579710144928,98.38709677419355,89.70588235294117,93.84615384615385
MAR_l,MLP,A3OU183,25,21.27659574468085,43.47826086956522,29.411764705882355,35.08771929824562
MAR_l,MLP,AOYM4KG,05,67.6056338028169,82.75862068965517,78.68852459016394,80.67226890756302
MAR_l,MLP,AOYM4KG,10,45.05494505494506,57.74647887323944,67.21311475409836,62.121212121212125
MAR_l,MLP,AOYM4KG,15,58.46153846153847,90.47619047619048,62.295081967213115,73.7864077669903
MAR_l,MLP,AOYM4KG,20,47.88732394366197,77.27272727272727,55.73770491803278,64.76190476190476
MAR_l,MLP,AOYM4KG,25,20.155038759689923,27.659574468085108,42.62295081967213,33.54838709677419
MAR_l,MLP,AV2GF3B,05,96.96969696969697,98.96907216494846,97.95918367346938,98.46153846153847
MAR_l,MLP,AV2GF3B,10,86.23853211009175,89.52380952380953,95.91836734693877,92.61083743842364
MAR_l,MLP,AV2GF3B,15,75.42372881355932,81.65137614678899,90.81632653061224,85.99033816425121
MAR_l,MLP,AV2GF3B,20,78.15126050420169,81.57894736842105,94.89795918367348,87.73584905660378
MAR_l,MLP,AV2GF3B,25,60.60606060606061,70.17543859649122,81.63265306122449,75.47169811320754
MAR_l,MLP,A0NVTRV,05,98.14814814814815,100.0,98.14814814814815,99.06542056074767
MAR_l,MLP,A0NVTRV,10,94.54545454545455,98.11320754716981,96.29629629629629,97.19626168224299
MAR_l,MLP,A0NVTRV,15,84.48275862068965,92.45283018867924,90.74074074074075,91.58878504672899
MAR_l,MLP,A0NVTRV,20,64.61538461538461,79.24528301886792,77.77777777777779,78.50467289719626
MAR_l,MLP,A0NVTRV,25,84.48275862068965,92.45283018867924,90.74074074074075,91.58878504672899
MAR_l,MLP,A1K5DRI,05,97.77777777777777,97.77777777777777,100.0,98.87640449438202
MAR_l,MLP,A1K5DRI,10,97.72727272727273,100.0,97.72727272727273,98.85057471264368
MAR_l,MLP,A1K5DRI,15,75.0,100.0,75.0,85.71428571428571
MAR_l,MLP,A1K5DRI,20,47.72727272727273,100.0,47.72727272727273,64.61538461538461
MAR_l,MLP,A1K5DRI,25,27.27272727272727,100.0,27.27272727272727,42.857142857142854
MAR_l,MLP,AYEFCWQ,05,100.0,100.0,100.0,100.0
MAR_l,MLP,AYEFCWQ,10,100.0,100.0,100.0,100.0
MAR_l,MLP,AYEFCWQ,15,100.0,100.0,100.0,100.0
MAR_l,MLP,AYEFCWQ,20,98.57142857142858,98.57142857142858,100.0,99.28057553956835
MAR_l,MLP,AYEFCWQ,25,98.57142857142858,98.57142857142858,100.0,99.28057553956835
MAR_l,MLP,AMV7EQF,05,86.88524590163934,92.98245614035088,92.98245614035088,92.98245614035088
MAR_l,MLP,AMV7EQF,10,72.72727272727273,84.21052631578947,84.21052631578947,84.21052631578947
MAR_l,MLP,AMV7EQF,15,54.166666666666664,72.22222222222221,68.42105263157895,70.27027027027027
MAR_l,MLP,AMV7EQF,20,44.871794871794876,62.5,61.40350877192983,61.94690265486725
MAR_l,MLP,AMV7EQF,25,78.125,87.71929824561403,87.71929824561403,87.71929824561403
MAR_l,MLP,AZIK4ZA,05,86.95652173913044,90.9090909090909,95.23809523809523,93.02325581395348
MAR_l,MLP,AZIK4ZA,10,27.631578947368425,61.76470588235294,33.33333333333333,43.29896907216495
MAR_l,MLP,AZIK4ZA,15,19.565217391304348,38.297872340425535,28.57142857142857,32.72727272727273
MAR_l,MLP,AZIK4ZA,20,0.0,0.0,0.0,0.0
MAR_l,MLP,AZIK4ZA,25,0.0,0.0,0.0,0.0
MAR_l,MLP,AJWW3IY,05,97.31543624161074,98.63945578231292,98.63945578231292,98.63945578231292
MAR_l,MLP,AJWW3IY,10,96.0,97.95918367346938,97.95918367346938,97.95918367346938
MAR_l,MLP,AJWW3IY,15,94.03973509933775,97.26027397260275,96.5986394557823,96.92832764505118
MAR_l,MLP,AJWW3IY,20,91.50326797385621,95.8904109589041,95.23809523809523,95.56313993174061
MAR_l,MLP,AJWW3IY,25,90.60402684563759,98.54014598540147,91.83673469387756,95.07042253521126
MAR_l,MLP,AX6281V,05,73.86363636363636,80.24691358024691,90.27777777777779,84.9673202614379
MAR_l,MLP,AX6281V,10,64.42307692307693,67.67676767676768,93.05555555555556,78.36257309941521
MAR_l,MLP,AX6281V,15,69.23076923076923,90.0,75.0,81.81818181818183
MAR_l,MLP,AX6281V,20,33.5483870967742,38.51851851851852,72.22222222222221,50.24154589371981
MAR_l,MLP,AX6281V,25,36.60130718954248,40.87591240875913,77.77777777777779,53.588516746411486
MAR_l,MLP,AYWIEKR,05,86.23853211009175,92.15686274509804,93.06930693069307,92.61083743842364
MAR_l,MLP,AYWIEKR,10,66.39344262295081,79.41176470588235,80.19801980198021,79.80295566502463
MAR_l,MLP,AYWIEKR,15,55.55555555555556,73.68421052631578,69.3069306930693,71.42857142857143
MAR_l,MLP,AYWIEKR,20,42.44604316546763,60.824742268041234,58.415841584158414,59.59595959595959
MAR_l,MLP,AYWIEKR,25,37.410071942446045,57.77777777777777,51.48514851485149,54.45026178010471
MAR_l,MLP,ATHKM6V,05,88.37209302325581,88.37209302325581,100.0,93.82716049382717
MAR_l,MLP,ATHKM6V,10,77.55102040816327,77.55102040816327,100.0,87.35632183908045
MAR_l,MLP,ATHKM6V,15,65.51724137931035,65.51724137931035,100.0,79.16666666666666
MAR_l,MLP,ATHKM6V,20,65.51724137931035,65.51724137931035,100.0,79.16666666666666
MAR_l,MLP,ATHKM6V,25,67.85714285714286,67.85714285714286,100.0,80.85106382978724
MAR_l,MLP,AFPB8J2,05,82.72727272727273,88.3495145631068,92.85714285714286,90.54726368159206
MAR_l,MLP,AFPB8J2,10,58.01526717557252,69.72477064220183,77.55102040816327,73.42995169082126
MAR_l,MLP,AFPB8J2,15,76.53061224489795,100.0,76.53061224489795,86.70520231213872
MAR_l,MLP,AFPB8J2,20,24.666666666666668,41.57303370786517,37.755102040816325,39.57219251336898
MAR_l,MLP,AFPB8J2,25,20.863309352517987,41.42857142857143,29.591836734693878,34.523809523809526
MAR_l,MLP,A0VFT1N,05,87.12871287128714,96.7032967032967,89.79591836734694,93.12169312169313
MAR_l,MLP,A0VFT1N,10,87.25490196078431,95.6989247311828,90.81632653061224,93.19371727748691
MAR_l,MLP,A0VFT1N,15,81.0,97.59036144578313,82.6530612244898,89.50276243093923
MAR_l,MLP,A0VFT1N,20,76.53061224489795,100.0,76.53061224489795,86.70520231213872
MAR_l,MLP,A0VFT1N,25,35.714285714285715,100.0,35.714285714285715,52.63157894736842
MAR_l,MLP,AURCTAK,05,79.62962962962963,89.58333333333334,87.75510204081633,88.65979381443299
MAR_l,MLP,AURCTAK,10,67.79661016949152,80.0,81.63265306122449,80.80808080808082
MAR_l,MLP,AURCTAK,15,49.18032786885246,71.42857142857143,61.224489795918366,65.93406593406593
MAR_l,MLP,AURCTAK,20,36.84210526315789,72.41379310344827,42.857142857142854,53.846153846153854
MAR_l,MLP,AURCTAK,25,5.208333333333334,9.615384615384617,10.204081632653061,9.900990099009901
MAR_l,MLP,A36HR6Y,05,37.5,37.5,100.0,54.54545454545454
MAR_l,MLP,A36HR6Y,10,33.33333333333333,33.33333333333333,100.0,50.0
MAR_l,MLP,A36HR6Y,15,24.324324324324326,24.324324324324326,100.0,39.130434782608695
MAR_l,MLP,A36HR6Y,20,21.951219512195124,21.951219512195124,100.0,36.0
MAR_l,MLP,A36HR6Y,25,23.076923076923077,23.076923076923077,100.0,37.5
MAR_l,MLP,A4E0D03,05,71.42857142857143,79.36507936507937,87.71929824561403,83.33333333333334
MAR_l,MLP,A4E0D03,10,62.31884057971014,78.18181818181819,75.43859649122807,76.78571428571429
MAR_l,MLP,A4E0D03,15,74.13793103448276,97.72727272727273,75.43859649122807,85.14851485148516
MAR_l,MLP,A4E0D03,20,67.6056338028169,77.41935483870968,84.21052631578947,80.67226890756302
MAR_l,MLP,A4E0D03,25,57.692307692307686,68.18181818181817,78.94736842105263,73.17073170731707
MAR_l,MLP,AJMQUVV,05,66.3265306122449,76.47058823529412,83.33333333333334,79.75460122699386
MAR_l,MLP,AJMQUVV,10,61.904761904761905,70.65217391304348,83.33333333333334,76.47058823529413
MAR_l,MLP,AJMQUVV,15,46.728971962616825,63.29113924050633,64.1025641025641,63.69426751592356
MAR_l,MLP,AJMQUVV,20,40.18691588785047,59.72222222222222,55.12820512820513,57.333333333333336
MAR_l,MLP,AJMQUVV,25,36.53846153846153,59.375,48.717948717948715,53.52112676056338
MAR_l,MLP,A4G0044,05,90.47619047619048,95.0,95.0,95.0
MAR_l,MLP,A4G0044,10,76.66666666666667,87.34177215189874,86.25,86.79245283018868
MAR_l,MLP,A4G0044,15,87.05882352941177,93.67088607594937,92.5,93.08176100628933
MAR_l,MLP,A4G0044,20,54.36893203883495,70.88607594936708,70.0,70.44025157232704
MAR_l,MLP,A4G0044,25,37.37373737373738,66.07142857142857,46.25,54.41176470588235
MAR_l,MLP,AIFDJZB,05,93.10344827586206,100.0,93.10344827586206,96.42857142857143
MAR_l,MLP,AIFDJZB,10,39.285714285714285,44.89795918367347,75.86206896551724,56.4102564102564
MAR_l,MLP,AIFDJZB,15,7.142857142857142,10.869565217391305,17.24137931034483,13.333333333333334
MAR_l,MLP,AIFDJZB,20,0.0,0.0,0.0,0.0
MAR_l,MLP,AIFDJZB,25,0.0,0.0,0.0,0.0
MAR_l,MLP,AQC0L71,05,89.47368421052632,100.0,89.47368421052632,94.44444444444444
MAR_l,MLP,AQC0L71,10,78.94736842105263,100.0,78.94736842105263,88.23529411764706
MAR_l,MLP,AQC0L71,15,44.73684210526316,100.0,44.73684210526316,61.81818181818181
MAR_l,MLP,AQC0L71,20,0.0,0.0,0.0,0.0
MAR_l,MLP,AQC0L71,25,0.0,0.0,0.0,0.0
MAR_l,MLP,A7EM0B6,05,79.48717948717949,79.48717948717949,100.0,88.57142857142858
MAR_l,MLP,A7EM0B6,10,96.875,96.875,100.0,98.4126984126984
MAR_l,MLP,A7EM0B6,15,91.17647058823529,91.17647058823529,100.0,95.38461538461539
MAR_l,MLP,A7EM0B6,20,39.705882352941174,42.1875,87.09677419354838,56.84210526315789
MAR_l,MLP,A7EM0B6,25,28.205128205128204,31.88405797101449,70.96774193548387,44.00000000000001
MAR_m,None,A1ZJ41O,05,87.03703703703704,94.0,92.15686274509804,93.06930693069307
MAR_m,None,A1ZJ41O,10,77.58620689655173,86.53846153846155,88.23529411764706,87.37864077669903
MAR_m,None,A1ZJ41O,15,77.58620689655173,86.53846153846155,88.23529411764706,87.37864077669903
MAR_m,None,A1ZJ41O,20,70.0,82.35294117647058,82.35294117647058,82.35294117647058
MAR_m,None,A1ZJ41O,25,69.49152542372882,83.6734693877551,80.3921568627451,82.0
MAR_m,None,AKXN5ZZ,05,80.76923076923077,94.5,84.75336322869956,89.36170212765957
MAR_m,None,AKXN5ZZ,10,73.77049180327869,89.55223880597015,80.71748878923766,84.90566037735849
MAR_m,None,AKXN5ZZ,15,66.40625,83.74384236453201,76.23318385650224,79.81220657276994
MAR_m,None,AKXN5ZZ,20,57.971014492753625,75.11737089201877,71.74887892376681,73.39449541284402
MAR_m,None,AKXN5ZZ,25,51.85185185185185,67.54385964912281,69.05829596412556,68.29268292682927
MAR_m,None,AAXAA7Z,05,85.9504132231405,93.69369369369369,91.22807017543859,92.44444444444444
MAR_m,None,AAXAA7Z,10,73.4375,87.03703703703704,82.45614035087719,84.68468468468468
MAR_m,None,AAXAA7Z,15,61.029411764705884,79.04761904761905,72.80701754385966,75.79908675799086
MAR_m,None,AAXAA7Z,20,54.285714285714285,74.50980392156863,66.66666666666666,70.37037037037038
MAR_m,None,AAXAA7Z,25,52.51798561151079,74.48979591836735,64.03508771929825,68.8679245283019
MAR_m,None,AA2KP1S,05,80.55555555555556,92.06349206349206,86.56716417910447,89.23076923076923
MAR_m,None,AA2KP1S,10,63.1578947368421,84.21052631578947,71.64179104477611,77.41935483870968
MAR_m,None,AA2KP1S,15,64.47368421052632,84.48275862068965,73.13432835820896,78.4
MAR_m,None,AA2KP1S,20,55.26315789473685,82.35294117647058,62.68656716417911,71.18644067796609
MAR_m,None,AA2KP1S,25,49.333333333333336,82.22222222222221,55.223880597014926,66.07142857142858
MAR_m,None,APGIB2T,05,84.14634146341463,94.52054794520548,88.46153846153845,91.3907284768212
MAR_m,None,APGIB2T,10,78.57142857142857,91.66666666666666,84.61538461538461,87.99999999999999
MAR_m,None,APGIB2T,15,68.96551724137932,86.95652173913044,76.92307692307693,81.63265306122449
MAR_m,None,APGIB2T,20,66.29213483146067,84.28571428571429,75.64102564102564,79.72972972972971
MAR_m,None,APGIB2T,25,59.13978494623656,78.57142857142857,70.51282051282051,74.32432432432434
MAR_m,None,AHYIJDV,05,63.46153846153846,73.33333333333333,82.5,77.6470588235294
MAR_m,None,AHYIJDV,10,33.89830508474576,51.28205128205128,50.0,50.632911392405056
MAR_m,None,AHYIJDV,15,31.746031746031743,46.51162790697674,50.0,48.19277108433735
MAR_m,None,AHYIJDV,20,26.47058823529412,39.130434782608695,45.0,41.86046511627907
MAR_m,None,AHYIJDV,25,22.972972972972975,33.33333333333333,42.5,37.362637362637365
MAR_m,None,ASFODQR,05,94.5945945945946,98.13084112149532,96.3302752293578,97.22222222222221
MAR_m,None,ASFODQR,10,89.38053097345133,96.19047619047619,92.66055045871559,94.39252336448597
MAR_m,None,ASFODQR,15,89.28571428571429,97.0873786407767,91.74311926605505,94.33962264150944
MAR_m,None,ASFODQR,20,83.33333333333334,95.0,87.1559633027523,90.9090909090909
MAR_m,None,ASFODQR,25,73.94957983193278,89.79591836734694,80.73394495412845,85.02415458937197
MAR_m,None,AUY8KYW,05,78.57142857142857,89.79591836734694,86.27450980392157,87.99999999999999
MAR_m,None,AUY8KYW,10,66.07142857142857,88.09523809523809,72.54901960784314,79.56989247311827
MAR_m,None,AUY8KYW,15,74.50980392156863,100.0,74.50980392156863,85.39325842696628
MAR_m,None,AUY8KYW,20,59.25925925925925,91.42857142857143,62.745098039215684,74.4186046511628
MAR_m,None,AUY8KYW,25,47.27272727272727,86.66666666666667,50.98039215686274,64.19753086419753
MAR_m,None,A3OU183,05,79.45205479452055,92.06349206349206,85.29411764705883,88.54961832061068
MAR_m,None,A3OU183,10,62.82051282051282,83.05084745762711,72.05882352941177,77.16535433070865
MAR_m,None,A3OU183,15,51.19047619047619,72.88135593220339,63.23529411764706,67.71653543307087
MAR_m,None,A3OU183,20,42.35294117647059,67.9245283018868,52.94117647058824,59.50413223140496
MAR_m,None,A3OU183,25,36.84210526315789,56.451612903225815,51.470588235294116,53.84615384615385
MAR_m,None,AOYM4KG,05,81.53846153846153,92.98245614035088,86.88524590163934,89.83050847457625
MAR_m,None,AOYM4KG,10,78.46153846153847,92.72727272727272,83.60655737704919,87.93103448275862
MAR_m,None,AOYM4KG,15,63.23529411764706,86.0,70.49180327868852,77.47747747747748
MAR_m,None,AOYM4KG,20,57.35294117647059,84.78260869565217,63.934426229508205,72.89719626168225
MAR_m,None,AOYM4KG,25,55.223880597014926,86.04651162790698,60.65573770491803,71.15384615384615
MAR_m,None,AV2GF3B,05,97.97979797979798,98.9795918367347,98.9795918367347,98.9795918367347
MAR_m,None,AV2GF3B,10,93.06930693069307,96.90721649484536,95.91836734693877,96.4102564102564
MAR_m,None,AV2GF3B,15,91.17647058823529,95.87628865979381,94.89795918367348,95.38461538461539
MAR_m,None,AV2GF3B,20,84.76190476190476,92.70833333333334,90.81632653061224,91.75257731958763
MAR_m,None,AV2GF3B,25,84.46601941747572,94.56521739130434,88.77551020408163,91.57894736842105
MAR_m,None,A0NVTRV,05,70.96774193548387,84.61538461538461,81.48148148148148,83.0188679245283
MAR_m,None,A0NVTRV,10,51.515151515151516,73.91304347826086,62.96296296296296,68.0
MAR_m,None,A0NVTRV,15,67.74193548387096,84.0,77.77777777777779,80.76923076923077
MAR_m,None,A0NVTRV,20,63.33333333333333,86.36363636363636,70.37037037037037,77.55102040816327
MAR_m,None,A0NVTRV,25,51.61290322580645,80.0,59.25925925925925,68.08510638297872
MAR_m,None,A1K5DRI,05,87.75510204081633,89.58333333333334,97.72727272727273,93.47826086956522
MAR_m,None,A1K5DRI,10,77.55102040816327,88.37209302325581,86.36363636363636,87.35632183908046
MAR_m,None,A1K5DRI,15,67.9245283018868,80.0,81.81818181818183,80.89887640449439
MAR_m,None,A1K5DRI,20,60.3448275862069,71.42857142857143,79.54545454545455,75.26881720430106
MAR_m,None,A1K5DRI,25,63.793103448275865,72.54901960784314,84.0909090909091,77.89473684210527
MAR_m,None,AYEFCWQ,05,86.3013698630137,94.02985074626866,91.30434782608695,92.64705882352942
MAR_m,None,AYEFCWQ,10,77.63157894736842,89.39393939393939,85.5072463768116,87.4074074074074
MAR_m,None,AYEFCWQ,15,67.90123456790124,82.08955223880598,79.71014492753623,80.88235294117648
MAR_m,None,AYEFCWQ,20,55.294117647058826,74.60317460317461,68.11594202898551,71.21212121212122
MAR_m,None,AYEFCWQ,25,50.0,69.84126984126983,63.76811594202898,66.66666666666666
MAR_m,None,AMV7EQF,05,73.84615384615385,85.71428571428571,84.21052631578947,84.95575221238938
MAR_m,None,AMV7EQF,10,60.86956521739131,77.77777777777779,73.68421052631578,75.67567567567566
MAR_m,None,AMV7EQF,15,57.14285714285714,75.47169811320755,70.17543859649122,72.72727272727273
MAR_m,None,AMV7EQF,20,52.77777777777778,71.69811320754717,66.66666666666666,69.0909090909091
MAR_m,None,AMV7EQF,25,47.2972972972973,67.3076923076923,61.40350877192983,64.22018348623854
MAR_m,None,AZIK4ZA,05,86.56716417910447,93.54838709677419,92.06349206349206,92.8
MAR_m,None,AZIK4ZA,10,76.47058823529412,91.22807017543859,82.53968253968253,86.66666666666667
MAR_m,None,AZIK4ZA,15,80.0,96.29629629629629,82.53968253968253,88.88888888888889
MAR_m,None,AZIK4ZA,20,80.0,96.29629629629629,82.53968253968253,88.88888888888889
MAR_m,None,AZIK4ZA,25,74.24242424242425,94.23076923076923,77.77777777777779,85.21739130434781
MAR_m,None,AJWW3IY,05,92.76315789473685,96.57534246575342,95.91836734693877,96.24573378839591
MAR_m,None,AJWW3IY,10,86.45161290322581,94.36619718309859,91.15646258503402,92.73356401384083
MAR_m,None,AJWW3IY,15,82.05128205128204,93.43065693430657,87.07482993197279,90.14084507042254
MAR_m,None,AJWW3IY,20,73.91304347826086,89.47368421052632,80.95238095238095,85.00000000000001
MAR_m,None,AJWW3IY,25,72.04968944099379,89.23076923076924,78.91156462585033,83.75451263537907
MAR_m,None,AX6281V,05,67.04545454545455,78.66666666666666,81.94444444444444,80.27210884353741
MAR_m,None,AX6281V,10,51.724137931034484,75.0,62.5,68.18181818181817
MAR_m,None,AX6281V,15,39.56043956043956,65.45454545454545,50.0,56.69291338582677
MAR_m,None,AX6281V,20,26.804123711340207,50.98039215686274,36.11111111111111,42.27642276422763
MAR_m,None,AX6281V,25,30.927835051546392,54.54545454545454,41.66666666666667,47.24409448818898
MAR_m,None,AYWIEKR,05,78.99159663865547,83.92857142857143,93.06930693069307,88.26291079812208
MAR_m,None,AYWIEKR,10,67.79661016949152,82.4742268041237,79.20792079207921,80.80808080808082
MAR_m,None,AYWIEKR,15,61.6,76.23762376237624,76.23762376237624,76.23762376237624
MAR_m,None,AYWIEKR,20,54.22535211267606,65.2542372881356,76.23762376237624,70.31963470319636
MAR_m,None,AYWIEKR,25,57.35294117647059,69.02654867256636,77.22772277227723,72.89719626168225
MAR_m,None,ATHKM6V,05,67.3076923076923,71.42857142857143,92.10526315789474,80.45977011494253
MAR_m,None,ATHKM6V,10,47.540983606557376,55.769230769230774,76.31578947368422,64.44444444444444
MAR_m,None,ATHKM6V,15,45.614035087719294,57.77777777777777,68.42105263157895,62.650602409638545
MAR_m,None,ATHKM6V,20,33.87096774193548,46.666666666666664,55.26315789473685,50.602409638554214
MAR_m,None,ATHKM6V,25,27.941176470588236,38.775510204081634,50.0,43.678160919540225
MAR_m,None,AFPB8J2,05,77.27272727272727,87.62886597938144,86.73469387755102,87.17948717948717
MAR_m,None,AFPB8J2,10,61.206896551724135,79.7752808988764,72.44897959183673,75.93582887700533
MAR_m,None,AFPB8J2,15,55.371900826446286,74.44444444444444,68.36734693877551,71.27659574468085
MAR_m,None,AFPB8J2,20,42.96296296296296,61.05263157894737,59.183673469387756,60.103626943005175
MAR_m,None,AFPB8J2,25,35.754189944134076,44.13793103448276,65.3061224489796,52.674897119341566
MAR_m,None,A0VFT1N,05,85.14851485148515,96.62921348314607,87.75510204081633,91.97860962566844
MAR_m,None,A0VFT1N,10,75.47169811320755,90.9090909090909,81.63265306122449,86.02150537634408
MAR_m,None,A0VFT1N,15,74.03846153846155,92.7710843373494,78.57142857142857,85.0828729281768
MAR_m,None,A0VFT1N,20,70.47619047619048,91.35802469135803,75.51020408163265,82.68156424581005
MAR_m,None,A0VFT1N,25,69.1588785046729,89.1566265060241,75.51020408163265,81.76795580110497
MAR_m,None,AURCTAK,05,83.33333333333334,90.0,91.83673469387756,90.9090909090909
MAR_m,None,AURCTAK,10,62.71186440677966,78.72340425531915,75.51020408163265,77.08333333333333
MAR_m,None,AURCTAK,15,50.0,73.17073170731707,61.224489795918366,66.66666666666666
MAR_m,None,AURCTAK,20,38.333333333333336,67.64705882352942,46.93877551020408,55.42168674698795
MAR_m,None,AURCTAK,25,32.25806451612903,60.60606060606061,40.816326530612244,48.78048780487806
MAR_m,None,A36HR6Y,05,69.23076923076923,69.23076923076923,100.0,81.81818181818181
MAR_m,None,A36HR6Y,10,11.11111111111111,100.0,11.11111111111111,20.0
MAR_m,None,A36HR6Y,15,69.23076923076923,69.23076923076923,100.0,81.81818181818181
MAR_m,None,A36HR6Y,20,80.0,88.88888888888889,88.88888888888889,88.88888888888889
MAR_m,None,A36HR6Y,25,81.81818181818183,81.81818181818183,100.0,90.0
MAR_m,None,A4E0D03,05,77.61194029850746,83.87096774193549,91.22807017543859,87.3949579831933
MAR_m,None,A4E0D03,10,63.63636363636363,82.35294117647058,73.68421052631578,77.77777777777779
MAR_m,None,A4E0D03,15,57.57575757575758,80.85106382978722,66.66666666666666,73.07692307692307
MAR_m,None,A4E0D03,20,52.94117647058824,76.59574468085107,63.1578947368421,69.23076923076923
MAR_m,None,A4E0D03,25,43.037974683544306,60.71428571428571,59.64912280701754,60.17699115044247
MAR_m,None,AJMQUVV,05,57.84313725490197,71.08433734939759,75.64102564102564,73.2919254658385
MAR_m,None,AJMQUVV,10,46.601941747572816,65.75342465753424,61.53846153846154,63.576158940397356
MAR_m,None,AJMQUVV,15,37.96296296296296,57.74647887323944,52.56410256410257,55.033557046979865
MAR_m,None,AJMQUVV,20,32.758620689655174,50.0,48.717948717948715,49.35064935064935
MAR_m,None,AJMQUVV,25,28.333333333333332,44.73684210526316,43.58974358974359,44.15584415584416
MAR_m,None,A4G0044,05,93.90243902439023,97.46835443037975,96.25,96.85534591194968
MAR_m,None,A4G0044,10,77.52808988764045,88.46153846153845,86.25,87.34177215189874
MAR_m,None,A4G0044,15,72.52747252747253,85.71428571428571,82.5,84.07643312101911
MAR_m,None,A4G0044,20,71.42857142857143,85.52631578947368,81.25,83.33333333333334
MAR_m,None,A4G0044,25,65.59139784946237,82.43243243243244,76.25,79.22077922077922
MAR_m,None,AIFDJZB,05,77.41935483870968,92.3076923076923,82.75862068965517,87.27272727272727
MAR_m,None,AIFDJZB,10,64.70588235294117,81.48148148148148,75.86206896551724,78.57142857142857
MAR_m,None,AIFDJZB,15,54.761904761904766,63.888888888888886,79.3103448275862,70.76923076923076
MAR_m,None,AIFDJZB,20,51.162790697674424,61.111111111111114,75.86206896551724,67.6923076923077
MAR_m,None,AIFDJZB,25,51.162790697674424,61.111111111111114,75.86206896551724,67.6923076923077
MAR_m,None,AQC0L71,05,94.73684210526315,100.0,94.73684210526315,97.2972972972973
MAR_m,None,AQC0L71,10,80.48780487804879,91.66666666666666,86.8421052631579,89.18918918918918
MAR_m,None,AQC0L71,15,77.77777777777779,83.33333333333334,92.10526315789474,87.5
MAR_m,None,AQC0L71,20,72.72727272727273,84.21052631578947,84.21052631578947,84.21052631578947
MAR_m,None,AQC0L71,25,64.44444444444444,80.55555555555556,76.31578947368422,78.37837837837837
MAR_m,None,A7EM0B6,05,77.77777777777779,84.84848484848484,90.32258064516128,87.5
MAR_m,None,A7EM0B6,10,68.75,95.65217391304348,70.96774193548387,81.4814814814815
MAR_m,None,A7EM0B6,15,80.0,87.5,90.32258064516128,88.88888888888889
MAR_m,None,A7EM0B6,20,72.72727272727273,92.3076923076923,77.41935483870968,84.21052631578947
MAR_m,None,A7EM0B6,25,38.63636363636363,56.666666666666664,54.83870967741935,55.73770491803278
MAR_m,Mean,A1ZJ41O,05,94.44444444444444,94.44444444444444,100.0,97.14285714285714
MAR_m,Mean,A1ZJ41O,10,92.72727272727272,92.72727272727272,100.0,96.22641509433963
MAR_m,Mean,A1ZJ41O,15,91.07142857142857,91.07142857142857,100.0,95.32710280373831
MAR_m,Mean,A1ZJ41O,20,86.4406779661017,86.4406779661017,100.0,92.72727272727273
MAR_m,Mean,A1ZJ41O,25,75.0,75.0,100.0,85.71428571428571
MAR_m,Mean,AKXN5ZZ,05,93.85964912280701,97.71689497716895,95.96412556053812,96.83257918552036
MAR_m,Mean,AKXN5ZZ,10,92.57641921397381,97.24770642201835,95.06726457399103,96.14512471655328
MAR_m,Mean,AKXN5ZZ,15,92.95154185022027,98.13953488372093,94.61883408071749,96.34703196347031
MAR_m,Mean,AKXN5ZZ,20,92.03539823008849,98.5781990521327,93.27354260089686,95.85253456221199
MAR_m,Mean,AKXN5ZZ,25,90.39301310043668,97.1830985915493,92.82511210762333,94.95412844036697
MAR_m,Mean,AAXAA7Z,05,98.26086956521739,99.12280701754386,99.12280701754386,99.12280701754386
MAR_m,Mean,AAXAA7Z,10,96.55172413793103,98.24561403508771,98.24561403508771,98.24561403508771
MAR_m,Mean,AAXAA7Z,15,96.55172413793103,98.24561403508771,98.24561403508771,98.24561403508771
MAR_m,Mean,AAXAA7Z,20,96.55172413793103,98.24561403508771,98.24561403508771,98.24561403508771
MAR_m,Mean,AAXAA7Z,25,96.55172413793103,98.24561403508771,98.24561403508771,98.24561403508771
MAR_m,Mean,AA2KP1S,05,91.17647058823529,98.4126984126984,92.53731343283582,95.38461538461537
MAR_m,Mean,AA2KP1S,10,81.42857142857143,95.0,85.07462686567165,89.76377952755905
MAR_m,Mean,AA2KP1S,15,73.91304347826086,96.22641509433963,76.11940298507463,85.0
MAR_m,Mean,AA2KP1S,20,67.64705882352942,97.87234042553192,68.65671641791045,80.7017543859649
MAR_m,Mean,AA2KP1S,25,62.68656716417911,100.0,62.68656716417911,77.06422018348624
MAR_m,Mean,APGIB2T,05,96.15384615384616,100.0,96.15384615384616,98.0392156862745
MAR_m,Mean,APGIB2T,10,97.43589743589743,100.0,97.43589743589743,98.7012987012987
MAR_m,Mean,APGIB2T,15,94.9367088607595,98.68421052631578,96.15384615384616,97.40259740259741
MAR_m,Mean,APGIB2T,20,93.67088607594937,98.66666666666667,94.87179487179486,96.73202614379085
MAR_m,Mean,APGIB2T,25,86.25,97.1830985915493,88.46153846153845,92.61744966442953
MAR_m,Mean,AHYIJDV,05,78.72340425531915,84.0909090909091,92.5,88.09523809523809
MAR_m,Mean,AHYIJDV,10,80.43478260869566,86.04651162790698,92.5,89.1566265060241
MAR_m,Mean,AHYIJDV,15,82.22222222222221,88.09523809523809,92.5,90.2439024390244
MAR_m,Mean,AHYIJDV,20,82.97872340425532,84.78260869565217,97.5,90.69767441860466
MAR_m,Mean,AHYIJDV,25,75.0,81.81818181818183,90.0,85.71428571428572
MAR_m,Mean,ASFODQR,05,98.18181818181819,99.08256880733946,99.08256880733946,99.08256880733946
MAR_m,Mean,ASFODQR,10,94.64285714285714,97.24770642201835,97.24770642201835,97.24770642201835
MAR_m,Mean,ASFODQR,15,92.92035398230088,96.3302752293578,96.3302752293578,96.3302752293578
MAR_m,Mean,ASFODQR,20,89.56521739130436,94.4954128440367,94.4954128440367,94.4954128440367
MAR_m,Mean,ASFODQR,25,87.93103448275862,93.57798165137615,93.57798165137615,93.57798165137615
MAR_m,Mean,AUY8KYW,05,96.15384615384616,98.0392156862745,98.0392156862745,98.0392156862745
MAR_m,Mean,AUY8KYW,10,88.67924528301887,95.91836734693877,92.15686274509804,94.0
MAR_m,Mean,AUY8KYW,15,83.01886792452831,95.65217391304348,86.27450980392157,90.72164948453609
MAR_m,Mean,AUY8KYW,20,80.35714285714286,90.0,88.23529411764706,89.10891089108911
MAR_m,Mean,AUY8KYW,25,87.03703703703704,94.0,92.15686274509804,93.06930693069307
MAR_m,Mean,A3OU183,05,92.64705882352942,100.0,92.64705882352942,96.18320610687023
MAR_m,Mean,A3OU183,10,76.47058823529412,100.0,76.47058823529412,86.66666666666666
MAR_m,Mean,A3OU183,15,67.64705882352942,100.0,67.64705882352942,80.70175438596492
MAR_m,Mean,A3OU183,20,60.29411764705882,100.0,60.29411764705882,75.22935779816513
MAR_m,Mean,A3OU183,25,51.470588235294116,100.0,51.470588235294116,67.96116504854368
MAR_m,Mean,AOYM4KG,05,83.87096774193549,98.11320754716981,85.24590163934425,91.2280701754386
MAR_m,Mean,AOYM4KG,10,76.92307692307693,92.5925925925926,81.9672131147541,86.95652173913044
MAR_m,Mean,AOYM4KG,15,60.56338028169014,81.13207547169812,70.49180327868852,75.43859649122805
MAR_m,Mean,AOYM4KG,20,56.75675675675676,76.36363636363637,68.85245901639344,72.41379310344827
MAR_m,Mean,AOYM4KG,25,43.75,64.81481481481481,57.377049180327866,60.86956521739131
MAR_m,Mean,AV2GF3B,05,98.9795918367347,100.0,98.9795918367347,99.48717948717947
MAR_m,Mean,AV2GF3B,10,97.95918367346938,100.0,97.95918367346938,98.96907216494846
MAR_m,Mean,AV2GF3B,15,97.95918367346938,100.0,97.95918367346938,98.96907216494846
MAR_m,Mean,AV2GF3B,20,96.93877551020408,100.0,96.93877551020408,98.44559585492229
MAR_m,Mean,AV2GF3B,25,96.93877551020408,100.0,96.93877551020408,98.44559585492229
MAR_m,Mean,A0NVTRV,05,96.36363636363636,98.14814814814815,98.14814814814815,98.14814814814815
MAR_m,Mean,A0NVTRV,10,86.20689655172413,92.5925925925926,92.5925925925926,92.5925925925926
MAR_m,Mean,A0NVTRV,15,89.47368421052632,94.44444444444444,94.44444444444444,94.44444444444444
MAR_m,Mean,A0NVTRV,20,86.20689655172413,92.5925925925926,92.5925925925926,92.5925925925926
MAR_m,Mean,A0NVTRV,25,77.04918032786885,87.03703703703704,87.03703703703704,87.03703703703704
MAR_m,Mean,A1K5DRI,05,93.61702127659575,93.61702127659575,100.0,96.7032967032967
MAR_m,Mean,A1K5DRI,10,97.77777777777777,97.77777777777777,100.0,98.87640449438202
MAR_m,Mean,A1K5DRI,15,93.61702127659575,93.61702127659575,100.0,96.7032967032967
MAR_m,Mean,A1K5DRI,20,95.65217391304348,95.65217391304348,100.0,97.77777777777777
MAR_m,Mean,A1K5DRI,25,93.61702127659575,93.61702127659575,100.0,96.7032967032967
MAR_m,Mean,AYEFCWQ,05,95.65217391304348,100.0,95.65217391304348,97.77777777777777
MAR_m,Mean,AYEFCWQ,10,100.0,100.0,100.0,100.0
MAR_m,Mean,AYEFCWQ,15,100.0,100.0,100.0,100.0
MAR_m,Mean,AYEFCWQ,20,100.0,100.0,100.0,100.0
MAR_m,Mean,AYEFCWQ,25,100.0,100.0,100.0,100.0
MAR_m,Mean,AMV7EQF,05,93.22033898305084,96.49122807017544,96.49122807017544,96.49122807017544
MAR_m,Mean,AMV7EQF,10,93.22033898305084,96.49122807017544,96.49122807017544,96.49122807017544
MAR_m,Mean,AMV7EQF,15,93.22033898305084,96.49122807017544,96.49122807017544,96.49122807017544
MAR_m,Mean,AMV7EQF,20,94.82758620689656,98.21428571428571,96.49122807017544,97.34513274336283
MAR_m,Mean,AMV7EQF,25,94.82758620689656,98.21428571428571,96.49122807017544,97.34513274336283
MAR_m,Mean,AZIK4ZA,05,88.05970149253731,93.65079365079364,93.65079365079364,93.65079365079364
MAR_m,Mean,AZIK4ZA,10,87.87878787878788,95.08196721311475,92.06349206349206,93.54838709677418
MAR_m,Mean,AZIK4ZA,15,89.85507246376811,91.17647058823529,98.4126984126984,94.65648854961832
MAR_m,Mean,AZIK4ZA,20,88.40579710144928,91.04477611940298,96.82539682539682,93.84615384615385
MAR_m,Mean,AZIK4ZA,25,86.3013698630137,86.3013698630137,100.0,92.64705882352942
MAR_m,Mean,AJWW3IY,05,99.32432432432432,99.32432432432432,100.0,99.66101694915254
MAR_m,Mean,AJWW3IY,10,96.0,97.95918367346938,97.95918367346938,97.95918367346938
MAR_m,Mean,AJWW3IY,15,93.42105263157895,96.5986394557823,96.5986394557823,96.5986394557823
MAR_m,Mean,AJWW3IY,20,93.42105263157895,96.5986394557823,96.5986394557823,96.5986394557823
MAR_m,Mean,AJWW3IY,25,92.15686274509804,95.91836734693877,95.91836734693877,95.91836734693877
MAR_m,Mean,AX6281V,05,84.21052631578947,94.11764705882352,88.88888888888889,91.42857142857143
MAR_m,Mean,AX6281V,10,78.2051282051282,91.04477611940298,84.72222222222221,87.76978417266189
MAR_m,Mean,AX6281V,15,81.33333333333333,95.3125,84.72222222222221,89.70588235294117
MAR_m,Mean,AX6281V,20,78.66666666666666,95.16129032258065,81.94444444444444,88.05970149253733
MAR_m,Mean,AX6281V,25,68.35443037974683,88.52459016393442,75.0,81.203007518797
MAR_m,Mean,AYWIEKR,05,93.45794392523365,94.33962264150944,99.00990099009901,96.61835748792271
MAR_m,Mean,AYWIEKR,10,82.5,83.89830508474576,98.01980198019803,90.41095890410958
MAR_m,Mean,AYWIEKR,15,84.16666666666667,84.16666666666667,100.0,91.4027149321267
MAR_m,Mean,AYWIEKR,20,80.32786885245902,82.35294117647058,97.02970297029702,89.0909090909091
MAR_m,Mean,AYWIEKR,25,83.19327731092437,84.61538461538461,98.01980198019803,90.82568807339449
MAR_m,Mean,ATHKM6V,05,88.37209302325581,88.37209302325581,100.0,93.82716049382717
MAR_m,Mean,ATHKM6V,10,88.37209302325581,88.37209302325581,100.0,93.82716049382717
MAR_m,Mean,ATHKM6V,15,90.47619047619048,90.47619047619048,100.0,95.0
MAR_m,Mean,ATHKM6V,20,95.0,95.0,100.0,97.43589743589743
MAR_m,Mean,ATHKM6V,25,94.87179487179486,97.36842105263158,97.36842105263158,97.36842105263158
MAR_m,Mean,AFPB8J2,05,81.65137614678899,89.0,90.81632653061224,89.8989898989899
MAR_m,Mean,AFPB8J2,10,67.74193548387096,76.36363636363637,85.71428571428571,80.76923076923076
MAR_m,Mean,AFPB8J2,15,62.30769230769231,71.68141592920354,82.6530612244898,76.77725118483414
MAR_m,Mean,AFPB8J2,20,64.84375,73.45132743362832,84.6938775510204,78.67298578199052
MAR_m,Mean,AFPB8J2,25,65.87301587301587,74.77477477477478,84.6938775510204,79.42583732057417
MAR_m,Mean,A0VFT1N,05,97.95918367346938,100.0,97.95918367346938,98.96907216494846
MAR_m,Mean,A0VFT1N,10,90.0,97.82608695652173,91.83673469387756,94.73684210526316
MAR_m,Mean,A0VFT1N,15,89.10891089108911,96.7741935483871,91.83673469387756,94.24083769633509
MAR_m,Mean,A0VFT1N,20,91.17647058823529,95.87628865979381,94.89795918367348,95.38461538461539
MAR_m,Mean,A0VFT1N,25,89.2156862745098,95.78947368421052,92.85714285714286,94.30051813471502
MAR_m,Mean,AURCTAK,05,94.0,97.91666666666666,95.91836734693877,96.90721649484536
MAR_m,Mean,AURCTAK,10,91.83673469387756,100.0,91.83673469387756,95.74468085106383
MAR_m,Mean,AURCTAK,15,80.0,97.5609756097561,81.63265306122449,88.8888888888889
MAR_m,Mean,AURCTAK,20,68.62745098039215,94.5945945945946,71.42857142857143,81.3953488372093
MAR_m,Mean,AURCTAK,25,61.53846153846154,91.42857142857143,65.3061224489796,76.19047619047618
MAR_m,Mean,A36HR6Y,05,88.88888888888889,100.0,88.88888888888889,94.11764705882352
MAR_m,Mean,A36HR6Y,10,66.66666666666666,100.0,66.66666666666666,80.0
MAR_m,Mean,A36HR6Y,15,66.66666666666666,100.0,66.66666666666666,80.0
MAR_m,Mean,A36HR6Y,20,55.55555555555556,100.0,55.55555555555556,71.42857142857143
MAR_m,Mean,A36HR6Y,25,55.55555555555556,100.0,55.55555555555556,71.42857142857143
MAR_m,Mean,A4E0D03,05,91.93548387096774,91.93548387096774,100.0,95.79831932773108
MAR_m,Mean,A4E0D03,10,85.07462686567165,85.07462686567165,100.0,91.93548387096774
MAR_m,Mean,A4E0D03,15,81.15942028985508,82.35294117647058,98.24561403508771,89.60000000000001
MAR_m,Mean,A4E0D03,20,81.15942028985508,82.35294117647058,98.24561403508771,89.60000000000001
MAR_m,Mean,A4E0D03,25,73.61111111111111,77.94117647058823,92.98245614035088,84.79999999999998
MAR_m,Mean,AJMQUVV,05,79.3103448275862,88.46153846153845,88.46153846153845,88.46153846153845
MAR_m,Mean,AJMQUVV,10,70.2127659574468,80.48780487804879,84.61538461538461,82.5
MAR_m,Mean,AJMQUVV,15,70.45454545454545,86.11111111111111,79.48717948717949,82.66666666666667
MAR_m,Mean,AJMQUVV,20,61.05263157894737,77.33333333333333,74.35897435897436,75.81699346405229
MAR_m,Mean,AJMQUVV,25,56.00000000000001,71.7948717948718,71.7948717948718,71.7948717948718
MAR_m,Mean,A4G0044,05,100.0,100.0,100.0,100.0
MAR_m,Mean,A4G0044,10,97.53086419753086,98.75,98.75,98.75
MAR_m,Mean,A4G0044,15,92.7710843373494,96.25,96.25,96.25000000000001
MAR_m,Mean,A4G0044,20,90.47619047619048,95.0,95.0,95.0
MAR_m,Mean,A4G0044,25,90.47619047619048,95.0,95.0,95.0
MAR_m,Mean,AIFDJZB,05,96.66666666666667,96.66666666666667,100.0,98.3050847457627
MAR_m,Mean,AIFDJZB,10,100.0,100.0,100.0,100.0
MAR_m,Mean,AIFDJZB,15,100.0,100.0,100.0,100.0
MAR_m,Mean,AIFDJZB,20,100.0,100.0,100.0,100.0
MAR_m,Mean,AIFDJZB,25,93.10344827586206,100.0,93.10344827586206,96.42857142857143
MAR_m,Mean,AQC0L71,05,94.73684210526315,100.0,94.73684210526315,97.2972972972973
MAR_m,Mean,AQC0L71,10,92.10526315789474,100.0,92.10526315789474,95.8904109589041
MAR_m,Mean,AQC0L71,15,92.10526315789474,100.0,92.10526315789474,95.8904109589041
MAR_m,Mean,AQC0L71,20,89.47368421052632,100.0,89.47368421052632,94.44444444444444
MAR_m,Mean,AQC0L71,25,89.47368421052632,100.0,89.47368421052632,94.44444444444444
MAR_m,Mean,A7EM0B6,05,96.7741935483871,100.0,96.7741935483871,98.36065573770492
MAR_m,Mean,A7EM0B6,10,87.09677419354838,100.0,87.09677419354838,93.10344827586206
MAR_m,Mean,A7EM0B6,15,86.11111111111111,86.11111111111111,100.0,92.53731343283582
MAR_m,Mean,A7EM0B6,20,83.78378378378379,83.78378378378379,100.0,91.1764705882353
MAR_m,Mean,A7EM0B6,25,75.60975609756098,75.60975609756098,100.0,86.11111111111111
MAR_m,LR,A1ZJ41O,05,100.0,100.0,100.0,100.0
MAR_m,LR,A1ZJ41O,10,100.0,100.0,100.0,100.0
MAR_m,LR,A1ZJ41O,15,100.0,100.0,100.0,100.0
MAR_m,LR,A1ZJ41O,20,98.0392156862745,100.0,98.0392156862745,99.009900990099
MAR_m,LR,A1ZJ41O,25,98.0392156862745,100.0,98.0392156862745,99.009900990099
MAR_m,LR,AKXN5ZZ,05,97.75784753363229,100.0,97.75784753363229,98.86621315192743
MAR_m,LR,AKXN5ZZ,10,96.41255605381166,100.0,96.41255605381166,98.17351598173516
MAR_m,LR,AKXN5ZZ,15,95.06726457399103,100.0,95.06726457399103,97.47126436781608
MAR_m,LR,AKXN5ZZ,20,94.64285714285714,99.53051643192488,95.06726457399103,97.24770642201834
MAR_m,LR,AKXN5ZZ,25,95.11111111111111,99.07407407407408,95.96412556053812,97.49430523917995
MAR_m,LR,AAXAA7Z,05,100.0,100.0,100.0,100.0
MAR_m,LR,AAXAA7Z,10,100.0,100.0,100.0,100.0
MAR_m,LR,AAXAA7Z,15,98.26086956521739,99.12280701754386,99.12280701754386,99.12280701754386
MAR_m,LR,AAXAA7Z,20,98.26086956521739,99.12280701754386,99.12280701754386,99.12280701754386
MAR_m,LR,AAXAA7Z,25,99.1304347826087,99.1304347826087,100.0,99.56331877729258
MAR_m,LR,AA2KP1S,05,91.42857142857143,95.52238805970148,95.52238805970148,95.52238805970148
MAR_m,LR,AA2KP1S,10,94.20289855072464,97.01492537313433,97.01492537313433,97.01492537313433
MAR_m,LR,AA2KP1S,15,91.04477611940298,100.0,91.04477611940298,95.3125
MAR_m,LR,AA2KP1S,20,88.23529411764706,98.36065573770492,89.55223880597015,93.75
MAR_m,LR,AA2KP1S,25,88.23529411764706,98.36065573770492,89.55223880597015,93.75
MAR_m,LR,APGIB2T,05,96.15384615384616,100.0,96.15384615384616,98.0392156862745
MAR_m,LR,APGIB2T,10,93.67088607594937,98.66666666666667,94.87179487179486,96.73202614379085
MAR_m,LR,APGIB2T,15,92.40506329113924,98.64864864864865,93.58974358974359,96.05263157894737
MAR_m,LR,APGIB2T,20,92.40506329113924,98.64864864864865,93.58974358974359,96.05263157894737
MAR_m,LR,APGIB2T,25,91.13924050632912,98.63013698630137,92.3076923076923,95.36423841059603
MAR_m,LR,AHYIJDV,05,100.0,100.0,100.0,100.0
MAR_m,LR,AHYIJDV,10,90.69767441860465,92.85714285714286,97.5,95.1219512195122
MAR_m,LR,AHYIJDV,15,90.69767441860465,92.85714285714286,97.5,95.1219512195122
MAR_m,LR,AHYIJDV,20,86.36363636363636,90.47619047619048,95.0,92.68292682926828
MAR_m,LR,AHYIJDV,25,88.63636363636364,90.69767441860465,97.5,93.97590361445783
MAR_m,LR,ASFODQR,05,100.0,100.0,100.0,100.0
MAR_m,LR,ASFODQR,10,100.0,100.0,100.0,100.0
MAR_m,LR,ASFODQR,15,100.0,100.0,100.0,100.0
MAR_m,LR,ASFODQR,20,100.0,100.0,100.0,100.0
MAR_m,LR,ASFODQR,25,100.0,100.0,100.0,100.0
MAR_m,LR,AUY8KYW,05,96.07843137254902,100.0,96.07843137254902,98.0
MAR_m,LR,AUY8KYW,10,94.11764705882352,100.0,94.11764705882352,96.96969696969697
MAR_m,LR,AUY8KYW,15,94.11764705882352,100.0,94.11764705882352,96.96969696969697
MAR_m,LR,AUY8KYW,20,96.07843137254902,100.0,96.07843137254902,98.0
MAR_m,LR,AUY8KYW,25,92.3076923076923,97.95918367346938,94.11764705882352,96.0
MAR_m,LR,A3OU183,05,92.95774647887323,95.65217391304348,97.05882352941177,96.35036496350365
MAR_m,LR,A3OU183,10,92.95774647887323,95.65217391304348,97.05882352941177,96.35036496350365
MAR_m,LR,A3OU183,15,91.54929577464789,95.58823529411765,95.58823529411765,95.58823529411765
MAR_m,LR,A3OU183,20,90.14084507042254,95.52238805970148,94.11764705882352,94.81481481481482
MAR_m,LR,A3OU183,25,90.27777777777779,94.20289855072464,95.58823529411765,94.89051094890512
MAR_m,LR,AOYM4KG,05,91.93548387096774,98.27586206896551,93.44262295081968,95.79831932773108
MAR_m,LR,AOYM4KG,10,87.5,94.91525423728814,91.80327868852459,93.33333333333333
MAR_m,LR,AOYM4KG,15,75.0,87.93103448275862,83.60655737704919,85.71428571428572
MAR_m,LR,AOYM4KG,20,70.0,84.48275862068965,80.32786885245902,82.3529411764706
MAR_m,LR,AOYM4KG,25,66.66666666666666,81.35593220338984,78.68852459016394,80.0
MAR_m,LR,AV2GF3B,05,100.0,100.0,100.0,100.0
MAR_m,LR,AV2GF3B,10,98.9795918367347,100.0,98.9795918367347,99.48717948717947
MAR_m,LR,AV2GF3B,15,98.9795918367347,100.0,98.9795918367347,99.48717948717947
MAR_m,LR,AV2GF3B,20,97.95918367346938,100.0,97.95918367346938,98.96907216494846
MAR_m,LR,AV2GF3B,25,96.93877551020408,100.0,96.93877551020408,98.44559585492229
MAR_m,LR,A0NVTRV,05,96.36363636363636,98.14814814814815,98.14814814814815,98.14814814814815
MAR_m,LR,A0NVTRV,10,96.36363636363636,98.14814814814815,98.14814814814815,98.14814814814815
MAR_m,LR,A0NVTRV,15,96.36363636363636,98.14814814814815,98.14814814814815,98.14814814814815
MAR_m,LR,A0NVTRV,20,100.0,100.0,100.0,100.0
MAR_m,LR,A0NVTRV,25,96.36363636363636,98.14814814814815,98.14814814814815,98.14814814814815
MAR_m,LR,A1K5DRI,05,97.77777777777777,97.77777777777777,100.0,98.87640449438202
MAR_m,LR,A1K5DRI,10,97.77777777777777,97.77777777777777,100.0,98.87640449438202
MAR_m,LR,A1K5DRI,15,97.77777777777777,97.77777777777777,100.0,98.87640449438202
MAR_m,LR,A1K5DRI,20,97.77777777777777,97.77777777777777,100.0,98.87640449438202
MAR_m,LR,A1K5DRI,25,97.77777777777777,97.77777777777777,100.0,98.87640449438202
MAR_m,LR,AYEFCWQ,05,100.0,100.0,100.0,100.0
MAR_m,LR,AYEFCWQ,10,100.0,100.0,100.0,100.0
MAR_m,LR,AYEFCWQ,15,100.0,100.0,100.0,100.0
MAR_m,LR,AYEFCWQ,20,100.0,100.0,100.0,100.0
MAR_m,LR,AYEFCWQ,25,100.0,100.0,100.0,100.0
MAR_m,LR,AMV7EQF,05,94.91525423728814,96.55172413793103,98.24561403508771,97.39130434782608
MAR_m,LR,AMV7EQF,10,94.91525423728814,96.55172413793103,98.24561403508771,97.39130434782608
MAR_m,LR,AMV7EQF,15,96.55172413793103,98.24561403508771,98.24561403508771,98.24561403508771
MAR_m,LR,AMV7EQF,20,96.55172413793103,98.24561403508771,98.24561403508771,98.24561403508771
MAR_m,LR,AMV7EQF,25,96.55172413793103,98.24561403508771,98.24561403508771,98.24561403508771
MAR_m,LR,AZIK4ZA,05,98.4126984126984,100.0,98.4126984126984,99.19999999999999
MAR_m,LR,AZIK4ZA,10,96.82539682539682,100.0,96.82539682539682,98.38709677419354
MAR_m,LR,AZIK4ZA,15,93.84615384615384,96.82539682539682,96.82539682539682,96.82539682539682
MAR_m,LR,AZIK4ZA,20,89.55223880597015,93.75,95.23809523809523,94.48818897637796
MAR_m,LR,AZIK4ZA,25,90.9090909090909,95.23809523809523,95.23809523809523,95.23809523809523
MAR_m,LR,AJWW3IY,05,100.0,100.0,100.0,100.0
MAR_m,LR,AJWW3IY,10,100.0,100.0,100.0,100.0
MAR_m,LR,AJWW3IY,15,97.98657718120806,98.64864864864865,99.31972789115646,98.98305084745763
MAR_m,LR,AJWW3IY,20,96.66666666666667,97.97297297297297,98.63945578231292,98.3050847457627
MAR_m,LR,AJWW3IY,25,97.31543624161074,98.63945578231292,98.63945578231292,98.63945578231292
MAR_m,LR,AX6281V,05,93.24324324324324,97.1830985915493,95.83333333333334,96.5034965034965
MAR_m,LR,AX6281V,10,85.52631578947368,94.20289855072464,90.27777777777779,92.19858156028369
MAR_m,LR,AX6281V,15,79.74683544303798,90.0,87.5,88.73239436619718
MAR_m,LR,AX6281V,20,80.76923076923077,91.30434782608695,87.5,89.36170212765957
MAR_m,LR,AX6281V,25,73.07692307692307,90.47619047619048,79.16666666666666,84.44444444444444
MAR_m,LR,AYWIEKR,05,95.1923076923077,97.05882352941177,98.01980198019803,97.53694581280787
MAR_m,LR,AYWIEKR,10,91.66666666666666,93.39622641509435,98.01980198019803,95.65217391304348
MAR_m,LR,AYWIEKR,15,87.61061946902655,89.1891891891892,98.01980198019803,93.39622641509435
MAR_m,LR,AYWIEKR,20,87.61061946902655,89.1891891891892,98.01980198019803,93.39622641509435
MAR_m,LR,AYWIEKR,25,85.34482758620689,86.8421052631579,98.01980198019803,92.09302325581396
MAR_m,LR,ATHKM6V,05,92.6829268292683,92.6829268292683,100.0,96.20253164556964
MAR_m,LR,ATHKM6V,10,95.0,95.0,100.0,97.43589743589743
MAR_m,LR,ATHKM6V,15,92.6829268292683,92.6829268292683,100.0,96.20253164556964
MAR_m,LR,ATHKM6V,20,90.47619047619048,90.47619047619048,100.0,95.0
MAR_m,LR,ATHKM6V,25,88.37209302325581,88.37209302325581,100.0,93.82716049382717
MAR_m,LR,AFPB8J2,05,92.23300970873787,95.0,96.93877551020408,95.95959595959594
MAR_m,LR,AFPB8J2,10,97.95918367346938,100.0,97.95918367346938,98.96907216494846
MAR_m,LR,AFPB8J2,15,97.95918367346938,100.0,97.95918367346938,98.96907216494846
MAR_m,LR,AFPB8J2,20,98.9795918367347,100.0,98.9795918367347,99.48717948717947
MAR_m,LR,AFPB8J2,25,98.9795918367347,100.0,98.9795918367347,99.48717948717947
MAR_m,LR,A0VFT1N,05,97.95918367346938,100.0,97.95918367346938,98.96907216494846
MAR_m,LR,A0VFT1N,10,96.0,97.95918367346938,97.95918367346938,97.95918367346938
MAR_m,LR,A0VFT1N,15,95.91836734693877,100.0,95.91836734693877,97.91666666666666
MAR_m,LR,A0VFT1N,20,94.0,97.91666666666666,95.91836734693877,96.90721649484536
MAR_m,LR,A0VFT1N,25,94.0,97.91666666666666,95.91836734693877,96.90721649484536
MAR_m,LR,AURCTAK,05,98.0,98.0,100.0,98.98989898989899
MAR_m,LR,AURCTAK,10,90.38461538461539,94.0,95.91836734693877,94.94949494949495
MAR_m,LR,AURCTAK,15,90.38461538461539,94.0,95.91836734693877,94.94949494949495
MAR_m,LR,AURCTAK,20,83.33333333333334,90.0,91.83673469387756,90.9090909090909
MAR_m,LR,AURCTAK,25,76.78571428571429,86.0,87.75510204081633,86.86868686868686
MAR_m,LR,A36HR6Y,05,100.0,100.0,100.0,100.0
MAR_m,LR,A36HR6Y,10,88.88888888888889,100.0,88.88888888888889,94.11764705882352
MAR_m,LR,A36HR6Y,15,88.88888888888889,100.0,88.88888888888889,94.11764705882352
MAR_m,LR,A36HR6Y,20,88.88888888888889,100.0,88.88888888888889,94.11764705882352
MAR_m,LR,A36HR6Y,25,100.0,100.0,100.0,100.0
MAR_m,LR,A4E0D03,05,95.0,95.0,100.0,97.43589743589743
MAR_m,LR,A4E0D03,10,96.61016949152543,96.61016949152543,100.0,98.27586206896551
MAR_m,LR,A4E0D03,15,85.48387096774194,91.37931034482759,92.98245614035088,92.17391304347825
MAR_m,LR,A4E0D03,20,93.33333333333333,94.91525423728814,98.24561403508771,96.55172413793103
MAR_m,LR,A4E0D03,25,85.24590163934425,92.85714285714286,91.22807017543859,92.03539823008849
MAR_m,LR,AJMQUVV,05,86.90476190476191,92.40506329113924,93.58974358974359,92.99363057324842
MAR_m,LR,AJMQUVV,10,89.1566265060241,93.67088607594937,94.87179487179486,94.26751592356688
MAR_m,LR,AJMQUVV,15,85.71428571428571,92.3076923076923,92.3076923076923,92.3076923076923
MAR_m,LR,AJMQUVV,20,78.4090909090909,87.34177215189874,88.46153846153845,87.89808917197452
MAR_m,LR,AJMQUVV,25,78.4090909090909,87.34177215189874,88.46153846153845,87.89808917197452
MAR_m,LR,A4G0044,05,97.53086419753086,98.75,98.75,98.75
MAR_m,LR,A4G0044,10,97.53086419753086,98.75,98.75,98.75
MAR_m,LR,A4G0044,15,95.1219512195122,97.5,97.5,97.5
MAR_m,LR,A4G0044,20,92.7710843373494,96.25,96.25,96.25000000000001
MAR_m,LR,A4G0044,25,90.47619047619048,95.0,95.0,95.0
MAR_m,LR,AIFDJZB,05,96.66666666666667,96.66666666666667,100.0,98.3050847457627
MAR_m,LR,AIFDJZB,10,96.66666666666667,96.66666666666667,100.0,98.3050847457627
MAR_m,LR,AIFDJZB,15,96.66666666666667,96.66666666666667,100.0,98.3050847457627
MAR_m,LR,AIFDJZB,20,96.66666666666667,96.66666666666667,100.0,98.3050847457627
MAR_m,LR,AIFDJZB,25,96.66666666666667,96.66666666666667,100.0,98.3050847457627
MAR_m,LR,AQC0L71,05,100.0,100.0,100.0,100.0
MAR_m,LR,AQC0L71,10,94.73684210526315,100.0,94.73684210526315,97.2972972972973
MAR_m,LR,AQC0L71,15,100.0,100.0,100.0,100.0
MAR_m,LR,AQC0L71,20,97.36842105263158,100.0,97.36842105263158,98.66666666666666
MAR_m,LR,AQC0L71,25,94.87179487179486,97.36842105263158,97.36842105263158,97.36842105263158
MAR_m,LR,A7EM0B6,05,96.875,96.875,100.0,98.4126984126984
MAR_m,LR,A7EM0B6,10,96.875,96.875,100.0,98.4126984126984
MAR_m,LR,A7EM0B6,15,91.17647058823529,91.17647058823529,100.0,95.38461538461539
MAR_m,LR,A7EM0B6,20,93.93939393939394,93.93939393939394,100.0,96.875
MAR_m,LR,A7EM0B6,25,93.93939393939394,93.93939393939394,100.0,96.875
MAR_m,HT,A1ZJ41O,05,100.0,100.0,100.0,100.0
MAR_m,HT,A1ZJ41O,10,100.0,100.0,100.0,100.0
MAR_m,HT,A1ZJ41O,15,98.0392156862745,100.0,98.0392156862745,99.009900990099
MAR_m,HT,A1ZJ41O,20,98.0392156862745,100.0,98.0392156862745,99.009900990099
MAR_m,HT,A1ZJ41O,25,96.07843137254902,100.0,96.07843137254902,98.0
MAR_m,HT,AKXN5ZZ,05,98.66071428571429,99.54954954954955,99.10313901345292,99.32584269662922
MAR_m,HT,AKXN5ZZ,10,96.0,99.08256880733946,96.8609865470852,97.9591836734694
MAR_m,HT,AKXN5ZZ,15,97.30941704035875,100.0,97.30941704035875,98.63636363636364
MAR_m,HT,AKXN5ZZ,20,97.76785714285714,99.54545454545455,98.20627802690582,98.87133182844242
MAR_m,HT,AKXN5ZZ,25,93.88646288209607,97.28506787330316,96.41255605381166,96.84684684684684
MAR_m,HT,AAXAA7Z,05,99.1304347826087,99.1304347826087,100.0,99.56331877729258
MAR_m,HT,AAXAA7Z,10,100.0,100.0,100.0,100.0
MAR_m,HT,AAXAA7Z,15,98.26086956521739,99.12280701754386,99.12280701754386,99.12280701754386
MAR_m,HT,AAXAA7Z,20,100.0,100.0,100.0,100.0
MAR_m,HT,AAXAA7Z,25,100.0,100.0,100.0,100.0
MAR_m,HT,AA2KP1S,05,91.42857142857143,95.52238805970148,95.52238805970148,95.52238805970148
MAR_m,HT,AA2KP1S,10,87.14285714285714,95.3125,91.04477611940298,93.1297709923664
MAR_m,HT,AA2KP1S,15,85.5072463768116,96.72131147540983,88.05970149253731,92.18749999999999
MAR_m,HT,AA2KP1S,20,91.04477611940298,100.0,91.04477611940298,95.3125
MAR_m,HT,AA2KP1S,25,85.07462686567165,100.0,85.07462686567165,91.93548387096774
MAR_m,HT,APGIB2T,05,97.43589743589743,100.0,97.43589743589743,98.7012987012987
MAR_m,HT,APGIB2T,10,96.15384615384616,100.0,96.15384615384616,98.0392156862745
MAR_m,HT,APGIB2T,15,93.67088607594937,98.66666666666667,94.87179487179486,96.73202614379085
MAR_m,HT,APGIB2T,20,94.87179487179486,100.0,94.87179487179486,97.36842105263158
MAR_m,HT,APGIB2T,25,93.58974358974359,100.0,93.58974358974359,96.68874172185431
MAR_m,HT,AHYIJDV,05,93.02325581395348,93.02325581395348,100.0,96.3855421686747
MAR_m,HT,AHYIJDV,10,84.44444444444444,88.37209302325581,95.0,91.56626506024097
MAR_m,HT,AHYIJDV,15,81.81818181818183,90.0,90.0,90.0
MAR_m,HT,AHYIJDV,20,75.51020408163265,80.43478260869566,92.5,86.04651162790698
MAR_m,HT,AHYIJDV,25,78.72340425531915,84.0909090909091,92.5,88.09523809523809
MAR_m,HT,ASFODQR,05,100.0,100.0,100.0,100.0
MAR_m,HT,ASFODQR,10,100.0,100.0,100.0,100.0
MAR_m,HT,ASFODQR,15,100.0,100.0,100.0,100.0
MAR_m,HT,ASFODQR,20,98.18181818181819,99.08256880733946,99.08256880733946,99.08256880733946
MAR_m,HT,ASFODQR,25,98.18181818181819,99.08256880733946,99.08256880733946,99.08256880733946
MAR_m,HT,AUY8KYW,05,96.07843137254902,100.0,96.07843137254902,98.0
MAR_m,HT,AUY8KYW,10,94.11764705882352,100.0,94.11764705882352,96.96969696969697
MAR_m,HT,AUY8KYW,15,92.15686274509804,100.0,92.15686274509804,95.91836734693878
MAR_m,HT,AUY8KYW,20,94.11764705882352,100.0,94.11764705882352,96.96969696969697
MAR_m,HT,AUY8KYW,25,96.07843137254902,100.0,96.07843137254902,98.0
MAR_m,HT,A3OU183,05,97.10144927536231,98.52941176470588,98.52941176470588,98.52941176470588
MAR_m,HT,A3OU183,10,97.05882352941177,100.0,97.05882352941177,98.50746268656717
MAR_m,HT,A3OU183,15,91.54929577464789,95.58823529411765,95.58823529411765,95.58823529411765
MAR_m,HT,A3OU183,20,81.57894736842105,88.57142857142857,91.17647058823529,89.85507246376811
MAR_m,HT,A3OU183,25,88.88888888888889,94.11764705882352,94.11764705882352,94.11764705882352
MAR_m,HT,AOYM4KG,05,93.44262295081968,100.0,93.44262295081968,96.61016949152543
MAR_m,HT,AOYM4KG,10,91.93548387096774,98.27586206896551,93.44262295081968,95.79831932773108
MAR_m,HT,AOYM4KG,15,85.24590163934425,100.0,85.24590163934425,92.03539823008849
MAR_m,HT,AOYM4KG,20,77.77777777777779,96.07843137254902,80.32786885245902,87.50000000000001
MAR_m,HT,AOYM4KG,25,73.4375,94.0,77.04918032786885,84.68468468468468
MAR_m,HT,AV2GF3B,05,100.0,100.0,100.0,100.0
MAR_m,HT,AV2GF3B,10,100.0,100.0,100.0,100.0
MAR_m,HT,AV2GF3B,15,98.9795918367347,100.0,98.9795918367347,99.48717948717947
MAR_m,HT,AV2GF3B,20,97.95918367346938,100.0,97.95918367346938,98.96907216494846
MAR_m,HT,AV2GF3B,25,97.95918367346938,100.0,97.95918367346938,98.96907216494846
MAR_m,HT,A0NVTRV,05,96.36363636363636,98.14814814814815,98.14814814814815,98.14814814814815
MAR_m,HT,A0NVTRV,10,96.36363636363636,98.14814814814815,98.14814814814815,98.14814814814815
MAR_m,HT,A0NVTRV,15,96.36363636363636,98.14814814814815,98.14814814814815,98.14814814814815
MAR_m,HT,A0NVTRV,20,96.36363636363636,98.14814814814815,98.14814814814815,98.14814814814815
MAR_m,HT,A0NVTRV,25,96.36363636363636,98.14814814814815,98.14814814814815,98.14814814814815
MAR_m,HT,A1K5DRI,05,97.77777777777777,97.77777777777777,100.0,98.87640449438202
MAR_m,HT,A1K5DRI,10,97.77777777777777,97.77777777777777,100.0,98.87640449438202
MAR_m,HT,A1K5DRI,15,97.77777777777777,97.77777777777777,100.0,98.87640449438202
MAR_m,HT,A1K5DRI,20,97.77777777777777,97.77777777777777,100.0,98.87640449438202
MAR_m,HT,A1K5DRI,25,97.77777777777777,97.77777777777777,100.0,98.87640449438202
MAR_m,HT,AYEFCWQ,05,100.0,100.0,100.0,100.0
MAR_m,HT,AYEFCWQ,10,100.0,100.0,100.0,100.0
MAR_m,HT,AYEFCWQ,15,100.0,100.0,100.0,100.0
MAR_m,HT,AYEFCWQ,20,100.0,100.0,100.0,100.0
MAR_m,HT,AYEFCWQ,25,100.0,100.0,100.0,100.0
MAR_m,HT,AMV7EQF,05,96.55172413793103,98.24561403508771,98.24561403508771,98.24561403508771
MAR_m,HT,AMV7EQF,10,94.91525423728814,96.55172413793103,98.24561403508771,97.39130434782608
MAR_m,HT,AMV7EQF,15,96.55172413793103,98.24561403508771,98.24561403508771,98.24561403508771
MAR_m,HT,AMV7EQF,20,98.27586206896551,98.27586206896551,100.0,99.13043478260869
MAR_m,HT,AMV7EQF,25,94.91525423728814,96.55172413793103,98.24561403508771,97.39130434782608
MAR_m,HT,AZIK4ZA,05,96.875,98.4126984126984,98.4126984126984,98.4126984126984
MAR_m,HT,AZIK4ZA,10,100.0,100.0,100.0,100.0
MAR_m,HT,AZIK4ZA,15,93.84615384615384,96.82539682539682,96.82539682539682,96.82539682539682
MAR_m,HT,AZIK4ZA,20,89.70588235294117,92.42424242424242,96.82539682539682,94.57364341085271
MAR_m,HT,AZIK4ZA,25,92.53731343283582,93.93939393939394,98.4126984126984,96.12403100775194
MAR_m,HT,AJWW3IY,05,100.0,100.0,100.0,100.0
MAR_m,HT,AJWW3IY,10,100.0,100.0,100.0,100.0
MAR_m,HT,AJWW3IY,15,98.64864864864865,99.31972789115646,99.31972789115646,99.31972789115646
MAR_m,HT,AJWW3IY,20,97.31543624161074,98.63945578231292,98.63945578231292,98.63945578231292
MAR_m,HT,AJWW3IY,25,98.64864864864865,99.31972789115646,99.31972789115646,99.31972789115646
MAR_m,HT,AX6281V,05,88.31168831168831,93.15068493150685,94.44444444444444,93.79310344827586
MAR_m,HT,AX6281V,10,80.76923076923077,91.30434782608695,87.5,89.36170212765957
MAR_m,HT,AX6281V,15,77.77777777777779,87.5,87.5,87.5
MAR_m,HT,AX6281V,20,75.9493670886076,89.55223880597015,83.33333333333334,86.33093525179856
MAR_m,HT,AX6281V,25,77.21518987341773,89.70588235294117,84.72222222222221,87.14285714285714
MAR_m,HT,AYWIEKR,05,95.1923076923077,97.05882352941177,98.01980198019803,97.53694581280787
MAR_m,HT,AYWIEKR,10,93.39622641509435,95.1923076923077,98.01980198019803,96.58536585365853
MAR_m,HT,AYWIEKR,15,92.45283018867924,95.14563106796116,97.02970297029702,96.07843137254902
MAR_m,HT,AYWIEKR,20,94.33962264150944,95.23809523809523,99.00990099009901,97.0873786407767
MAR_m,HT,AYWIEKR,25,94.39252336448598,94.39252336448598,100.0,97.11538461538461
MAR_m,HT,ATHKM6V,05,92.6829268292683,92.6829268292683,100.0,96.20253164556964
MAR_m,HT,ATHKM6V,10,92.10526315789474,100.0,92.10526315789474,95.8904109589041
MAR_m,HT,ATHKM6V,15,95.0,95.0,100.0,97.43589743589743
MAR_m,HT,ATHKM6V,20,92.6829268292683,92.6829268292683,100.0,96.20253164556964
MAR_m,HT,ATHKM6V,25,92.6829268292683,92.6829268292683,100.0,96.20253164556964
MAR_m,HT,AFPB8J2,05,93.13725490196079,95.95959595959596,96.93877551020408,96.4467005076142
MAR_m,HT,AFPB8J2,10,98.9795918367347,100.0,98.9795918367347,99.48717948717947
MAR_m,HT,AFPB8J2,15,94.05940594059405,96.93877551020408,96.93877551020408,96.93877551020408
MAR_m,HT,AFPB8J2,20,96.96969696969697,98.96907216494846,97.95918367346938,98.46153846153847
MAR_m,HT,AFPB8J2,25,97.95918367346938,100.0,97.95918367346938,98.96907216494846
MAR_m,HT,A0VFT1N,05,98.9795918367347,100.0,98.9795918367347,99.48717948717947
MAR_m,HT,A0VFT1N,10,97.95918367346938,100.0,97.95918367346938,98.96907216494846
MAR_m,HT,A0VFT1N,15,95.91836734693877,100.0,95.91836734693877,97.91666666666666
MAR_m,HT,A0VFT1N,20,96.96969696969697,98.96907216494846,97.95918367346938,98.46153846153847
MAR_m,HT,A0VFT1N,25,94.94949494949495,98.94736842105263,95.91836734693877,97.40932642487047
MAR_m,HT,AURCTAK,05,100.0,100.0,100.0,100.0
MAR_m,HT,AURCTAK,10,92.0,97.87234042553192,93.87755102040816,95.83333333333333
MAR_m,HT,AURCTAK,15,86.27450980392157,95.65217391304348,89.79591836734694,92.63157894736842
MAR_m,HT,AURCTAK,20,79.62962962962963,89.58333333333334,87.75510204081633,88.65979381443299
MAR_m,HT,AURCTAK,25,77.35849056603774,91.11111111111111,83.6734693877551,87.23404255319149
MAR_m,HT,A36HR6Y,05,100.0,100.0,100.0,100.0
MAR_m,HT,A36HR6Y,10,88.88888888888889,100.0,88.88888888888889,94.11764705882352
MAR_m,HT,A36HR6Y,15,88.88888888888889,100.0,88.88888888888889,94.11764705882352
MAR_m,HT,A36HR6Y,20,100.0,100.0,100.0,100.0
MAR_m,HT,A36HR6Y,25,88.88888888888889,100.0,88.88888888888889,94.11764705882352
MAR_m,HT,A4E0D03,05,96.61016949152543,96.61016949152543,100.0,98.27586206896551
MAR_m,HT,A4E0D03,10,98.27586206896551,98.27586206896551,100.0,99.13043478260869
MAR_m,HT,A4E0D03,15,94.91525423728814,96.55172413793103,98.24561403508771,97.39130434782608
MAR_m,HT,A4E0D03,20,85.0,94.44444444444444,89.47368421052632,91.8918918918919
MAR_m,HT,A4E0D03,25,85.0,94.44444444444444,89.47368421052632,91.8918918918919
MAR_m,HT,AJMQUVV,05,93.82716049382715,96.20253164556962,97.43589743589743,96.81528662420382
MAR_m,HT,AJMQUVV,10,91.46341463414635,94.9367088607595,96.15384615384616,95.54140127388536
MAR_m,HT,AJMQUVV,15,90.2439024390244,94.87179487179486,94.87179487179486,94.87179487179486
MAR_m,HT,AJMQUVV,20,84.70588235294117,91.13924050632912,92.3076923076923,91.71974522292994
MAR_m,HT,AJMQUVV,25,85.71428571428571,92.3076923076923,92.3076923076923,92.3076923076923
MAR_m,HT,A4G0044,05,100.0,100.0,100.0,100.0
MAR_m,HT,A4G0044,10,97.53086419753086,98.75,98.75,98.75
MAR_m,HT,A4G0044,15,97.53086419753086,98.75,98.75,98.75
MAR_m,HT,A4G0044,20,92.7710843373494,96.25,96.25,96.25000000000001
MAR_m,HT,A4G0044,25,95.1219512195122,97.5,97.5,97.5
MAR_m,HT,AIFDJZB,05,100.0,100.0,100.0,100.0
MAR_m,HT,AIFDJZB,10,96.55172413793103,100.0,96.55172413793103,98.24561403508771
MAR_m,HT,AIFDJZB,15,100.0,100.0,100.0,100.0
MAR_m,HT,AIFDJZB,20,100.0,100.0,100.0,100.0
MAR_m,HT,AIFDJZB,25,96.55172413793103,100.0,96.55172413793103,98.24561403508771
MAR_m,HT,AQC0L71,05,97.36842105263158,100.0,97.36842105263158,98.66666666666666
MAR_m,HT,AQC0L71,10,94.73684210526315,100.0,94.73684210526315,97.2972972972973
MAR_m,HT,AQC0L71,15,97.36842105263158,100.0,97.36842105263158,98.66666666666666
MAR_m,HT,AQC0L71,20,94.73684210526315,100.0,94.73684210526315,97.2972972972973
MAR_m,HT,AQC0L71,25,94.73684210526315,100.0,94.73684210526315,97.2972972972973
MAR_m,HT,A7EM0B6,05,96.7741935483871,100.0,96.7741935483871,98.36065573770492
MAR_m,HT,A7EM0B6,10,96.7741935483871,100.0,96.7741935483871,98.36065573770492
MAR_m,HT,A7EM0B6,15,91.17647058823529,91.17647058823529,100.0,95.38461538461539
MAR_m,HT,A7EM0B6,20,96.7741935483871,100.0,96.7741935483871,98.36065573770492
MAR_m,HT,A7EM0B6,25,96.7741935483871,100.0,96.7741935483871,98.36065573770492
MAR_m,HAT,A1ZJ41O,05,100.0,100.0,100.0,100.0
MAR_m,HAT,A1ZJ41O,10,100.0,100.0,100.0,100.0
MAR_m,HAT,A1ZJ41O,15,100.0,100.0,100.0,100.0
MAR_m,HAT,A1ZJ41O,20,98.0392156862745,100.0,98.0392156862745,99.009900990099
MAR_m,HAT,A1ZJ41O,25,98.0392156862745,100.0,98.0392156862745,99.009900990099
MAR_m,HAT,AKXN5ZZ,05,98.66071428571429,99.54954954954955,99.10313901345292,99.32584269662922
MAR_m,HAT,AKXN5ZZ,10,96.88888888888889,99.0909090909091,97.75784753363229,98.41986455981943
MAR_m,HAT,AKXN5ZZ,15,97.75784753363229,100.0,97.75784753363229,98.86621315192743
MAR_m,HAT,AKXN5ZZ,20,96.0352422907489,98.1981981981982,97.75784753363229,97.97752808988766
MAR_m,HAT,AKXN5ZZ,25,95.19650655021834,97.32142857142857,97.75784753363229,97.53914988814317
MAR_m,HAT,AAXAA7Z,05,100.0,100.0,100.0,100.0
MAR_m,HAT,AAXAA7Z,10,100.0,100.0,100.0,100.0
MAR_m,HAT,AAXAA7Z,15,98.26086956521739,99.12280701754386,99.12280701754386,99.12280701754386
MAR_m,HAT,AAXAA7Z,20,100.0,100.0,100.0,100.0
MAR_m,HAT,AAXAA7Z,25,98.26086956521739,99.12280701754386,99.12280701754386,99.12280701754386
MAR_m,HAT,AA2KP1S,05,92.85714285714286,95.58823529411765,97.01492537313433,96.2962962962963
MAR_m,HAT,AA2KP1S,10,91.42857142857143,95.52238805970148,95.52238805970148,95.52238805970148
MAR_m,HAT,AA2KP1S,15,91.04477611940298,100.0,91.04477611940298,95.3125
MAR_m,HAT,AA2KP1S,20,89.55223880597015,100.0,89.55223880597015,94.48818897637796
MAR_m,HAT,AA2KP1S,25,86.56716417910447,100.0,86.56716417910447,92.80000000000001
MAR_m,HAT,APGIB2T,05,98.71794871794873,100.0,98.71794871794873,99.35483870967742
MAR_m,HAT,APGIB2T,10,96.20253164556962,98.7012987012987,97.43589743589743,98.06451612903226
MAR_m,HAT,APGIB2T,15,94.87179487179486,100.0,94.87179487179486,97.36842105263158
MAR_m,HAT,APGIB2T,20,93.67088607594937,98.66666666666667,94.87179487179486,96.73202614379085
MAR_m,HAT,APGIB2T,25,92.40506329113924,98.64864864864865,93.58974358974359,96.05263157894737
MAR_m,HAT,AHYIJDV,05,100.0,100.0,100.0,100.0
MAR_m,HAT,AHYIJDV,10,90.69767441860465,92.85714285714286,97.5,95.1219512195122
MAR_m,HAT,AHYIJDV,15,88.88888888888889,88.88888888888889,100.0,94.11764705882352
MAR_m,HAT,AHYIJDV,20,90.9090909090909,90.9090909090909,100.0,95.23809523809523
MAR_m,HAT,AHYIJDV,25,82.6086956521739,86.36363636363636,95.0,90.47619047619048
MAR_m,HAT,ASFODQR,05,100.0,100.0,100.0,100.0
MAR_m,HAT,ASFODQR,10,100.0,100.0,100.0,100.0
MAR_m,HAT,ASFODQR,15,100.0,100.0,100.0,100.0
MAR_m,HAT,ASFODQR,20,100.0,100.0,100.0,100.0
MAR_m,HAT,ASFODQR,25,100.0,100.0,100.0,100.0
MAR_m,HAT,AUY8KYW,05,98.0392156862745,100.0,98.0392156862745,99.009900990099
MAR_m,HAT,AUY8KYW,10,94.11764705882352,100.0,94.11764705882352,96.96969696969697
MAR_m,HAT,AUY8KYW,15,94.11764705882352,100.0,94.11764705882352,96.96969696969697
MAR_m,HAT,AUY8KYW,20,92.15686274509804,100.0,92.15686274509804,95.91836734693878
MAR_m,HAT,AUY8KYW,25,94.11764705882352,100.0,94.11764705882352,96.96969696969697
MAR_m,HAT,A3OU183,05,94.28571428571428,97.05882352941177,97.05882352941177,97.05882352941177
MAR_m,HAT,A3OU183,10,91.54929577464789,95.58823529411765,95.58823529411765,95.58823529411765
MAR_m,HAT,A3OU183,15,88.88888888888889,94.11764705882352,94.11764705882352,94.11764705882352
MAR_m,HAT,A3OU183,20,92.95774647887323,95.65217391304348,97.05882352941177,96.35036496350365
MAR_m,HAT,A3OU183,25,88.88888888888889,94.11764705882352,94.11764705882352,94.11764705882352
MAR_m,HAT,AOYM4KG,05,96.72131147540983,100.0,96.72131147540983,98.33333333333333
MAR_m,HAT,AOYM4KG,10,92.06349206349206,96.66666666666667,95.08196721311475,95.86776859504133
MAR_m,HAT,AOYM4KG,15,84.12698412698413,96.36363636363636,86.88524590163934,91.37931034482759
MAR_m,HAT,AOYM4KG,20,80.95238095238095,96.22641509433963,83.60655737704919,89.47368421052632
MAR_m,HAT,AOYM4KG,25,73.4375,94.0,77.04918032786885,84.68468468468468
MAR_m,HAT,AV2GF3B,05,100.0,100.0,100.0,100.0
MAR_m,HAT,AV2GF3B,10,100.0,100.0,100.0,100.0
MAR_m,HAT,AV2GF3B,15,100.0,100.0,100.0,100.0
MAR_m,HAT,AV2GF3B,20,98.9795918367347,100.0,98.9795918367347,99.48717948717947
MAR_m,HAT,AV2GF3B,25,97.95918367346938,100.0,97.95918367346938,98.96907216494846
MAR_m,HAT,A0NVTRV,05,100.0,100.0,100.0,100.0
MAR_m,HAT,A0NVTRV,10,96.36363636363636,98.14814814814815,98.14814814814815,98.14814814814815
MAR_m,HAT,A0NVTRV,15,100.0,100.0,100.0,100.0
MAR_m,HAT,A0NVTRV,20,100.0,100.0,100.0,100.0
MAR_m,HAT,A0NVTRV,25,100.0,100.0,100.0,100.0
MAR_m,HAT,A1K5DRI,05,97.77777777777777,97.77777777777777,100.0,98.87640449438202
MAR_m,HAT,A1K5DRI,10,97.77777777777777,97.77777777777777,100.0,98.87640449438202
MAR_m,HAT,A1K5DRI,15,100.0,100.0,100.0,100.0
MAR_m,HAT,A1K5DRI,20,97.77777777777777,97.77777777777777,100.0,98.87640449438202
MAR_m,HAT,A1K5DRI,25,97.77777777777777,97.77777777777777,100.0,98.87640449438202
MAR_m,HAT,AYEFCWQ,05,100.0,100.0,100.0,100.0
MAR_m,HAT,AYEFCWQ,10,100.0,100.0,100.0,100.0
MAR_m,HAT,AYEFCWQ,15,100.0,100.0,100.0,100.0
MAR_m,HAT,AYEFCWQ,20,100.0,100.0,100.0,100.0
MAR_m,HAT,AYEFCWQ,25,100.0,100.0,100.0,100.0
MAR_m,HAT,AMV7EQF,05,96.55172413793103,98.24561403508771,98.24561403508771,98.24561403508771
MAR_m,HAT,AMV7EQF,10,96.55172413793103,98.24561403508771,98.24561403508771,98.24561403508771
MAR_m,HAT,AMV7EQF,15,98.27586206896551,98.27586206896551,100.0,99.13043478260869
MAR_m,HAT,AMV7EQF,20,96.55172413793103,98.24561403508771,98.24561403508771,98.24561403508771
MAR_m,HAT,AMV7EQF,25,94.91525423728814,96.55172413793103,98.24561403508771,97.39130434782608
MAR_m,HAT,AZIK4ZA,05,93.75,98.36065573770492,95.23809523809523,96.77419354838709
MAR_m,HAT,AZIK4ZA,10,93.84615384615384,96.82539682539682,96.82539682539682,96.82539682539682
MAR_m,HAT,AZIK4ZA,15,93.84615384615384,96.82539682539682,96.82539682539682,96.82539682539682
MAR_m,HAT,AZIK4ZA,20,96.82539682539682,100.0,96.82539682539682,98.38709677419354
MAR_m,HAT,AZIK4ZA,25,92.1875,98.33333333333333,93.65079365079364,95.93495934959351
MAR_m,HAT,AJWW3IY,05,98.64864864864865,99.31972789115646,99.31972789115646,99.31972789115646
MAR_m,HAT,AJWW3IY,10,99.32432432432432,99.32432432432432,100.0,99.66101694915254
MAR_m,HAT,AJWW3IY,15,98.64864864864865,99.31972789115646,99.31972789115646,99.31972789115646
MAR_m,HAT,AJWW3IY,20,97.31543624161074,98.63945578231292,98.63945578231292,98.63945578231292
MAR_m,HAT,AJWW3IY,25,96.66666666666667,97.97297297297297,98.63945578231292,98.3050847457627
MAR_m,HAT,AX6281V,05,92.10526315789474,94.5945945945946,97.22222222222221,95.89041095890411
MAR_m,HAT,AX6281V,10,89.04109589041096,98.48484848484848,90.27777777777779,94.20289855072464
MAR_m,HAT,AX6281V,15,82.89473684210526,94.02985074626866,87.5,90.64748201438849
MAR_m,HAT,AX6281V,20,82.66666666666667,95.38461538461539,86.11111111111111,90.51094890510949
MAR_m,HAT,AX6281V,25,81.08108108108108,96.7741935483871,83.33333333333334,89.55223880597015
MAR_m,HAT,AYWIEKR,05,93.33333333333333,96.07843137254902,97.02970297029702,96.55172413793103
MAR_m,HAT,AYWIEKR,10,93.39622641509435,95.1923076923077,98.01980198019803,96.58536585365853
MAR_m,HAT,AYWIEKR,15,89.90825688073394,92.45283018867924,97.02970297029702,94.68599033816426
MAR_m,HAT,AYWIEKR,20,91.58878504672897,94.23076923076923,97.02970297029702,95.60975609756098
MAR_m,HAT,AYWIEKR,25,87.5,89.90825688073394,97.02970297029702,93.33333333333333
MAR_m,HAT,ATHKM6V,05,97.43589743589743,97.43589743589743,100.0,98.7012987012987
MAR_m,HAT,ATHKM6V,10,97.36842105263158,100.0,97.36842105263158,98.66666666666666
MAR_m,HAT,ATHKM6V,15,97.36842105263158,100.0,97.36842105263158,98.66666666666666
MAR_m,HAT,ATHKM6V,20,94.87179487179486,97.36842105263158,97.36842105263158,97.36842105263158
MAR_m,HAT,ATHKM6V,25,97.43589743589743,97.43589743589743,100.0,98.7012987012987
MAR_m,HAT,AFPB8J2,05,92.23300970873787,95.0,96.93877551020408,95.95959595959594
MAR_m,HAT,AFPB8J2,10,98.9795918367347,100.0,98.9795918367347,99.48717948717947
MAR_m,HAT,AFPB8J2,15,98.9795918367347,100.0,98.9795918367347,99.48717948717947
MAR_m,HAT,AFPB8J2,20,98.9795918367347,100.0,98.9795918367347,99.48717948717947
MAR_m,HAT,AFPB8J2,25,97.95918367346938,100.0,97.95918367346938,98.96907216494846
MAR_m,HAT,A0VFT1N,05,97.95918367346938,100.0,97.95918367346938,98.96907216494846
MAR_m,HAT,A0VFT1N,10,97.97979797979798,98.9795918367347,98.9795918367347,98.9795918367347
MAR_m,HAT,A0VFT1N,15,97.95918367346938,100.0,97.95918367346938,98.96907216494846
MAR_m,HAT,A0VFT1N,20,96.0,97.95918367346938,97.95918367346938,97.95918367346938
MAR_m,HAT,A0VFT1N,25,95.04950495049505,96.96969696969697,97.95918367346938,97.46192893401016
MAR_m,HAT,AURCTAK,05,100.0,100.0,100.0,100.0
MAR_m,HAT,AURCTAK,10,97.95918367346938,100.0,97.95918367346938,98.96907216494846
MAR_m,HAT,AURCTAK,15,90.19607843137256,95.83333333333334,93.87755102040816,94.84536082474227
MAR_m,HAT,AURCTAK,20,86.53846153846155,93.75,91.83673469387756,92.78350515463917
MAR_m,HAT,AURCTAK,25,83.01886792452831,91.66666666666666,89.79591836734694,90.72164948453607
MAR_m,HAT,A36HR6Y,05,100.0,100.0,100.0,100.0
MAR_m,HAT,A36HR6Y,10,100.0,100.0,100.0,100.0
MAR_m,HAT,A36HR6Y,15,100.0,100.0,100.0,100.0
MAR_m,HAT,A36HR6Y,20,100.0,100.0,100.0,100.0
MAR_m,HAT,A36HR6Y,25,88.88888888888889,100.0,88.88888888888889,94.11764705882352
MAR_m,HAT,A4E0D03,05,96.61016949152543,96.61016949152543,100.0,98.27586206896551
MAR_m,HAT,A4E0D03,10,100.0,100.0,100.0,100.0
MAR_m,HAT,A4E0D03,15,88.13559322033898,96.29629629629629,91.22807017543859,93.69369369369369
MAR_m,HAT,A4E0D03,20,96.55172413793103,98.24561403508771,98.24561403508771,98.24561403508771
MAR_m,HAT,A4E0D03,25,91.52542372881356,96.42857142857143,94.73684210526315,95.57522123893804
MAR_m,HAT,AJMQUVV,05,88.09523809523809,92.5,94.87179487179486,93.67088607594937
MAR_m,HAT,AJMQUVV,10,90.2439024390244,94.87179487179486,94.87179487179486,94.87179487179486
MAR_m,HAT,AJMQUVV,15,93.75,97.40259740259741,96.15384615384616,96.7741935483871
MAR_m,HAT,AJMQUVV,20,87.95180722891565,93.58974358974359,93.58974358974359,93.58974358974359
MAR_m,HAT,AJMQUVV,25,87.95180722891565,93.58974358974359,93.58974358974359,93.58974358974359
MAR_m,HAT,A4G0044,05,100.0,100.0,100.0,100.0
MAR_m,HAT,A4G0044,10,97.53086419753086,98.75,98.75,98.75
MAR_m,HAT,A4G0044,15,97.53086419753086,98.75,98.75,98.75
MAR_m,HAT,A4G0044,20,95.1219512195122,97.5,97.5,97.5
MAR_m,HAT,A4G0044,25,95.1219512195122,97.5,97.5,97.5
MAR_m,HAT,AIFDJZB,05,100.0,100.0,100.0,100.0
MAR_m,HAT,AIFDJZB,10,100.0,100.0,100.0,100.0
MAR_m,HAT,AIFDJZB,15,100.0,100.0,100.0,100.0
MAR_m,HAT,AIFDJZB,20,96.66666666666667,96.66666666666667,100.0,98.3050847457627
MAR_m,HAT,AIFDJZB,25,100.0,100.0,100.0,100.0
MAR_m,HAT,AQC0L71,05,94.73684210526315,100.0,94.73684210526315,97.2972972972973
MAR_m,HAT,AQC0L71,10,94.73684210526315,100.0,94.73684210526315,97.2972972972973
MAR_m,HAT,AQC0L71,15,94.73684210526315,100.0,94.73684210526315,97.2972972972973
MAR_m,HAT,AQC0L71,20,94.73684210526315,100.0,94.73684210526315,97.2972972972973
MAR_m,HAT,AQC0L71,25,94.73684210526315,100.0,94.73684210526315,97.2972972972973
MAR_m,HAT,A7EM0B6,05,96.7741935483871,100.0,96.7741935483871,98.36065573770492
MAR_m,HAT,A7EM0B6,10,96.7741935483871,100.0,96.7741935483871,98.36065573770492
MAR_m,HAT,A7EM0B6,15,96.7741935483871,100.0,96.7741935483871,98.36065573770492
MAR_m,HAT,A7EM0B6,20,91.17647058823529,91.17647058823529,100.0,95.38461538461539
MAR_m,HAT,A7EM0B6,25,96.7741935483871,100.0,96.7741935483871,98.36065573770492
MAR_m,MLP,A1ZJ41O,05,100.0,100.0,100.0,100.0
MAR_m,MLP,A1ZJ41O,10,100.0,100.0,100.0,100.0
MAR_m,MLP,A1ZJ41O,15,100.0,100.0,100.0,100.0
MAR_m,MLP,A1ZJ41O,20,98.0392156862745,100.0,98.0392156862745,99.009900990099
MAR_m,MLP,A1ZJ41O,25,98.0392156862745,100.0,98.0392156862745,99.009900990099
MAR_m,MLP,AKXN5ZZ,05,98.21428571428571,99.5475113122172,98.65470852017937,99.09909909909909
MAR_m,MLP,AKXN5ZZ,10,94.19642857142857,99.52830188679245,94.61883408071749,97.01149425287355
MAR_m,MLP,AKXN5ZZ,15,93.75,99.52606635071089,94.17040358744396,96.77419354838712
MAR_m,MLP,AKXN5ZZ,20,92.85714285714286,99.52153110047847,93.27354260089686,96.2962962962963
MAR_m,MLP,AKXN5ZZ,25,91.96428571428571,99.51690821256038,92.37668161434978,95.81395348837209
MAR_m,MLP,AAXAA7Z,05,100.0,100.0,100.0,100.0
MAR_m,MLP,AAXAA7Z,10,100.0,100.0,100.0,100.0
MAR_m,MLP,AAXAA7Z,15,100.0,100.0,100.0,100.0
MAR_m,MLP,AAXAA7Z,20,99.1304347826087,99.1304347826087,100.0,99.56331877729258
MAR_m,MLP,AAXAA7Z,25,99.1304347826087,99.1304347826087,100.0,99.56331877729258
MAR_m,MLP,AA2KP1S,05,95.58823529411765,98.48484848484848,97.01492537313433,97.74436090225565
MAR_m,MLP,AA2KP1S,10,88.73239436619718,94.02985074626866,94.02985074626866,94.02985074626865
MAR_m,MLP,AA2KP1S,15,86.95652173913044,96.7741935483871,89.55223880597015,93.0232558139535
MAR_m,MLP,AA2KP1S,20,84.05797101449275,96.66666666666667,86.56716417910447,91.33858267716535
MAR_m,MLP,AA2KP1S,25,82.08955223880598,100.0,82.08955223880598,90.16393442622952
MAR_m,MLP,APGIB2T,05,96.15384615384616,100.0,96.15384615384616,98.0392156862745
MAR_m,MLP,APGIB2T,10,89.74358974358975,100.0,89.74358974358975,94.59459459459461
MAR_m,MLP,APGIB2T,15,88.46153846153845,100.0,88.46153846153845,93.87755102040816
MAR_m,MLP,APGIB2T,20,85.8974358974359,100.0,85.8974358974359,92.41379310344827
MAR_m,MLP,APGIB2T,25,83.33333333333334,100.0,83.33333333333334,90.9090909090909
MAR_m,MLP,AHYIJDV,05,97.5,100.0,97.5,98.73417721518987
MAR_m,MLP,AHYIJDV,10,95.0,100.0,95.0,97.43589743589743
MAR_m,MLP,AHYIJDV,15,90.47619047619048,95.0,95.0,95.0
MAR_m,MLP,AHYIJDV,20,90.69767441860465,92.85714285714286,97.5,95.1219512195122
MAR_m,MLP,AHYIJDV,25,90.9090909090909,90.9090909090909,100.0,95.23809523809523
MAR_m,MLP,ASFODQR,05,100.0,100.0,100.0,100.0
MAR_m,MLP,ASFODQR,10,100.0,100.0,100.0,100.0
MAR_m,MLP,ASFODQR,15,100.0,100.0,100.0,100.0
MAR_m,MLP,ASFODQR,20,99.08256880733946,100.0,99.08256880733946,99.53917050691244
MAR_m,MLP,ASFODQR,25,99.08256880733946,100.0,99.08256880733946,99.53917050691244
MAR_m,MLP,AUY8KYW,05,98.0392156862745,100.0,98.0392156862745,99.009900990099
MAR_m,MLP,AUY8KYW,10,98.0392156862745,100.0,98.0392156862745,99.009900990099
MAR_m,MLP,AUY8KYW,15,96.07843137254902,100.0,96.07843137254902,98.0
MAR_m,MLP,AUY8KYW,20,94.33962264150944,96.15384615384616,98.0392156862745,97.0873786407767
MAR_m,MLP,AUY8KYW,25,88.88888888888889,94.11764705882352,94.11764705882352,94.11764705882352
MAR_m,MLP,A3OU183,05,97.10144927536231,98.52941176470588,98.52941176470588,98.52941176470588
MAR_m,MLP,A3OU183,10,97.10144927536231,98.52941176470588,98.52941176470588,98.52941176470588
MAR_m,MLP,A3OU183,15,100.0,100.0,100.0,100.0
MAR_m,MLP,A3OU183,20,97.10144927536231,98.52941176470588,98.52941176470588,98.52941176470588
MAR_m,MLP,A3OU183,25,97.10144927536231,98.52941176470588,98.52941176470588,98.52941176470588
MAR_m,MLP,AOYM4KG,05,98.36065573770492,100.0,98.36065573770492,99.17355371900827
MAR_m,MLP,AOYM4KG,10,96.72131147540983,100.0,96.72131147540983,98.33333333333333
MAR_m,MLP,AOYM4KG,15,96.72131147540983,100.0,96.72131147540983,98.33333333333333
MAR_m,MLP,AOYM4KG,20,95.08196721311475,100.0,95.08196721311475,97.47899159663865
MAR_m,MLP,AOYM4KG,25,93.44262295081968,100.0,93.44262295081968,96.61016949152543
MAR_m,MLP,AV2GF3B,05,98.9795918367347,100.0,98.9795918367347,99.48717948717947
MAR_m,MLP,AV2GF3B,10,96.96969696969697,98.96907216494846,97.95918367346938,98.46153846153847
MAR_m,MLP,AV2GF3B,15,95.95959595959596,98.95833333333334,96.93877551020408,97.93814432989691
MAR_m,MLP,AV2GF3B,20,94.0,97.91666666666666,95.91836734693877,96.90721649484536
MAR_m,MLP,AV2GF3B,25,94.0,97.91666666666666,95.91836734693877,96.90721649484536
MAR_m,MLP,A0NVTRV,05,96.36363636363636,98.14814814814815,98.14814814814815,98.14814814814815
MAR_m,MLP,A0NVTRV,10,92.85714285714286,96.29629629629629,96.29629629629629,96.29629629629629
MAR_m,MLP,A0NVTRV,15,96.36363636363636,98.14814814814815,98.14814814814815,98.14814814814815
MAR_m,MLP,A0NVTRV,20,96.36363636363636,98.14814814814815,98.14814814814815,98.14814814814815
MAR_m,MLP,A0NVTRV,25,92.85714285714286,96.29629629629629,96.29629629629629,96.29629629629629
MAR_m,MLP,A1K5DRI,05,97.77777777777777,97.77777777777777,100.0,98.87640449438202
MAR_m,MLP,A1K5DRI,10,97.77777777777777,97.77777777777777,100.0,98.87640449438202
MAR_m,MLP,A1K5DRI,15,97.77777777777777,97.77777777777777,100.0,98.87640449438202
MAR_m,MLP,A1K5DRI,20,97.77777777777777,97.77777777777777,100.0,98.87640449438202
MAR_m,MLP,A1K5DRI,25,95.65217391304348,95.65217391304348,100.0,97.77777777777777
MAR_m,MLP,AYEFCWQ,05,100.0,100.0,100.0,100.0
MAR_m,MLP,AYEFCWQ,10,100.0,100.0,100.0,100.0
MAR_m,MLP,AYEFCWQ,15,100.0,100.0,100.0,100.0
MAR_m,MLP,AYEFCWQ,20,100.0,100.0,100.0,100.0
MAR_m,MLP,AYEFCWQ,25,98.57142857142858,98.57142857142858,100.0,99.28057553956835
MAR_m,MLP,AMV7EQF,05,93.22033898305084,96.49122807017544,96.49122807017544,96.49122807017544
MAR_m,MLP,AMV7EQF,10,94.91525423728814,96.55172413793103,98.24561403508771,97.39130434782608
MAR_m,MLP,AMV7EQF,15,93.22033898305084,96.49122807017544,96.49122807017544,96.49122807017544
MAR_m,MLP,AMV7EQF,20,93.22033898305084,96.49122807017544,96.49122807017544,96.49122807017544
MAR_m,MLP,AMV7EQF,25,93.22033898305084,96.49122807017544,96.49122807017544,96.49122807017544
MAR_m,MLP,AZIK4ZA,05,93.75,98.36065573770492,95.23809523809523,96.77419354838709
MAR_m,MLP,AZIK4ZA,10,92.06349206349206,100.0,92.06349206349206,95.86776859504133
MAR_m,MLP,AZIK4ZA,15,89.39393939393939,95.16129032258065,93.65079365079364,94.39999999999999
MAR_m,MLP,AZIK4ZA,20,83.33333333333334,94.82758620689656,87.3015873015873,90.9090909090909
MAR_m,MLP,AZIK4ZA,25,75.36231884057972,89.65517241379311,82.53968253968253,85.95041322314049
MAR_m,MLP,AJWW3IY,05,99.32432432432432,99.32432432432432,100.0,99.66101694915254
MAR_m,MLP,AJWW3IY,10,99.32432432432432,99.32432432432432,100.0,99.66101694915254
MAR_m,MLP,AJWW3IY,15,97.31543624161074,98.63945578231292,98.63945578231292,98.63945578231292
MAR_m,MLP,AJWW3IY,20,96.0,97.95918367346938,97.95918367346938,97.95918367346938
MAR_m,MLP,AJWW3IY,25,96.0,97.95918367346938,97.95918367346938,97.95918367346938
MAR_m,MLP,AX6281V,05,93.42105263157895,94.66666666666667,98.61111111111111,96.5986394557823
MAR_m,MLP,AX6281V,10,90.9090909090909,93.33333333333333,97.22222222222221,95.23809523809524
MAR_m,MLP,AX6281V,15,88.0,95.65217391304348,91.66666666666666,93.61702127659574
MAR_m,MLP,AX6281V,20,88.0,95.65217391304348,91.66666666666666,93.61702127659574
MAR_m,MLP,AX6281V,25,83.11688311688312,92.7536231884058,88.88888888888889,90.78014184397163
MAR_m,MLP,AYWIEKR,05,92.5233644859813,94.28571428571428,98.01980198019803,96.11650485436894
MAR_m,MLP,AYWIEKR,10,86.08695652173914,87.61061946902655,98.01980198019803,92.5233644859813
MAR_m,MLP,AYWIEKR,15,79.83870967741935,81.14754098360656,98.01980198019803,88.78923766816142
MAR_m,MLP,AYWIEKR,20,83.89830508474576,85.34482758620689,98.01980198019803,91.24423963133641
MAR_m,MLP,AYWIEKR,25,76.74418604651163,77.95275590551181,98.01980198019803,86.84210526315789
MAR_m,MLP,ATHKM6V,05,97.43589743589743,97.43589743589743,100.0,98.7012987012987
MAR_m,MLP,ATHKM6V,10,97.43589743589743,97.43589743589743,100.0,98.7012987012987
MAR_m,MLP,ATHKM6V,15,100.0,100.0,100.0,100.0
MAR_m,MLP,ATHKM6V,20,100.0,100.0,100.0,100.0
MAR_m,MLP,ATHKM6V,25,97.43589743589743,97.43589743589743,100.0,98.7012987012987
MAR_m,MLP,AFPB8J2,05,85.98130841121495,91.0891089108911,93.87755102040816,92.46231155778895
MAR_m,MLP,AFPB8J2,10,87.85046728971963,91.2621359223301,95.91836734693877,93.53233830845772
MAR_m,MLP,AFPB8J2,15,84.40366972477065,89.32038834951457,93.87755102040816,91.54228855721394
MAR_m,MLP,AFPB8J2,20,90.47619047619048,93.13725490196079,96.93877551020408,95.0
MAR_m,MLP,AFPB8J2,25,88.78504672897196,91.34615384615384,96.93877551020408,94.05940594059406
MAR_m,MLP,A0VFT1N,05,97.95918367346938,100.0,97.95918367346938,98.96907216494846
MAR_m,MLP,A0VFT1N,10,95.91836734693877,100.0,95.91836734693877,97.91666666666666
MAR_m,MLP,A0VFT1N,15,94.89795918367348,100.0,94.89795918367348,97.38219895287958
MAR_m,MLP,A0VFT1N,20,95.91836734693877,100.0,95.91836734693877,97.91666666666666
MAR_m,MLP,A0VFT1N,25,94.89795918367348,100.0,94.89795918367348,97.38219895287958
MAR_m,MLP,AURCTAK,05,100.0,100.0,100.0,100.0
MAR_m,MLP,AURCTAK,10,100.0,100.0,100.0,100.0
MAR_m,MLP,AURCTAK,15,96.0,97.95918367346938,97.95918367346938,97.95918367346938
MAR_m,MLP,AURCTAK,20,96.0,97.95918367346938,97.95918367346938,97.95918367346938
MAR_m,MLP,AURCTAK,25,92.15686274509804,95.91836734693877,95.91836734693877,95.91836734693877
MAR_m,MLP,A36HR6Y,05,88.88888888888889,100.0,88.88888888888889,94.11764705882352
MAR_m,MLP,A36HR6Y,10,77.77777777777779,100.0,77.77777777777779,87.50000000000001
MAR_m,MLP,A36HR6Y,15,66.66666666666666,100.0,66.66666666666666,80.0
MAR_m,MLP,A36HR6Y,20,33.33333333333333,100.0,33.33333333333333,50.0
MAR_m,MLP,A36HR6Y,25,11.11111111111111,100.0,11.11111111111111,20.0
MAR_m,MLP,A4E0D03,05,93.44262295081968,93.44262295081968,100.0,96.61016949152543
MAR_m,MLP,A4E0D03,10,86.15384615384616,87.5,98.24561403508771,92.56198347107438
MAR_m,MLP,A4E0D03,15,76.47058823529412,82.53968253968253,91.22807017543859,86.66666666666667
MAR_m,MLP,A4E0D03,20,77.61194029850746,83.87096774193549,91.22807017543859,87.3949579831933
MAR_m,MLP,A4E0D03,25,78.78787878787878,85.24590163934425,91.22807017543859,88.13559322033898
MAR_m,MLP,AJMQUVV,05,79.3103448275862,88.46153846153845,88.46153846153845,88.46153846153845
MAR_m,MLP,AJMQUVV,10,75.28089887640449,85.8974358974359,85.8974358974359,85.8974358974359
MAR_m,MLP,AJMQUVV,15,72.22222222222221,84.4155844155844,83.33333333333334,83.87096774193547
MAR_m,MLP,AJMQUVV,20,66.30434782608695,81.33333333333333,78.2051282051282,79.73856209150327
MAR_m,MLP,AJMQUVV,25,60.63829787234043,78.08219178082192,73.07692307692307,75.49668874172185
MAR_m,MLP,A4G0044,05,97.53086419753086,98.75,98.75,98.75
MAR_m,MLP,A4G0044,10,95.1219512195122,97.5,97.5,97.5
MAR_m,MLP,A4G0044,15,92.7710843373494,96.25,96.25,96.25000000000001
MAR_m,MLP,A4G0044,20,88.23529411764706,93.75,93.75,93.75
MAR_m,MLP,A4G0044,25,88.23529411764706,93.75,93.75,93.75
MAR_m,MLP,AIFDJZB,05,100.0,100.0,100.0,100.0
MAR_m,MLP,AIFDJZB,10,100.0,100.0,100.0,100.0
MAR_m,MLP,AIFDJZB,15,100.0,100.0,100.0,100.0
MAR_m,MLP,AIFDJZB,20,100.0,100.0,100.0,100.0
MAR_m,MLP,AIFDJZB,25,100.0,100.0,100.0,100.0
MAR_m,MLP,AQC0L71,05,100.0,100.0,100.0,100.0
MAR_m,MLP,AQC0L71,10,97.36842105263158,100.0,97.36842105263158,98.66666666666666
MAR_m,MLP,AQC0L71,15,97.36842105263158,100.0,97.36842105263158,98.66666666666666
MAR_m,MLP,AQC0L71,20,94.73684210526315,100.0,94.73684210526315,97.2972972972973
MAR_m,MLP,AQC0L71,25,94.73684210526315,100.0,94.73684210526315,97.2972972972973
MAR_m,MLP,A7EM0B6,05,100.0,100.0,100.0,100.0
MAR_m,MLP,A7EM0B6,10,96.7741935483871,100.0,96.7741935483871,98.36065573770492
MAR_m,MLP,A7EM0B6,15,100.0,100.0,100.0,100.0
MAR_m,MLP,A7EM0B6,20,96.7741935483871,100.0,96.7741935483871,98.36065573770492
MAR_m,MLP,A7EM0B6,25,96.7741935483871,100.0,96.7741935483871,98.36065573770492
MAR_h,None,A1ZJ41O,05,73.58490566037736,95.1219512195122,76.47058823529412,84.78260869565216
MAR_h,None,A1ZJ41O,10,67.27272727272727,90.2439024390244,72.54901960784314,80.43478260869564
MAR_h,None,A1ZJ41O,15,77.19298245614034,88.0,86.27450980392157,87.12871287128714
MAR_h,None,A1ZJ41O,20,74.54545454545455,91.11111111111111,80.3921568627451,85.41666666666666
MAR_h,None,A1ZJ41O,25,69.81132075471697,94.87179487179486,72.54901960784314,82.22222222222223
MAR_h,None,AKXN5ZZ,05,76.49572649572649,94.21052631578948,80.26905829596413,86.68280871670703
MAR_h,None,AKXN5ZZ,10,69.84126984126983,85.85365853658537,78.9237668161435,82.2429906542056
MAR_h,None,AKXN5ZZ,15,64.23076923076924,81.86274509803921,74.88789237668162,78.2201405152225
MAR_h,None,AKXN5ZZ,20,61.065573770491795,87.6470588235294,66.81614349775785,75.82697201017811
MAR_h,None,AKXN5ZZ,25,57.692307692307686,80.21390374331551,67.2645739910314,73.17073170731709
MAR_h,None,AAXAA7Z,05,82.5,94.28571428571428,86.8421052631579,90.41095890410959
MAR_h,None,AAXAA7Z,10,76.22950819672131,92.07920792079209,81.57894736842105,86.51162790697674
MAR_h,None,AAXAA7Z,15,68.0,88.54166666666666,74.56140350877193,80.95238095238095
MAR_h,None,AAXAA7Z,20,64.8,88.04347826086956,71.05263157894737,78.64077669902913
MAR_h,None,AAXAA7Z,25,61.111111111111114,86.51685393258427,67.54385964912281,75.86206896551724
MAR_h,None,AA2KP1S,05,67.14285714285714,94.0,70.1492537313433,80.34188034188034
MAR_h,None,AA2KP1S,10,57.14285714285714,81.48148148148148,65.67164179104478,72.72727272727273
MAR_h,None,AA2KP1S,15,52.0,82.97872340425532,58.2089552238806,68.42105263157895
MAR_h,None,AA2KP1S,20,39.189189189189186,80.55555555555556,43.28358208955223,56.310679611650485
MAR_h,None,AA2KP1S,25,39.436619718309856,87.5,41.7910447761194,56.565656565656575
MAR_h,None,APGIB2T,05,67.04545454545455,85.5072463768116,75.64102564102564,80.27210884353741
MAR_h,None,APGIB2T,10,50.54945054945055,77.96610169491525,58.97435897435898,67.15328467153286
MAR_h,None,APGIB2T,15,48.31460674157304,79.62962962962963,55.12820512820513,65.15151515151516
MAR_h,None,APGIB2T,20,46.15384615384615,76.36363636363637,53.84615384615385,63.15789473684211
MAR_h,None,APGIB2T,25,40.86021505376344,71.69811320754717,48.717948717948715,58.015267175572525
MAR_h,None,AHYIJDV,05,51.61290322580645,59.25925925925925,80.0,68.08510638297872
MAR_h,None,AHYIJDV,10,40.54054054054054,46.875,75.0,57.692307692307686
MAR_h,None,AHYIJDV,15,36.84210526315789,43.75,70.0,53.84615384615385
MAR_h,None,AHYIJDV,20,32.5,39.39393939393939,65.0,49.056603773584904
MAR_h,None,AHYIJDV,25,32.91139240506329,40.0,65.0,49.523809523809526
MAR_h,None,ASFODQR,05,91.81818181818183,99.01960784313727,92.66055045871559,95.73459715639811
MAR_h,None,ASFODQR,10,80.7017543859649,94.84536082474226,84.40366972477065,89.32038834951457
MAR_h,None,ASFODQR,15,81.25,96.80851063829788,83.4862385321101,89.65517241379311
MAR_h,None,ASFODQR,20,77.19298245614034,94.6236559139785,80.73394495412845,87.12871287128714
MAR_h,None,ASFODQR,25,74.78260869565217,93.47826086956522,78.89908256880734,85.5721393034826
MAR_h,None,AUY8KYW,05,70.49180327868852,81.13207547169812,84.31372549019608,82.6923076923077
MAR_h,None,AUY8KYW,10,68.85245901639344,80.76923076923077,82.35294117647058,81.55339805825243
MAR_h,None,AUY8KYW,15,66.66666666666666,81.63265306122449,78.43137254901961,80.0
MAR_h,None,AUY8KYW,20,62.121212121212125,73.21428571428571,80.3921568627451,76.6355140186916
MAR_h,None,AUY8KYW,25,57.35294117647059,69.64285714285714,76.47058823529412,72.89719626168223
MAR_h,None,A3OU183,05,82.1917808219178,92.3076923076923,88.23529411764706,90.22556390977444
MAR_h,None,A3OU183,10,58.82352941176471,74.6268656716418,73.52941176470588,74.07407407407408
MAR_h,None,A3OU183,15,41.935483870967744,60.9375,57.35294117647059,59.09090909090909
MAR_h,None,A3OU183,20,29.591836734693878,49.152542372881356,42.64705882352941,45.66929133858268
MAR_h,None,A3OU183,25,25.0,43.859649122807014,36.76470588235294,40.0
MAR_h,None,AOYM4KG,05,74.64788732394366,84.12698412698413,86.88524590163934,85.48387096774194
MAR_h,None,AOYM4KG,10,54.54545454545454,72.41379310344827,68.85245901639344,70.58823529411765
MAR_h,None,AOYM4KG,15,37.5,61.224489795918366,49.18032786885246,54.545454545454554
MAR_h,None,AOYM4KG,20,25.53191489361702,42.10526315789473,39.34426229508197,40.67796610169491
MAR_h,None,AOYM4KG,25,16.49484536082474,30.76923076923077,26.229508196721312,28.31858407079646
MAR_h,None,AV2GF3B,05,89.8989898989899,98.88888888888889,90.81632653061224,94.68085106382979
MAR_h,None,AV2GF3B,10,82.52427184466019,94.44444444444444,86.73469387755102,90.42553191489361
MAR_h,None,AV2GF3B,15,71.29629629629629,88.50574712643679,78.57142857142857,83.24324324324324
MAR_h,None,AV2GF3B,20,63.96396396396396,84.52380952380952,72.44897959183673,78.02197802197803
MAR_h,None,AV2GF3B,25,63.30275229357798,86.25,70.40816326530613,77.52808988764046
MAR_h,None,A0NVTRV,05,84.21052631578947,94.11764705882352,88.88888888888889,91.42857142857143
MAR_h,None,A0NVTRV,10,60.9375,79.59183673469387,72.22222222222221,75.72815533980582
MAR_h,None,A0NVTRV,15,35.82089552238806,64.86486486486487,44.44444444444444,52.74725274725275
MAR_h,None,A0NVTRV,20,35.38461538461539,67.64705882352942,42.592592592592595,52.27272727272728
MAR_h,None,A0NVTRV,25,27.631578947368425,48.837209302325576,38.88888888888889,43.29896907216496
MAR_h,None,A1K5DRI,05,85.41666666666666,91.11111111111111,93.18181818181817,92.13483146067416
MAR_h,None,A1K5DRI,10,68.51851851851852,78.72340425531915,84.0909090909091,81.31868131868133
MAR_h,None,A1K5DRI,15,61.66666666666667,69.81132075471697,84.0909090909091,76.28865979381443
MAR_h,None,A1K5DRI,20,55.172413793103445,69.56521739130434,72.72727272727273,71.1111111111111
MAR_h,None,A1K5DRI,25,53.44827586206896,68.88888888888889,70.45454545454545,69.66292134831461
MAR_h,None,AYEFCWQ,05,87.67123287671232,94.11764705882352,92.7536231884058,93.43065693430658
MAR_h,None,AYEFCWQ,10,87.5,95.45454545454545,91.30434782608695,93.33333333333333
MAR_h,None,AYEFCWQ,15,79.45205479452055,93.54838709677419,84.05797101449275,88.54961832061068
MAR_h,None,AYEFCWQ,20,73.33333333333333,90.1639344262295,79.71014492753623,84.61538461538461
MAR_h,None,AYEFCWQ,25,62.0253164556962,83.05084745762711,71.01449275362319,76.56250000000001
MAR_h,None,AMV7EQF,05,85.24590163934425,92.85714285714286,91.22807017543859,92.03539823008849
MAR_h,None,AMV7EQF,10,77.41935483870968,90.56603773584906,84.21052631578947,87.27272727272727
MAR_h,None,AMV7EQF,15,75.80645161290323,90.38461538461539,82.45614035087719,86.23853211009175
MAR_h,None,AMV7EQF,20,50.0,82.05128205128204,56.14035087719298,66.66666666666666
MAR_h,None,AMV7EQF,25,2.73972602739726,11.11111111111111,3.508771929824561,5.333333333333334
MAR_h,None,AZIK4ZA,05,78.57142857142857,88.70967741935483,87.3015873015873,88.0
MAR_h,None,AZIK4ZA,10,78.26086956521739,90.0,85.71428571428571,87.80487804878048
MAR_h,None,AZIK4ZA,15,72.46376811594203,89.28571428571429,79.36507936507937,84.03361344537815
MAR_h,None,AZIK4ZA,20,79.1044776119403,92.98245614035088,84.12698412698413,88.33333333333334
MAR_h,None,AZIK4ZA,25,80.0,96.29629629629629,82.53968253968253,88.88888888888889
MAR_h,None,AJWW3IY,05,84.86842105263158,96.26865671641791,87.75510204081633,91.81494661921707
MAR_h,None,AJWW3IY,10,74.83870967741936,93.54838709677419,78.91156462585033,85.60885608856088
MAR_h,None,AJWW3IY,15,67.3076923076923,92.10526315789474,71.42857142857143,80.45977011494253
MAR_h,None,AJWW3IY,20,62.42038216560509,90.74074074074075,66.66666666666666,76.86274509803923
MAR_h,None,AJWW3IY,25,60.12658227848101,89.62264150943396,64.62585034013605,75.09881422924902
MAR_h,None,AX6281V,05,67.44186046511628,80.55555555555556,80.55555555555556,80.55555555555556
MAR_h,None,AX6281V,10,53.191489361702125,69.44444444444444,69.44444444444444,69.44444444444444
MAR_h,None,AX6281V,15,56.043956043956044,72.85714285714285,70.83333333333334,71.83098591549296
MAR_h,None,AX6281V,20,44.11764705882353,60.0,62.5,61.22448979591836
MAR_h,None,AX6281V,25,40.5940594059406,58.57142857142858,56.94444444444444,57.74647887323944
MAR_h,None,AYWIEKR,05,68.69565217391305,84.94623655913979,78.21782178217822,81.44329896907216
MAR_h,None,AYWIEKR,10,53.84615384615385,70.70707070707071,69.3069306930693,70.0
MAR_h,None,AYWIEKR,15,38.80597014925373,61.1764705882353,51.48514851485149,55.91397849462366
MAR_h,None,AYWIEKR,20,42.142857142857146,60.204081632653065,58.415841584158414,59.29648241206029
MAR_h,None,AYWIEKR,25,29.00763358778626,55.88235294117647,37.62376237623762,44.97041420118343
MAR_h,None,ATHKM6V,05,78.04878048780488,91.42857142857143,84.21052631578947,87.67123287671234
MAR_h,None,ATHKM6V,10,61.904761904761905,86.66666666666667,68.42105263157895,76.47058823529413
MAR_h,None,ATHKM6V,15,52.17391304347826,75.0,63.1578947368421,68.57142857142857
MAR_h,None,ATHKM6V,20,46.0,65.71428571428571,60.526315789473685,63.013698630136986
MAR_h,None,ATHKM6V,25,38.983050847457626,52.27272727272727,60.526315789473685,56.09756097560975
MAR_h,None,AFPB8J2,05,80.19801980198021,96.42857142857143,82.6530612244898,89.01098901098902
MAR_h,None,AFPB8J2,10,81.73076923076923,93.4065934065934,86.73469387755102,89.94708994708994
MAR_h,None,AFPB8J2,15,63.8095238095238,90.54054054054053,68.36734693877551,77.90697674418605
MAR_h,None,AFPB8J2,20,58.4070796460177,81.48148148148148,67.3469387755102,73.74301675977652
MAR_h,None,AFPB8J2,25,59.29203539823009,81.70731707317073,68.36734693877551,74.44444444444444
MAR_h,None,A0VFT1N,05,74.76635514018692,89.8876404494382,81.63265306122449,85.56149732620321
MAR_h,None,A0VFT1N,10,74.28571428571429,91.76470588235294,79.59183673469387,85.24590163934425
MAR_h,None,A0VFT1N,15,69.52380952380952,91.25,74.48979591836735,82.02247191011237
MAR_h,None,A0VFT1N,20,65.13761467889908,86.58536585365853,72.44897959183673,78.8888888888889
MAR_h,None,A0VFT1N,25,68.93203883495146,93.42105263157895,72.44897959183673,81.60919540229887
MAR_h,None,AURCTAK,05,45.90163934426229,70.0,57.14285714285714,62.92134831460674
MAR_h,None,AURCTAK,10,22.388059701492537,45.45454545454545,30.612244897959183,36.585365853658544
MAR_h,None,AURCTAK,15,16.666666666666664,34.285714285714285,24.489795918367346,28.571428571428577
MAR_h,None,AURCTAK,20,17.391304347826086,37.5,24.489795918367346,29.629629629629623
MAR_h,None,AURCTAK,25,19.696969696969695,43.333333333333336,26.53061224489796,32.91139240506329
MAR_h,None,A36HR6Y,05,90.0,90.0,100.0,94.73684210526316
MAR_h,None,A36HR6Y,10,42.857142857142854,54.54545454545454,66.66666666666666,60.0
MAR_h,None,A36HR6Y,15,11.11111111111111,18.181818181818183,22.22222222222222,20.0
MAR_h,None,A36HR6Y,20,33.33333333333333,45.45454545454545,55.55555555555556,50.0
MAR_h,None,A36HR6Y,25,42.857142857142854,54.54545454545454,66.66666666666666,60.0
MAR_h,None,A4E0D03,05,64.17910447761194,81.13207547169812,75.43859649122807,78.18181818181817
MAR_h,None,A4E0D03,10,55.072463768115945,76.0,66.66666666666666,71.02803738317756
MAR_h,None,A4E0D03,15,44.44444444444444,60.0,63.1578947368421,61.53846153846154
MAR_h,None,A4E0D03,20,35.714285714285715,52.63157894736842,52.63157894736842,52.63157894736842
MAR_h,None,A4E0D03,25,27.27272727272727,51.21951219512195,36.84210526315789,42.85714285714285
MAR_h,None,AJMQUVV,05,50.98039215686274,68.42105263157895,66.66666666666666,67.53246753246754
MAR_h,None,AJMQUVV,10,23.728813559322035,41.17647058823529,35.8974358974359,38.35616438356165
MAR_h,None,AJMQUVV,15,14.285714285714285,29.310344827586203,21.794871794871796,25.0
MAR_h,None,AJMQUVV,20,19.587628865979383,50.0,24.358974358974358,32.758620689655174
MAR_h,None,AJMQUVV,25,16.666666666666664,41.46341463414634,21.794871794871796,28.57142857142857
MAR_h,None,A4G0044,05,83.52941176470588,93.42105263157895,88.75,91.02564102564101
MAR_h,None,A4G0044,10,67.03296703296702,84.72222222222221,76.25,80.26315789473685
MAR_h,None,A4G0044,15,58.51063829787234,79.71014492753623,68.75,73.8255033557047
MAR_h,None,A4G0044,20,52.63157894736842,76.92307692307693,62.5,68.96551724137932
MAR_h,None,A4G0044,25,49.473684210526315,75.80645161290323,58.75,66.19718309859155
MAR_h,None,AIFDJZB,05,82.75862068965517,100.0,82.75862068965517,90.56603773584906
MAR_h,None,AIFDJZB,10,36.666666666666664,91.66666666666666,37.93103448275862,53.65853658536586
MAR_h,None,AIFDJZB,15,0.0,0.0,0.0,0.0
MAR_h,None,AIFDJZB,20,0.0,0.0,0.0,0.0
MAR_h,None,AIFDJZB,25,0.0,0.0,0.0,0.0
MAR_h,None,AQC0L71,05,75.55555555555556,82.92682926829268,89.47368421052632,86.0759493670886
MAR_h,None,AQC0L71,10,57.14285714285714,64.0,84.21052631578947,72.72727272727272
MAR_h,None,AQC0L71,15,58.18181818181818,65.3061224489796,84.21052631578947,73.5632183908046
MAR_h,None,AQC0L71,20,51.92307692307693,65.85365853658537,71.05263157894737,68.35443037974684
MAR_h,None,AQC0L71,25,49.056603773584904,63.41463414634146,68.42105263157895,65.82278481012659
MAR_h,None,A7EM0B6,05,70.73170731707317,74.35897435897436,93.54838709677419,82.85714285714285
MAR_h,None,A7EM0B6,10,68.42105263157895,78.78787878787878,83.87096774193549,81.25
MAR_h,None,A7EM0B6,15,68.75,95.65217391304348,70.96774193548387,81.4814814814815
MAR_h,None,A7EM0B6,20,36.36363636363637,85.71428571428571,38.70967741935484,53.333333333333336
MAR_h,None,A7EM0B6,25,36.36363636363637,85.71428571428571,38.70967741935484,53.333333333333336
MAR_h,Mean,A1ZJ41O,05,96.22641509433963,96.22641509433963,100.0,98.07692307692307
MAR_h,Mean,A1ZJ41O,10,96.22641509433963,96.22641509433963,100.0,98.07692307692307
MAR_h,Mean,A1ZJ41O,15,94.44444444444444,94.44444444444444,100.0,97.14285714285714
MAR_h,Mean,A1ZJ41O,20,94.44444444444444,94.44444444444444,100.0,97.14285714285714
MAR_h,Mean,A1ZJ41O,25,92.72727272727272,92.72727272727272,100.0,96.22641509433963
MAR_h,Mean,AKXN5ZZ,05,92.67241379310344,95.98214285714286,96.41255605381166,96.19686800894854
MAR_h,Mean,AKXN5ZZ,10,88.06584362139918,91.45299145299145,95.96412556053812,93.6542669584245
MAR_h,Mean,AKXN5ZZ,15,82.03125,86.41975308641975,94.17040358744396,90.12875536480688
MAR_h,Mean,AKXN5ZZ,20,80.45977011494253,84.67741935483872,94.17040358744396,89.17197452229301
MAR_h,Mean,AKXN5ZZ,25,82.35294117647058,86.77685950413223,94.17040358744396,90.32258064516128
MAR_h,Mean,AAXAA7Z,05,93.22033898305084,96.49122807017544,96.49122807017544,96.49122807017544
MAR_h,Mean,AAXAA7Z,10,88.42975206611571,93.85964912280701,93.85964912280701,93.85964912280701
MAR_h,Mean,AAXAA7Z,15,93.22033898305084,96.49122807017544,96.49122807017544,96.49122807017544
MAR_h,Mean,AAXAA7Z,20,93.22033898305084,96.49122807017544,96.49122807017544,96.49122807017544
MAR_h,Mean,AAXAA7Z,25,91.59663865546219,95.6140350877193,95.6140350877193,95.6140350877193
MAR_h,Mean,AA2KP1S,05,68.11594202898551,95.91836734693877,70.1492537313433,81.0344827586207
MAR_h,Mean,AA2KP1S,10,57.35294117647059,97.5,58.2089552238806,72.89719626168225
MAR_h,Mean,AA2KP1S,15,56.71641791044776,100.0,56.71641791044776,72.38095238095238
MAR_h,Mean,AA2KP1S,20,47.76119402985074,100.0,47.76119402985074,64.64646464646464
MAR_h,Mean,AA2KP1S,25,40.298507462686565,100.0,40.298507462686565,57.44680851063829
MAR_h,Mean,APGIB2T,05,81.70731707317073,94.36619718309859,85.8974358974359,89.93288590604026
MAR_h,Mean,APGIB2T,10,61.72839506172839,94.33962264150944,64.1025641025641,76.33587786259541
MAR_h,Mean,APGIB2T,15,63.74999999999999,96.22641509433963,65.38461538461539,77.86259541984734
MAR_h,Mean,APGIB2T,20,64.19753086419753,94.54545454545455,66.66666666666666,78.19548872180451
MAR_h,Mean,APGIB2T,25,65.0,96.29629629629629,66.66666666666666,78.78787878787878
MAR_h,Mean,AHYIJDV,05,76.0,79.16666666666666,95.0,86.36363636363636
MAR_h,Mean,AHYIJDV,10,49.2063492063492,57.407407407407405,77.5,65.95744680851064
MAR_h,Mean,AHYIJDV,15,49.25373134328358,55.00000000000001,82.5,66.0
MAR_h,Mean,AHYIJDV,20,50.0,60.0,75.0,66.66666666666666
MAR_h,Mean,AHYIJDV,25,47.61904761904761,56.60377358490566,75.0,64.51612903225808
MAR_h,Mean,ASFODQR,05,98.18181818181819,99.08256880733946,99.08256880733946,99.08256880733946
MAR_h,Mean,ASFODQR,10,98.18181818181819,99.08256880733946,99.08256880733946,99.08256880733946
MAR_h,Mean,ASFODQR,15,98.18181818181819,99.08256880733946,99.08256880733946,99.08256880733946
MAR_h,Mean,ASFODQR,20,96.3963963963964,98.1651376146789,98.1651376146789,98.1651376146789
MAR_h,Mean,ASFODQR,25,96.3963963963964,98.1651376146789,98.1651376146789,98.1651376146789
MAR_h,Mean,AUY8KYW,05,83.92857142857143,90.38461538461539,92.15686274509804,91.26213592233009
MAR_h,Mean,AUY8KYW,10,88.23529411764706,100.0,88.23529411764706,93.75
MAR_h,Mean,AUY8KYW,15,86.53846153846155,97.82608695652173,88.23529411764706,92.78350515463919
MAR_h,Mean,AUY8KYW,20,82.6923076923077,97.72727272727273,84.31372549019608,90.52631578947368
MAR_h,Mean,AUY8KYW,25,79.24528301886792,95.45454545454545,82.35294117647058,88.42105263157896
MAR_h,Mean,A3OU183,05,91.78082191780823,93.05555555555556,98.52941176470588,95.71428571428572
MAR_h,Mean,A3OU183,10,92.95774647887323,95.65217391304348,97.05882352941177,96.35036496350365
MAR_h,Mean,A3OU183,15,81.94444444444444,93.65079365079364,86.76470588235294,90.07633587786259
MAR_h,Mean,A3OU183,20,63.63636363636363,84.48275862068965,72.05882352941177,77.77777777777779
MAR_h,Mean,A3OU183,25,53.75,78.18181818181819,63.23529411764706,69.91869918699187
MAR_h,Mean,AOYM4KG,05,76.38888888888889,83.33333333333334,90.1639344262295,86.61417322834646
MAR_h,Mean,AOYM4KG,10,53.40909090909091,63.51351351351351,77.04918032786885,69.62962962962963
MAR_h,Mean,AOYM4KG,15,24.271844660194176,37.3134328358209,40.98360655737705,39.06250000000001
MAR_h,Mean,AOYM4KG,20,13.846153846153847,20.689655172413794,29.508196721311474,24.324324324324326
MAR_h,Mean,AOYM4KG,25,9.219858156028367,13.978494623655912,21.311475409836063,16.88311688311688
MAR_h,Mean,AV2GF3B,05,97.95918367346938,100.0,97.95918367346938,98.96907216494846
MAR_h,Mean,AV2GF3B,10,96.93877551020408,100.0,96.93877551020408,98.44559585492229
MAR_h,Mean,AV2GF3B,15,93.0,97.89473684210527,94.89795918367348,96.37305699481867
MAR_h,Mean,AV2GF3B,20,92.92929292929293,98.9247311827957,93.87755102040816,96.33507853403141
MAR_h,Mean,AV2GF3B,25,88.0,97.77777777777777,89.79591836734694,93.61702127659575
MAR_h,Mean,A0NVTRV,05,96.36363636363636,98.14814814814815,98.14814814814815,98.14814814814815
MAR_h,Mean,A0NVTRV,10,89.47368421052632,94.44444444444444,94.44444444444444,94.44444444444444
MAR_h,Mean,A0NVTRV,15,82.75862068965517,92.3076923076923,88.88888888888889,90.56603773584906
MAR_h,Mean,A0NVTRV,20,43.47826086956522,66.66666666666666,55.55555555555556,60.606060606060595
MAR_h,Mean,A0NVTRV,25,38.46153846153847,55.55555555555556,55.55555555555556,55.55555555555556
MAR_h,Mean,A1K5DRI,05,93.61702127659575,93.61702127659575,100.0,96.7032967032967
MAR_h,Mean,A1K5DRI,10,88.0,88.0,100.0,93.61702127659575
MAR_h,Mean,A1K5DRI,15,65.67164179104478,65.67164179104478,100.0,79.27927927927928
MAR_h,Mean,A1K5DRI,20,66.66666666666666,66.66666666666666,100.0,80.0
MAR_h,Mean,A1K5DRI,25,67.6923076923077,67.6923076923077,100.0,80.73394495412845
MAR_h,Mean,AYEFCWQ,05,100.0,100.0,100.0,100.0
MAR_h,Mean,AYEFCWQ,10,100.0,100.0,100.0,100.0
MAR_h,Mean,AYEFCWQ,15,98.57142857142858,98.57142857142858,100.0,99.28057553956835
MAR_h,Mean,AYEFCWQ,20,97.1830985915493,97.1830985915493,100.0,98.57142857142858
MAR_h,Mean,AYEFCWQ,25,97.1830985915493,97.1830985915493,100.0,98.57142857142858
MAR_h,Mean,AMV7EQF,05,96.55172413793103,98.24561403508771,98.24561403508771,98.24561403508771
MAR_h,Mean,AMV7EQF,10,96.55172413793103,98.24561403508771,98.24561403508771,98.24561403508771
MAR_h,Mean,AMV7EQF,15,96.55172413793103,98.24561403508771,98.24561403508771,98.24561403508771
MAR_h,Mean,AMV7EQF,20,68.96551724137932,97.5609756097561,70.17543859649122,81.63265306122447
MAR_h,Mean,AMV7EQF,25,55.73770491803278,89.47368421052632,59.64912280701754,71.57894736842105
MAR_h,Mean,AZIK4ZA,05,71.01449275362319,89.0909090909091,77.77777777777779,83.05084745762711
MAR_h,Mean,AZIK4ZA,10,75.38461538461539,96.07843137254902,77.77777777777779,85.96491228070175
MAR_h,Mean,AZIK4ZA,15,73.84615384615385,96.0,76.19047619047619,84.95575221238937
MAR_h,Mean,AZIK4ZA,20,72.3076923076923,95.91836734693877,74.60317460317461,83.92857142857143
MAR_h,Mean,AZIK4ZA,25,76.92307692307693,96.15384615384616,79.36507936507937,86.95652173913044
MAR_h,Mean,AJWW3IY,05,98.64864864864865,99.31972789115646,99.31972789115646,99.31972789115646
MAR_h,Mean,AJWW3IY,10,96.0,97.95918367346938,97.95918367346938,97.95918367346938
MAR_h,Mean,AJWW3IY,15,94.70198675496688,97.27891156462584,97.27891156462584,97.27891156462584
MAR_h,Mean,AJWW3IY,20,93.42105263157895,96.5986394557823,96.5986394557823,96.5986394557823
MAR_h,Mean,AJWW3IY,25,93.42105263157895,96.5986394557823,96.5986394557823,96.5986394557823
MAR_h,Mean,AX6281V,05,84.0,95.45454545454545,87.5,91.30434782608695
MAR_h,Mean,AX6281V,10,80.82191780821918,98.33333333333333,81.94444444444444,89.3939393939394
MAR_h,Mean,AX6281V,15,70.73170731707317,85.29411764705883,80.55555555555556,82.85714285714286
MAR_h,Mean,AX6281V,20,62.5,100.0,62.5,76.92307692307693
MAR_h,Mean,AX6281V,25,68.35443037974683,88.52459016393442,75.0,81.203007518797
MAR_h,Mean,AYWIEKR,05,87.71929824561403,88.49557522123894,99.00990099009901,93.45794392523365
MAR_h,Mean,AYWIEKR,10,78.2258064516129,80.83333333333333,96.03960396039604,87.78280542986425
MAR_h,Mean,AYWIEKR,15,72.72727272727273,81.48148148148148,87.12871287128714,84.21052631578947
MAR_h,Mean,AYWIEKR,20,68.29268292682927,79.24528301886792,83.16831683168317,81.15942028985508
MAR_h,Mean,AYWIEKR,25,60.33057851239669,78.49462365591397,72.27722772277228,75.25773195876289
MAR_h,Mean,ATHKM6V,05,84.21052631578947,100.0,84.21052631578947,91.42857142857143
MAR_h,Mean,ATHKM6V,10,78.94736842105263,100.0,78.94736842105263,88.23529411764706
MAR_h,Mean,ATHKM6V,15,86.8421052631579,100.0,86.8421052631579,92.95774647887323
MAR_h,Mean,ATHKM6V,20,94.73684210526315,100.0,94.73684210526315,97.2972972972973
MAR_h,Mean,ATHKM6V,25,97.43589743589743,97.43589743589743,100.0,98.7012987012987
MAR_h,Mean,AFPB8J2,05,84.68468468468468,87.85046728971963,95.91836734693877,91.70731707317074
MAR_h,Mean,AFPB8J2,10,77.11864406779661,81.98198198198197,92.85714285714286,87.08133971291868
MAR_h,Mean,AFPB8J2,15,75.42372881355932,81.65137614678899,90.81632653061224,85.99033816425121
MAR_h,Mean,AFPB8J2,20,72.5,79.81651376146789,88.77551020408163,84.05797101449275
MAR_h,Mean,AFPB8J2,25,74.35897435897436,82.0754716981132,88.77551020408163,85.29411764705883
MAR_h,Mean,A0VFT1N,05,80.95238095238095,92.3913043478261,86.73469387755102,89.47368421052632
MAR_h,Mean,A0VFT1N,10,82.2429906542056,90.72164948453609,89.79591836734694,90.25641025641026
MAR_h,Mean,A0VFT1N,15,82.0754716981132,91.57894736842105,88.77551020408163,90.15544041450777
MAR_h,Mean,A0VFT1N,20,83.33333333333334,90.0,91.83673469387756,90.9090909090909
MAR_h,Mean,A0VFT1N,25,86.79245283018868,92.0,93.87755102040816,92.92929292929293
MAR_h,Mean,AURCTAK,05,74.54545454545455,87.2340425531915,83.6734693877551,85.41666666666667
MAR_h,Mean,AURCTAK,10,51.78571428571429,80.55555555555556,59.183673469387756,68.23529411764706
MAR_h,Mean,AURCTAK,15,22.033898305084744,56.52173913043478,26.53061224489796,36.111111111111114
MAR_h,Mean,AURCTAK,20,17.543859649122805,55.55555555555556,20.408163265306122,29.85074626865672
MAR_h,Mean,AURCTAK,25,16.39344262295082,45.45454545454545,20.408163265306122,28.169014084507037
MAR_h,Mean,A36HR6Y,05,88.88888888888889,100.0,88.88888888888889,94.11764705882352
MAR_h,Mean,A36HR6Y,10,44.44444444444444,100.0,44.44444444444444,61.53846153846153
MAR_h,Mean,A36HR6Y,15,33.33333333333333,100.0,33.33333333333333,50.0
MAR_h,Mean,A36HR6Y,20,55.55555555555556,100.0,55.55555555555556,71.42857142857143
MAR_h,Mean,A36HR6Y,25,0.0,0.0,0.0,0.0
MAR_h,Mean,A4E0D03,05,91.22807017543859,100.0,91.22807017543859,95.41284403669724
MAR_h,Mean,A4E0D03,10,75.0,93.75,78.94736842105263,85.71428571428572
MAR_h,Mean,A4E0D03,15,56.00000000000001,70.0,73.68421052631578,71.7948717948718
MAR_h,Mean,A4E0D03,20,53.94736842105263,68.33333333333333,71.9298245614035,70.08547008547009
MAR_h,Mean,A4E0D03,25,53.246753246753244,67.21311475409836,71.9298245614035,69.4915254237288
MAR_h,Mean,AJMQUVV,05,64.04494382022472,83.82352941176471,73.07692307692307,78.0821917808219
MAR_h,Mean,AJMQUVV,10,57.77777777777777,81.25,66.66666666666666,73.23943661971832
MAR_h,Mean,AJMQUVV,15,53.76344086021505,76.92307692307693,64.1025641025641,69.93006993006993
MAR_h,Mean,AJMQUVV,20,54.94505494505495,79.36507936507937,64.1025641025641,70.92198581560284
MAR_h,Mean,AJMQUVV,25,51.546391752577314,72.46376811594203,64.1025641025641,68.02721088435374
MAR_h,Mean,A4G0044,05,90.47619047619048,95.0,95.0,95.0
MAR_h,Mean,A4G0044,10,79.7752808988764,88.75,88.75,88.75
MAR_h,Mean,A4G0044,15,73.91304347826086,85.0,85.0,85.0
MAR_h,Mean,A4G0044,20,75.82417582417582,86.25,86.25,86.25
MAR_h,Mean,A4G0044,25,79.7752808988764,88.75,88.75,88.75
MAR_h,Mean,AIFDJZB,05,90.625,90.625,100.0,95.08196721311475
MAR_h,Mean,AIFDJZB,10,87.87878787878788,87.87878787878788,100.0,93.54838709677419
MAR_h,Mean,AIFDJZB,15,72.5,72.5,100.0,84.05797101449275
MAR_h,Mean,AIFDJZB,20,78.37837837837837,78.37837837837837,100.0,87.87878787878788
MAR_h,Mean,AIFDJZB,25,90.625,90.625,100.0,95.08196721311475
MAR_h,Mean,AQC0L71,05,94.73684210526315,100.0,94.73684210526315,97.2972972972973
MAR_h,Mean,AQC0L71,10,95.0,95.0,100.0,97.43589743589743
MAR_h,Mean,AQC0L71,15,94.87179487179486,97.36842105263158,97.36842105263158,97.36842105263158
MAR_h,Mean,AQC0L71,20,89.47368421052632,100.0,89.47368421052632,94.44444444444444
MAR_h,Mean,AQC0L71,25,86.8421052631579,100.0,86.8421052631579,92.95774647887323
MAR_h,Mean,A7EM0B6,05,81.57894736842105,81.57894736842105,100.0,89.85507246376811
MAR_h,Mean,A7EM0B6,10,75.60975609756098,75.60975609756098,100.0,86.11111111111111
MAR_h,Mean,A7EM0B6,15,73.80952380952381,73.80952380952381,100.0,84.93150684931507
MAR_h,Mean,A7EM0B6,20,70.73170731707317,74.35897435897436,93.54838709677419,82.85714285714285
MAR_h,Mean,A7EM0B6,25,66.66666666666666,71.7948717948718,90.32258064516128,80.0
MAR_h,LR,A1ZJ41O,05,98.0392156862745,100.0,98.0392156862745,99.009900990099
MAR_h,LR,A1ZJ41O,10,98.07692307692307,98.07692307692307,100.0,99.02912621359222
MAR_h,LR,A1ZJ41O,15,88.23529411764706,100.0,88.23529411764706,93.75
MAR_h,LR,A1ZJ41O,20,92.72727272727272,92.72727272727272,100.0,96.22641509433963
MAR_h,LR,A1ZJ41O,25,90.38461538461539,97.91666666666666,92.15686274509804,94.94949494949493
MAR_h,LR,AKXN5ZZ,05,89.5397489539749,93.04347826086956,95.96412556053812,94.48123620309049
MAR_h,LR,AKXN5ZZ,10,91.70305676855895,97.22222222222221,94.17040358744396,95.67198177676536
MAR_h,LR,AKXN5ZZ,15,85.09803921568627,87.14859437751004,97.30941704035875,91.94915254237289
MAR_h,LR,AKXN5ZZ,20,83.54430379746836,93.39622641509435,88.78923766816143,91.03448275862068
MAR_h,LR,AKXN5ZZ,25,78.60082304526749,90.52132701421802,85.65022421524664,88.01843317972352
MAR_h,LR,AAXAA7Z,05,98.26086956521739,99.12280701754386,99.12280701754386,99.12280701754386
MAR_h,LR,AAXAA7Z,10,98.26086956521739,99.12280701754386,99.12280701754386,99.12280701754386
MAR_h,LR,AAXAA7Z,15,90.83333333333333,94.78260869565217,95.6140350877193,95.19650655021834
MAR_h,LR,AAXAA7Z,20,90.83333333333333,94.78260869565217,95.6140350877193,95.19650655021834
MAR_h,LR,AAXAA7Z,25,62.857142857142854,77.19298245614034,77.19298245614034,77.19298245614034
MAR_h,LR,AA2KP1S,05,91.04477611940298,100.0,91.04477611940298,95.3125
MAR_h,LR,AA2KP1S,10,67.6056338028169,92.3076923076923,71.64179104477611,80.67226890756302
MAR_h,LR,AA2KP1S,15,63.23529411764706,97.72727272727273,64.17910447761194,77.47747747747746
MAR_h,LR,AA2KP1S,20,69.86301369863014,89.47368421052632,76.11940298507463,82.25806451612904
MAR_h,LR,AA2KP1S,25,79.48717948717949,84.93150684931507,92.53731343283582,88.57142857142857
MAR_h,LR,APGIB2T,05,85.18518518518519,95.83333333333334,88.46153846153845,92.0
MAR_h,LR,APGIB2T,10,54.166666666666664,74.28571428571429,66.66666666666666,70.27027027027027
MAR_h,LR,APGIB2T,15,36.89320388349515,60.317460317460316,48.717948717948715,53.90070921985816
MAR_h,LR,APGIB2T,20,29.20353982300885,48.529411764705884,42.30769230769231,45.20547945205479
MAR_h,LR,APGIB2T,25,34.21052631578947,52.0,50.0,50.98039215686274
MAR_h,LR,AHYIJDV,05,86.36363636363636,90.47619047619048,95.0,92.68292682926828
MAR_h,LR,AHYIJDV,10,71.42857142857143,71.42857142857143,100.0,83.33333333333333
MAR_h,LR,AHYIJDV,15,31.868131868131865,36.25,72.5,48.33333333333334
MAR_h,LR,AHYIJDV,20,8.88888888888889,13.793103448275861,20.0,16.3265306122449
MAR_h,LR,AHYIJDV,25,50.0,52.112676056338024,92.5,66.66666666666667
MAR_h,LR,ASFODQR,05,100.0,100.0,100.0,100.0
MAR_h,LR,ASFODQR,10,100.0,100.0,100.0,100.0
MAR_h,LR,ASFODQR,15,65.15151515151516,78.89908256880734,78.89908256880734,78.89908256880734
MAR_h,LR,ASFODQR,20,42.48366013071895,59.63302752293578,59.63302752293578,59.63302752293578
MAR_h,LR,ASFODQR,25,60.0,75.70093457943925,74.31192660550458,74.99999999999999
MAR_h,LR,AUY8KYW,05,92.72727272727272,92.72727272727272,100.0,96.22641509433963
MAR_h,LR,AUY8KYW,10,80.0,84.21052631578947,94.11764705882352,88.88888888888889
MAR_h,LR,AUY8KYW,15,64.91228070175438,86.04651162790698,72.54901960784314,78.72340425531917
MAR_h,LR,AUY8KYW,20,64.15094339622641,94.44444444444444,66.66666666666666,78.16091954022987
MAR_h,LR,AUY8KYW,25,81.35593220338984,85.71428571428571,94.11764705882352,89.7196261682243
MAR_h,LR,A3OU183,05,87.32394366197182,95.38461538461539,91.17647058823529,93.23308270676691
MAR_h,LR,A3OU183,10,62.33766233766234,84.21052631578947,70.58823529411765,76.8
MAR_h,LR,A3OU183,15,62.0253164556962,81.66666666666667,72.05882352941177,76.56250000000001
MAR_h,LR,A3OU183,20,49.43820224719101,67.6923076923077,64.70588235294117,66.16541353383458
MAR_h,LR,A3OU183,25,33.0188679245283,47.94520547945205,51.470588235294116,49.645390070921984
MAR_h,LR,AOYM4KG,05,92.1875,95.16129032258065,96.72131147540983,95.9349593495935
MAR_h,LR,AOYM4KG,10,76.62337662337663,78.66666666666666,96.72131147540983,86.76470588235293
MAR_h,LR,AOYM4KG,15,55.91397849462365,61.904761904761905,85.24590163934425,71.72413793103448
MAR_h,LR,AOYM4KG,20,16.7741935483871,21.666666666666668,42.62295081967213,28.7292817679558
MAR_h,LR,AOYM4KG,25,11.320754716981133,13.714285714285715,39.34426229508197,20.33898305084746
MAR_h,LR,AV2GF3B,05,97.97979797979798,98.9795918367347,98.9795918367347,98.9795918367347
MAR_h,LR,AV2GF3B,10,96.96969696969697,98.96907216494846,97.95918367346938,98.46153846153847
MAR_h,LR,AV2GF3B,15,93.20388349514563,95.04950495049505,97.95918367346938,96.4824120603015
MAR_h,LR,AV2GF3B,20,87.73584905660378,92.07920792079209,94.89795918367348,93.4673366834171
MAR_h,LR,AV2GF3B,25,82.14285714285714,86.79245283018868,93.87755102040816,90.19607843137256
MAR_h,LR,A0NVTRV,05,100.0,100.0,100.0,100.0
MAR_h,LR,A0NVTRV,10,92.85714285714286,96.29629629629629,96.29629629629629,96.29629629629629
MAR_h,LR,A0NVTRV,15,77.04918032786885,87.03703703703704,87.03703703703704,87.03703703703704
MAR_h,LR,A0NVTRV,20,77.04918032786885,87.03703703703704,87.03703703703704,87.03703703703704
MAR_h,LR,A0NVTRV,25,45.45454545454545,71.42857142857143,55.55555555555556,62.500000000000014
MAR_h,LR,A1K5DRI,05,100.0,100.0,100.0,100.0
MAR_h,LR,A1K5DRI,10,97.72727272727273,100.0,97.72727272727273,98.85057471264368
MAR_h,LR,A1K5DRI,15,88.0,88.0,100.0,93.61702127659575
MAR_h,LR,A1K5DRI,20,100.0,100.0,100.0,100.0
MAR_h,LR,A1K5DRI,25,89.36170212765957,93.33333333333333,95.45454545454545,94.38202247191012
MAR_h,LR,AYEFCWQ,05,100.0,100.0,100.0,100.0
MAR_h,LR,AYEFCWQ,10,100.0,100.0,100.0,100.0
MAR_h,LR,AYEFCWQ,15,100.0,100.0,100.0,100.0
MAR_h,LR,AYEFCWQ,20,100.0,100.0,100.0,100.0
MAR_h,LR,AYEFCWQ,25,98.57142857142858,98.57142857142858,100.0,99.28057553956835
MAR_h,LR,AMV7EQF,05,93.22033898305084,96.49122807017544,96.49122807017544,96.49122807017544
MAR_h,LR,AMV7EQF,10,82.45614035087719,100.0,82.45614035087719,90.38461538461539
MAR_h,LR,AMV7EQF,15,88.13559322033898,96.29629629629629,91.22807017543859,93.69369369369369
MAR_h,LR,AMV7EQF,20,54.41176470588235,77.08333333333334,64.91228070175438,70.47619047619048
MAR_h,LR,AMV7EQF,25,58.620689655172406,97.14285714285714,59.64912280701754,73.91304347826086
MAR_h,LR,AZIK4ZA,05,93.84615384615384,96.82539682539682,96.82539682539682,96.82539682539682
MAR_h,LR,AZIK4ZA,10,12.82051282051282,40.0,15.873015873015872,22.727272727272727
MAR_h,LR,AZIK4ZA,15,20.238095238095237,44.73684210526316,26.984126984126984,33.66336633663366
MAR_h,LR,AZIK4ZA,20,2.4096385542168677,9.090909090909092,3.1746031746031744,4.705882352941177
MAR_h,LR,AZIK4ZA,25,12.745098039215685,25.0,20.634920634920633,22.608695652173914
MAR_h,LR,AJWW3IY,05,99.32432432432432,99.32432432432432,100.0,99.66101694915254
MAR_h,LR,AJWW3IY,10,96.0,97.95918367346938,97.95918367346938,97.95918367346938
MAR_h,LR,AJWW3IY,15,96.0,97.95918367346938,97.95918367346938,97.95918367346938
MAR_h,LR,AJWW3IY,20,93.42105263157895,96.5986394557823,96.5986394557823,96.5986394557823
MAR_h,LR,AJWW3IY,25,90.32258064516128,94.5945945945946,95.23809523809523,94.91525423728814
MAR_h,LR,AX6281V,05,80.55555555555556,100.0,80.55555555555556,89.23076923076924
MAR_h,LR,AX6281V,10,78.3132530120482,85.52631578947368,90.27777777777779,87.83783783783782
MAR_h,LR,AX6281V,15,33.07086614173229,43.29896907216495,58.333333333333336,49.70414201183433
MAR_h,LR,AX6281V,20,12.643678160919542,42.30769230769231,15.277777777777779,22.44897959183674
MAR_h,LR,AX6281V,25,0.0,0.0,0.0,0.0
MAR_h,LR,AYWIEKR,05,96.11650485436894,98.01980198019803,98.01980198019803,98.01980198019803
MAR_h,LR,AYWIEKR,10,52.14723926380368,57.82312925170068,84.15841584158416,68.5483870967742
MAR_h,LR,AYWIEKR,15,63.04347826086957,70.16129032258065,86.13861386138613,77.33333333333334
MAR_h,LR,AYWIEKR,20,55.55555555555556,73.68421052631578,69.3069306930693,71.42857142857143
MAR_h,LR,AYWIEKR,25,53.125,59.02777777777778,84.15841584158416,69.38775510204081
MAR_h,LR,ATHKM6V,05,100.0,100.0,100.0,100.0
MAR_h,LR,ATHKM6V,10,76.31578947368422,100.0,76.31578947368422,86.56716417910448
MAR_h,LR,ATHKM6V,15,95.0,95.0,100.0,97.43589743589743
MAR_h,LR,ATHKM6V,20,84.21052631578947,100.0,84.21052631578947,91.42857142857143
MAR_h,LR,ATHKM6V,25,68.42105263157895,100.0,68.42105263157895,81.25000000000001
MAR_h,LR,AFPB8J2,05,92.15686274509804,95.91836734693877,95.91836734693877,95.91836734693877
MAR_h,LR,AFPB8J2,10,83.1858407079646,86.23853211009175,95.91836734693877,90.82125603864735
MAR_h,LR,AFPB8J2,15,50.0,61.73913043478261,72.44897959183673,66.66666666666666
MAR_h,LR,AFPB8J2,20,54.81481481481482,66.66666666666666,75.51020408163265,70.81339712918658
MAR_h,LR,AFPB8J2,25,59.68992248062015,71.29629629629629,78.57142857142857,74.75728155339806
MAR_h,LR,A0VFT1N,05,98.98989898989899,98.98989898989899,100.0,99.49238578680203
MAR_h,LR,A0VFT1N,10,94.11764705882352,96.0,97.95918367346938,96.96969696969697
MAR_h,LR,A0VFT1N,15,63.114754098360656,76.23762376237624,78.57142857142857,77.38693467336682
MAR_h,LR,A0VFT1N,20,63.63636363636363,77.0,78.57142857142857,77.77777777777779
MAR_h,LR,A0VFT1N,25,71.28712871287128,96.0,73.46938775510205,83.23699421965318
MAR_h,LR,AURCTAK,05,70.6896551724138,82.0,83.6734693877551,82.82828282828282
MAR_h,LR,AURCTAK,10,47.14285714285714,61.111111111111114,67.3469387755102,64.07766990291262
MAR_h,LR,AURCTAK,15,33.76623376623377,48.148148148148145,53.06122448979592,50.48543689320388
MAR_h,LR,AURCTAK,20,25.609756097560975,38.88888888888889,42.857142857142854,40.77669902912621
MAR_h,LR,AURCTAK,25,24.096385542168676,37.03703703703704,40.816326530612244,38.834951456310684
MAR_h,LR,A36HR6Y,05,81.81818181818183,81.81818181818183,100.0,90.0
MAR_h,LR,A36HR6Y,10,40.909090909090914,40.909090909090914,100.0,58.06451612903226
MAR_h,LR,A36HR6Y,15,33.33333333333333,100.0,33.33333333333333,50.0
MAR_h,LR,A36HR6Y,20,61.53846153846154,66.66666666666666,88.88888888888889,76.1904761904762
MAR_h,LR,A36HR6Y,25,19.565217391304348,19.565217391304348,100.0,32.72727272727273
MAR_h,LR,A4E0D03,05,67.74193548387096,89.36170212765957,73.68421052631578,80.76923076923077
MAR_h,LR,A4E0D03,10,89.65517241379311,98.11320754716981,91.22807017543859,94.54545454545455
MAR_h,LR,A4E0D03,15,67.24137931034483,97.5,68.42105263157895,80.41237113402062
MAR_h,LR,A4E0D03,20,51.24999999999999,64.0625,71.9298245614035,67.76859504132231
MAR_h,LR,A4E0D03,25,61.038961038961034,70.1492537313433,82.45614035087719,75.80645161290323
MAR_h,LR,AJMQUVV,05,67.74193548387096,80.76923076923077,80.76923076923077,80.76923076923077
MAR_h,LR,AJMQUVV,10,62.92134831460674,83.5820895522388,71.7948717948718,77.24137931034484
MAR_h,LR,AJMQUVV,15,37.27272727272727,56.16438356164384,52.56410256410257,54.3046357615894
MAR_h,LR,AJMQUVV,20,41.41414141414141,66.12903225806451,52.56410256410257,58.57142857142856
MAR_h,LR,AJMQUVV,25,27.692307692307693,40.909090909090914,46.15384615384615,43.37349397590362
MAR_h,LR,A4G0044,05,92.7710843373494,96.25,96.25,96.25000000000001
MAR_h,LR,A4G0044,10,75.82417582417582,86.25,86.25,86.25
MAR_h,LR,A4G0044,15,63.26530612244898,77.5,77.5,77.5
MAR_h,LR,A4G0044,20,41.5929203539823,58.75,58.75,58.75
MAR_h,LR,A4G0044,25,17.647058823529413,30.0,30.0,30.0
MAR_h,LR,AIFDJZB,05,89.65517241379311,100.0,89.65517241379311,94.54545454545455
MAR_h,LR,AIFDJZB,10,66.66666666666666,68.29268292682927,96.55172413793103,80.00000000000001
MAR_h,LR,AIFDJZB,15,77.77777777777779,80.0,96.55172413793103,87.50000000000001
MAR_h,LR,AIFDJZB,20,55.769230769230774,55.769230769230774,100.0,71.60493827160494
MAR_h,LR,AIFDJZB,25,62.22222222222222,63.63636363636363,96.55172413793103,76.71232876712328
MAR_h,LR,AQC0L71,05,94.73684210526315,100.0,94.73684210526315,97.2972972972973
MAR_h,LR,AQC0L71,10,97.43589743589743,97.43589743589743,100.0,98.7012987012987
MAR_h,LR,AQC0L71,15,95.0,95.0,100.0,97.43589743589743
MAR_h,LR,AQC0L71,20,81.57894736842105,100.0,81.57894736842105,89.85507246376811
MAR_h,LR,AQC0L71,25,78.94736842105263,100.0,78.94736842105263,88.23529411764706
MAR_h,LR,A7EM0B6,05,81.57894736842105,81.57894736842105,100.0,89.85507246376811
MAR_h,LR,A7EM0B6,10,88.57142857142857,88.57142857142857,100.0,93.93939393939394
MAR_h,LR,A7EM0B6,15,93.93939393939394,93.93939393939394,100.0,96.875
MAR_h,LR,A7EM0B6,20,42.3728813559322,47.16981132075472,80.64516129032258,59.52380952380953
MAR_h,LR,A7EM0B6,25,62.16216216216216,79.3103448275862,74.19354838709677,76.66666666666667
MAR_h,HT,A1ZJ41O,05,96.07843137254902,100.0,96.07843137254902,98.0
MAR_h,HT,A1ZJ41O,10,98.07692307692307,98.07692307692307,100.0,99.02912621359222
MAR_h,HT,A1ZJ41O,15,82.35294117647058,100.0,82.35294117647058,90.32258064516128
MAR_h,HT,A1ZJ41O,20,76.92307692307693,78.125,98.0392156862745,86.95652173913042
MAR_h,HT,A1ZJ41O,25,63.63636363636363,65.33333333333333,96.07843137254902,77.77777777777777
MAR_h,HT,AKXN5ZZ,05,88.23529411764706,93.33333333333333,94.17040358744396,93.75000000000001
MAR_h,HT,AKXN5ZZ,10,88.28451882845188,92.95154185022027,94.61883408071749,93.77777777777777
MAR_h,HT,AKXN5ZZ,15,90.12345679012346,91.63179916317992,98.20627802690582,94.80519480519479
MAR_h,HT,AKXN5ZZ,20,71.48760330578511,90.10416666666666,77.57847533632287,83.37349397590361
MAR_h,HT,AKXN5ZZ,25,55.90277777777778,71.23893805309734,72.19730941704036,71.71492204899778
MAR_h,HT,AAXAA7Z,05,98.26086956521739,99.12280701754386,99.12280701754386,99.12280701754386
MAR_h,HT,AAXAA7Z,10,94.87179487179486,97.36842105263158,97.36842105263158,97.36842105263158
MAR_h,HT,AAXAA7Z,15,83.2,90.43478260869566,91.22807017543859,90.82969432314411
MAR_h,HT,AAXAA7Z,20,94.87179487179486,97.36842105263158,97.36842105263158,97.36842105263158
MAR_h,HT,AAXAA7Z,25,67.64705882352942,80.7017543859649,80.7017543859649,80.7017543859649
MAR_h,HT,AA2KP1S,05,82.08955223880598,100.0,82.08955223880598,90.16393442622952
MAR_h,HT,AA2KP1S,10,69.44444444444444,90.9090909090909,74.6268656716418,81.9672131147541
MAR_h,HT,AA2KP1S,15,60.29411764705882,97.61904761904762,61.19402985074627,75.22935779816514
MAR_h,HT,AA2KP1S,20,63.63636363636363,83.05084745762711,73.13432835820896,77.77777777777779
MAR_h,HT,AA2KP1S,25,67.6056338028169,92.3076923076923,71.64179104477611,80.67226890756302
MAR_h,HT,APGIB2T,05,77.38095238095238,91.54929577464789,83.33333333333334,87.24832214765101
MAR_h,HT,APGIB2T,10,54.90196078431373,70.0,71.7948717948718,70.8860759493671
MAR_h,HT,APGIB2T,15,26.229508196721312,42.10526315789473,41.02564102564102,41.55844155844156
MAR_h,HT,APGIB2T,20,21.25984251968504,35.526315789473685,34.61538461538461,35.064935064935064
MAR_h,HT,APGIB2T,25,16.793893129770993,29.333333333333332,28.205128205128204,28.75816993464052
MAR_h,HT,AHYIJDV,05,71.11111111111111,86.48648648648648,80.0,83.11688311688312
MAR_h,HT,AHYIJDV,10,65.51724137931035,67.85714285714286,95.0,79.16666666666667
MAR_h,HT,AHYIJDV,15,21.875,27.27272727272727,52.5,35.8974358974359
MAR_h,HT,AHYIJDV,20,6.25,9.67741935483871,15.0,11.76470588235294
MAR_h,HT,AHYIJDV,25,36.231884057971016,46.2962962962963,62.5,53.191489361702125
MAR_h,HT,ASFODQR,05,100.0,100.0,100.0,100.0
MAR_h,HT,ASFODQR,10,98.18181818181819,99.08256880733946,99.08256880733946,99.08256880733946
MAR_h,HT,ASFODQR,15,58.82352941176471,74.76635514018692,73.39449541284404,74.07407407407408
MAR_h,HT,ASFODQR,20,32.926829268292686,49.54128440366973,49.54128440366973,49.54128440366973
MAR_h,HT,ASFODQR,25,47.2972972972973,64.22018348623854,64.22018348623854,64.22018348623854
MAR_h,HT,AUY8KYW,05,90.74074074074075,94.23076923076923,96.07843137254902,95.14563106796116
MAR_h,HT,AUY8KYW,10,74.6268656716418,75.75757575757575,98.0392156862745,85.47008547008548
MAR_h,HT,AUY8KYW,15,51.515151515151516,69.38775510204081,66.66666666666666,68.0
MAR_h,HT,AUY8KYW,20,62.745098039215684,100.0,62.745098039215684,77.10843373493977
MAR_h,HT,AUY8KYW,25,76.19047619047619,80.0,94.11764705882352,86.48648648648648
MAR_h,HT,A3OU183,05,85.91549295774648,95.3125,89.70588235294117,92.42424242424244
MAR_h,HT,A3OU183,10,58.75,79.66101694915254,69.11764705882352,74.01574803149606
MAR_h,HT,A3OU183,15,52.94117647058824,72.58064516129032,66.17647058823529,69.23076923076921
MAR_h,HT,A3OU183,20,36.11111111111111,49.36708860759494,57.35294117647059,53.06122448979592
MAR_h,HT,A3OU183,25,18.705035971223023,26.804123711340207,38.23529411764706,31.515151515151512
MAR_h,HT,AOYM4KG,05,86.76470588235294,89.39393939393939,96.72131147540983,92.91338582677166
MAR_h,HT,AOYM4KG,10,80.55555555555556,84.05797101449275,95.08196721311475,89.23076923076923
MAR_h,HT,AOYM4KG,15,53.57142857142857,66.17647058823529,73.77049180327869,69.76744186046511
MAR_h,HT,AOYM4KG,20,10.81081081081081,19.35483870967742,19.672131147540984,19.51219512195122
MAR_h,HT,AOYM4KG,25,3.3333333333333335,4.8,9.836065573770492,6.451612903225808
MAR_h,HT,AV2GF3B,05,95.04950495049505,96.96969696969697,97.95918367346938,97.46192893401016
MAR_h,HT,AV2GF3B,10,91.34615384615384,94.05940594059405,96.93877551020408,95.47738693467338
MAR_h,HT,AV2GF3B,15,85.58558558558559,87.96296296296296,96.93877551020408,92.23300970873787
MAR_h,HT,AV2GF3B,20,63.49206349206349,74.07407407407408,81.63265306122449,77.66990291262137
MAR_h,HT,AV2GF3B,25,67.96875,74.35897435897436,88.77551020408163,80.93023255813954
MAR_h,HT,A0NVTRV,05,96.36363636363636,98.14814814814815,98.14814814814815,98.14814814814815
MAR_h,HT,A0NVTRV,10,83.05084745762711,90.74074074074075,90.74074074074075,90.74074074074075
MAR_h,HT,A0NVTRV,15,63.63636363636363,77.77777777777779,77.77777777777779,77.77777777777779
MAR_h,HT,A0NVTRV,20,71.42857142857143,83.33333333333334,83.33333333333334,83.33333333333334
MAR_h,HT,A0NVTRV,25,35.18518518518518,100.0,35.18518518518518,52.054794520547944
MAR_h,HT,A1K5DRI,05,97.77777777777777,97.77777777777777,100.0,98.87640449438202
MAR_h,HT,A1K5DRI,10,86.36363636363636,100.0,86.36363636363636,92.68292682926828
MAR_h,HT,A1K5DRI,15,91.48936170212765,93.47826086956522,97.72727272727273,95.55555555555557
MAR_h,HT,A1K5DRI,20,47.82608695652174,47.82608695652174,100.0,64.70588235294117
MAR_h,HT,A1K5DRI,25,61.111111111111114,61.111111111111114,100.0,75.86206896551725
MAR_h,HT,AYEFCWQ,05,100.0,100.0,100.0,100.0
MAR_h,HT,AYEFCWQ,10,100.0,100.0,100.0,100.0
MAR_h,HT,AYEFCWQ,15,100.0,100.0,100.0,100.0
MAR_h,HT,AYEFCWQ,20,100.0,100.0,100.0,100.0
MAR_h,HT,AYEFCWQ,25,98.57142857142858,98.57142857142858,100.0,99.28057553956835
MAR_h,HT,AMV7EQF,05,91.66666666666666,94.82758620689656,96.49122807017544,95.65217391304347
MAR_h,HT,AMV7EQF,10,68.96551724137932,97.5609756097561,70.17543859649122,81.63265306122447
MAR_h,HT,AMV7EQF,15,79.3103448275862,97.87234042553192,80.7017543859649,88.46153846153845
MAR_h,HT,AMV7EQF,20,13.23529411764706,45.0,15.789473684210526,23.376623376623375
MAR_h,HT,AMV7EQF,25,47.368421052631575,100.0,47.368421052631575,64.28571428571429
MAR_h,HT,AZIK4ZA,05,86.95652173913044,90.9090909090909,95.23809523809523,93.02325581395348
MAR_h,HT,AZIK4ZA,10,0.0,0.0,0.0,0.0
MAR_h,HT,AZIK4ZA,15,3.296703296703297,9.67741935483871,4.761904761904762,6.382978723404256
MAR_h,HT,AZIK4ZA,20,1.4492753623188406,2.5974025974025974,3.1746031746031744,2.857142857142857
MAR_h,HT,AZIK4ZA,25,0.5376344086021506,0.8064516129032258,1.5873015873015872,1.0695187165775402
MAR_h,HT,AJWW3IY,05,98.64864864864865,99.31972789115646,99.31972789115646,99.31972789115646
MAR_h,HT,AJWW3IY,10,97.31543624161074,98.63945578231292,98.63945578231292,98.63945578231292
MAR_h,HT,AJWW3IY,15,79.8780487804878,88.51351351351352,89.1156462585034,88.8135593220339
MAR_h,HT,AJWW3IY,20,96.0,97.95918367346938,97.95918367346938,97.95918367346938
MAR_h,HT,AJWW3IY,25,79.8780487804878,88.51351351351352,89.1156462585034,88.8135593220339
MAR_h,HT,AX6281V,05,82.1917808219178,98.36065573770492,83.33333333333334,90.22556390977444
MAR_h,HT,AX6281V,10,75.64102564102564,90.76923076923077,81.94444444444444,86.13138686131386
MAR_h,HT,AX6281V,15,27.205882352941174,36.633663366336634,51.388888888888886,42.774566473988436
MAR_h,HT,AX6281V,20,6.153846153846154,12.121212121212121,11.11111111111111,11.594202898550725
MAR_h,HT,AX6281V,25,5.194805194805195,8.88888888888889,11.11111111111111,9.876543209876543
MAR_h,HT,AYWIEKR,05,80.18018018018019,89.8989898989899,88.11881188118812,89.0
MAR_h,HT,AYWIEKR,10,45.348837209302324,52.348993288590606,77.22772277227723,62.4
MAR_h,HT,AYWIEKR,15,56.61764705882353,68.75,76.23762376237624,72.30046948356808
MAR_h,HT,AYWIEKR,20,46.285714285714285,52.25806451612903,80.19801980198021,63.281249999999986
MAR_h,HT,AYWIEKR,25,30.612244897959183,49.45054945054945,44.554455445544555,46.875
MAR_h,HT,ATHKM6V,05,84.44444444444444,84.44444444444444,100.0,91.56626506024097
MAR_h,HT,ATHKM6V,10,88.37209302325581,88.37209302325581,100.0,93.82716049382717
MAR_h,HT,ATHKM6V,15,97.36842105263158,100.0,97.36842105263158,98.66666666666666
MAR_h,HT,ATHKM6V,20,76.31578947368422,100.0,76.31578947368422,86.56716417910448
MAR_h,HT,ATHKM6V,25,79.16666666666666,79.16666666666666,100.0,88.37209302325581
MAR_h,HT,AFPB8J2,05,77.58620689655173,83.33333333333334,91.83673469387756,87.37864077669903
MAR_h,HT,AFPB8J2,10,90.19607843137256,95.83333333333334,93.87755102040816,94.84536082474227
MAR_h,HT,AFPB8J2,15,57.52212389380531,81.25,66.3265306122449,73.03370786516852
MAR_h,HT,AFPB8J2,20,47.482014388489205,61.6822429906542,67.3469387755102,64.39024390243901
MAR_h,HT,AFPB8J2,25,57.77777777777777,67.82608695652173,79.59183673469387,73.23943661971832
MAR_h,HT,A0VFT1N,05,75.22123893805309,85.0,86.73469387755102,85.85858585858584
MAR_h,HT,A0VFT1N,10,43.87755102040816,100.0,43.87755102040816,60.99290780141844
MAR_h,HT,A0VFT1N,15,81.9047619047619,92.47311827956989,87.75510204081633,90.0523560209424
MAR_h,HT,A0VFT1N,20,79.0909090909091,87.87878787878788,88.77551020408163,88.32487309644671
MAR_h,HT,A0VFT1N,25,79.0,97.53086419753086,80.61224489795919,88.26815642458101
MAR_h,HT,AURCTAK,05,76.78571428571429,86.0,87.75510204081633,86.86868686868686
MAR_h,HT,AURCTAK,10,44.927536231884055,60.78431372549019,63.26530612244898,62.0
MAR_h,HT,AURCTAK,15,24.096385542168676,37.03703703703704,40.816326530612244,38.834951456310684
MAR_h,HT,AURCTAK,20,21.176470588235293,33.33333333333333,36.734693877551024,34.95145631067961
MAR_h,HT,AURCTAK,25,17.045454545454543,27.77777777777778,30.612244897959183,29.126213592233015
MAR_h,HT,A36HR6Y,05,90.0,90.0,100.0,94.73684210526316
MAR_h,HT,A36HR6Y,10,45.0,45.0,100.0,62.06896551724138
MAR_h,HT,A36HR6Y,15,64.28571428571429,64.28571428571429,100.0,78.26086956521739
MAR_h,HT,A36HR6Y,20,0.0,0.0,0.0,0.0
MAR_h,HT,A36HR6Y,25,18.367346938775512,18.367346938775512,100.0,31.03448275862069
MAR_h,HT,A4E0D03,05,52.54237288135594,93.93939393939394,54.385964912280706,68.8888888888889
MAR_h,HT,A4E0D03,10,88.70967741935483,91.66666666666666,96.49122807017544,94.01709401709401
MAR_h,HT,A4E0D03,15,57.89473684210527,100.0,57.89473684210527,73.33333333333334
MAR_h,HT,A4E0D03,20,47.5,62.295081967213115,66.66666666666666,64.40677966101694
MAR_h,HT,A4E0D03,25,60.256410256410255,69.11764705882352,82.45614035087719,75.19999999999999
MAR_h,HT,AJMQUVV,05,71.27659574468085,80.72289156626506,85.8974358974359,83.22981366459628
MAR_h,HT,AJMQUVV,10,29.82456140350877,48.57142857142857,43.58974358974359,45.945945945945944
MAR_h,HT,AJMQUVV,15,38.613861386138616,62.903225806451616,50.0,55.714285714285715
MAR_h,HT,AJMQUVV,20,31.896551724137932,49.333333333333336,47.43589743589743,48.36601307189542
MAR_h,HT,AJMQUVV,25,27.480916030534353,40.44943820224719,46.15384615384615,43.11377245508982
MAR_h,HT,A4G0044,05,97.53086419753086,98.75,98.75,98.75
MAR_h,HT,A4G0044,10,81.81818181818183,90.0,90.0,90.0
MAR_h,HT,A4G0044,15,64.94845360824742,78.75,78.75,78.75
MAR_h,HT,A4G0044,20,42.857142857142854,60.0,60.0,60.0
MAR_h,HT,A4G0044,25,25.984251968503933,41.25,41.25,41.25
MAR_h,HT,AIFDJZB,05,86.20689655172413,100.0,86.20689655172413,92.5925925925926
MAR_h,HT,AIFDJZB,10,36.61971830985916,38.23529411764706,89.65517241379311,53.608247422680414
MAR_h,HT,AIFDJZB,15,50.877192982456144,50.877192982456144,100.0,67.44186046511628
MAR_h,HT,AIFDJZB,20,93.33333333333333,96.55172413793103,96.55172413793103,96.55172413793103
MAR_h,HT,AIFDJZB,25,60.416666666666664,60.416666666666664,100.0,75.32467532467533
MAR_h,HT,AQC0L71,05,94.73684210526315,100.0,94.73684210526315,97.2972972972973
MAR_h,HT,AQC0L71,10,97.43589743589743,97.43589743589743,100.0,98.7012987012987
MAR_h,HT,AQC0L71,15,92.6829268292683,92.6829268292683,100.0,96.20253164556964
MAR_h,HT,AQC0L71,20,71.7948717948718,96.55172413793103,73.68421052631578,83.5820895522388
MAR_h,HT,AQC0L71,25,65.0,92.85714285714286,68.42105263157895,78.78787878787878
MAR_h,HT,A7EM0B6,05,75.60975609756098,75.60975609756098,100.0,86.11111111111111
MAR_h,HT,A7EM0B6,10,77.5,77.5,100.0,87.32394366197184
MAR_h,HT,A7EM0B6,15,96.7741935483871,100.0,96.7741935483871,98.36065573770492
MAR_h,HT,A7EM0B6,20,27.192982456140353,27.192982456140353,100.0,42.758620689655174
MAR_h,HT,A7EM0B6,25,5.970149253731343,10.0,12.903225806451612,11.267605633802818
MAR_h,HAT,A1ZJ41O,05,96.07843137254902,100.0,96.07843137254902,98.0
MAR_h,HAT,A1ZJ41O,10,98.07692307692307,98.07692307692307,100.0,99.02912621359222
MAR_h,HAT,A1ZJ41O,15,72.54901960784314,100.0,72.54901960784314,84.09090909090908
MAR_h,HAT,A1ZJ41O,20,92.45283018867924,96.07843137254902,96.07843137254902,96.07843137254902
MAR_h,HAT,A1ZJ41O,25,61.038961038961034,64.38356164383562,92.15686274509804,75.80645161290323
MAR_h,HAT,AKXN5ZZ,05,93.04347826086956,96.83257918552036,95.96412556053812,96.39639639639638
MAR_h,HAT,AKXN5ZZ,10,85.65400843881856,93.54838709677419,91.03139013452915,92.27272727272728
MAR_h,HAT,AKXN5ZZ,15,87.60330578512396,91.77489177489177,95.06726457399103,93.3920704845815
MAR_h,HAT,AKXN5ZZ,20,74.07407407407408,80.97165991902834,89.68609865470853,85.1063829787234
MAR_h,HAT,AKXN5ZZ,25,73.33333333333333,91.19170984455958,78.9237668161435,84.61538461538461
MAR_h,HAT,AAXAA7Z,05,99.1304347826087,99.1304347826087,100.0,99.56331877729258
MAR_h,HAT,AAXAA7Z,10,100.0,100.0,100.0,100.0
MAR_h,HAT,AAXAA7Z,15,93.22033898305084,96.49122807017544,96.49122807017544,96.49122807017544
MAR_h,HAT,AAXAA7Z,20,90.0,94.73684210526315,94.73684210526315,94.73684210526315
MAR_h,HAT,AAXAA7Z,25,62.68656716417911,80.76923076923077,73.68421052631578,77.06422018348624
MAR_h,HAT,AA2KP1S,05,83.5820895522388,100.0,83.5820895522388,91.05691056910568
MAR_h,HAT,AA2KP1S,10,69.23076923076923,83.07692307692308,80.59701492537313,81.81818181818183
MAR_h,HAT,AA2KP1S,15,56.52173913043478,95.1219512195122,58.2089552238806,72.22222222222221
MAR_h,HAT,AA2KP1S,20,69.41176470588235,76.62337662337663,88.05970149253731,81.94444444444446
MAR_h,HAT,AA2KP1S,25,86.3013698630137,91.30434782608695,94.02985074626866,92.64705882352942
MAR_h,HAT,APGIB2T,05,80.95238095238095,91.8918918918919,87.17948717948718,89.47368421052632
MAR_h,HAT,APGIB2T,10,50.0,66.66666666666666,66.66666666666666,66.66666666666666
MAR_h,HAT,APGIB2T,15,25.0,40.25974025974026,39.743589743589745,40.0
MAR_h,HAT,APGIB2T,20,17.424242424242426,29.87012987012987,29.48717948717949,29.677419354838708
MAR_h,HAT,APGIB2T,25,25.196850393700785,39.50617283950617,41.02564102564102,40.25157232704403
MAR_h,HAT,AHYIJDV,05,67.3913043478261,83.78378378378379,77.5,80.51948051948051
MAR_h,HAT,AHYIJDV,10,65.57377049180327,65.57377049180327,100.0,79.20792079207921
MAR_h,HAT,AHYIJDV,15,34.831460674157306,38.75,77.5,51.66666666666667
MAR_h,HAT,AHYIJDV,20,6.666666666666667,10.714285714285714,15.0,12.5
MAR_h,HAT,AHYIJDV,25,42.168674698795186,44.871794871794876,87.5,59.32203389830508
MAR_h,HAT,ASFODQR,05,100.0,100.0,100.0,100.0
MAR_h,HAT,ASFODQR,10,100.0,100.0,100.0,100.0
MAR_h,HAT,ASFODQR,15,50.3448275862069,66.97247706422019,66.97247706422019,66.97247706422019
MAR_h,HAT,ASFODQR,20,33.74233128834356,50.45871559633027,50.45871559633027,50.45871559633027
MAR_h,HAT,ASFODQR,25,81.73913043478261,94.0,86.23853211009175,89.95215311004785
MAR_h,HAT,AUY8KYW,05,92.3076923076923,97.95918367346938,94.11764705882352,96.0
MAR_h,HAT,AUY8KYW,10,78.125,79.36507936507937,98.0392156862745,87.71929824561403
MAR_h,HAT,AUY8KYW,15,30.64516129032258,63.33333333333333,37.254901960784316,46.913580246913575
MAR_h,HAT,AUY8KYW,20,90.38461538461539,97.91666666666666,92.15686274509804,94.94949494949493
MAR_h,HAT,AUY8KYW,25,71.64179104477611,75.0,94.11764705882352,83.47826086956522
MAR_h,HAT,A3OU183,05,90.0,96.92307692307692,92.64705882352942,94.73684210526316
MAR_h,HAT,A3OU183,10,56.79012345679012,77.96610169491525,67.64705882352942,72.44094488188976
MAR_h,HAT,A3OU183,15,50.0,70.49180327868852,63.23529411764706,66.66666666666666
MAR_h,HAT,A3OU183,20,34.18803418803419,44.9438202247191,58.82352941176471,50.95541401273886
MAR_h,HAT,A3OU183,25,19.424460431654676,27.55102040816326,39.705882352941174,32.53012048192771
MAR_h,HAT,AOYM4KG,05,95.3125,95.3125,100.0,97.6
MAR_h,HAT,AOYM4KG,10,74.68354430379746,76.62337662337663,96.72131147540983,85.5072463768116
MAR_h,HAT,AOYM4KG,15,56.00000000000001,58.94736842105262,91.80327868852459,71.7948717948718
MAR_h,HAT,AOYM4KG,20,15.873015873015872,23.52941176470588,32.78688524590164,27.397260273972602
MAR_h,HAT,AOYM4KG,25,1.7241379310344827,2.586206896551724,4.918032786885246,3.389830508474576
MAR_h,HAT,AV2GF3B,05,96.03960396039604,97.0,98.9795918367347,97.97979797979798
MAR_h,HAT,AV2GF3B,10,87.85046728971963,91.2621359223301,95.91836734693877,93.53233830845772
MAR_h,HAT,AV2GF3B,15,86.48648648648648,88.07339449541286,97.95918367346938,92.7536231884058
MAR_h,HAT,AV2GF3B,20,79.13043478260869,84.25925925925925,92.85714285714286,88.3495145631068
MAR_h,HAT,AV2GF3B,25,67.44186046511628,73.72881355932203,88.77551020408163,80.55555555555554
MAR_h,HAT,A0NVTRV,05,96.36363636363636,98.14814814814815,98.14814814814815,98.14814814814815
MAR_h,HAT,A0NVTRV,10,83.05084745762711,90.74074074074075,90.74074074074075,90.74074074074075
MAR_h,HAT,A0NVTRV,15,58.82352941176471,74.07407407407408,74.07407407407408,74.07407407407408
MAR_h,HAT,A0NVTRV,20,44.776119402985074,69.76744186046511,55.55555555555556,61.85567010309278
MAR_h,HAT,A0NVTRV,25,46.2962962962963,100.0,46.2962962962963,63.291139240506325
MAR_h,HAT,A1K5DRI,05,97.72727272727273,100.0,97.72727272727273,98.85057471264368
MAR_h,HAT,A1K5DRI,10,84.0909090909091,100.0,84.0909090909091,91.35802469135803
MAR_h,HAT,A1K5DRI,15,88.0,88.0,100.0,93.61702127659575
MAR_h,HAT,A1K5DRI,20,79.54545454545455,100.0,79.54545454545455,88.60759493670885
MAR_h,HAT,A1K5DRI,25,67.6923076923077,67.6923076923077,100.0,80.73394495412845
MAR_h,HAT,AYEFCWQ,05,100.0,100.0,100.0,100.0
MAR_h,HAT,AYEFCWQ,10,100.0,100.0,100.0,100.0
MAR_h,HAT,AYEFCWQ,15,100.0,100.0,100.0,100.0
MAR_h,HAT,AYEFCWQ,20,98.57142857142858,98.57142857142858,100.0,99.28057553956835
MAR_h,HAT,AYEFCWQ,25,98.57142857142858,98.57142857142858,100.0,99.28057553956835
MAR_h,HAT,AMV7EQF,05,93.22033898305084,96.49122807017544,96.49122807017544,96.49122807017544
MAR_h,HAT,AMV7EQF,10,61.40350877192983,100.0,61.40350877192983,76.08695652173913
MAR_h,HAT,AMV7EQF,15,81.03448275862068,97.91666666666666,82.45614035087719,89.52380952380952
MAR_h,HAT,AMV7EQF,20,20.0,51.85185185185185,24.561403508771928,33.33333333333333
MAR_h,HAT,AMV7EQF,25,0.0,0.0,0.0,0.0
MAR_h,HAT,AZIK4ZA,05,93.75,98.36065573770492,95.23809523809523,96.77419354838709
MAR_h,HAT,AZIK4ZA,10,15.18987341772152,42.857142857142854,19.047619047619047,26.37362637362637
MAR_h,HAT,AZIK4ZA,15,41.333333333333336,72.09302325581395,49.2063492063492,58.49056603773584
MAR_h,HAT,AZIK4ZA,20,1.6129032258064515,3.1746031746031744,3.1746031746031744,3.1746031746031744
MAR_h,HAT,AZIK4ZA,25,11.458333333333332,25.0,17.46031746031746,20.5607476635514
MAR_h,HAT,AJWW3IY,05,96.66666666666667,97.97297297297297,98.63945578231292,98.3050847457627
MAR_h,HAT,AJWW3IY,10,96.0,97.95918367346938,97.95918367346938,97.95918367346938
MAR_h,HAT,AJWW3IY,15,97.31543624161074,98.63945578231292,98.63945578231292,98.63945578231292
MAR_h,HAT,AJWW3IY,20,95.36423841059603,97.2972972972973,97.95918367346938,97.6271186440678
MAR_h,HAT,AJWW3IY,25,76.36363636363637,87.5,85.71428571428571,86.59793814432989
MAR_h,HAT,AX6281V,05,84.72222222222221,100.0,84.72222222222221,91.72932330827066
MAR_h,HAT,AX6281V,10,73.80952380952381,83.78378378378379,86.11111111111111,84.93150684931507
MAR_h,HAT,AX6281V,15,21.710526315789476,29.20353982300885,45.83333333333333,35.67567567567568
MAR_h,HAT,AX6281V,20,5.555555555555555,10.0,11.11111111111111,10.526315789473685
MAR_h,HAT,AX6281V,25,2.5316455696202533,4.444444444444445,5.555555555555555,4.938271604938271
MAR_h,HAT,AYWIEKR,05,96.07843137254902,98.98989898989899,97.02970297029702,98.0
MAR_h,HAT,AYWIEKR,10,51.65562913907284,60.9375,77.22772277227723,68.12227074235808
MAR_h,HAT,AYWIEKR,15,57.34265734265735,66.12903225806451,81.1881188118812,72.88888888888889
MAR_h,HAT,AYWIEKR,20,43.96551724137931,77.27272727272727,50.495049504950494,61.07784431137724
MAR_h,HAT,AYWIEKR,25,49.696969696969695,56.16438356164384,81.1881188118812,66.39676113360325
MAR_h,HAT,ATHKM6V,05,94.73684210526315,100.0,94.73684210526315,97.2972972972973
MAR_h,HAT,ATHKM6V,10,92.10526315789474,100.0,92.10526315789474,95.8904109589041
MAR_h,HAT,ATHKM6V,15,87.17948717948718,97.14285714285714,89.47368421052632,93.15068493150685
MAR_h,HAT,ATHKM6V,20,84.21052631578947,100.0,84.21052631578947,91.42857142857143
MAR_h,HAT,ATHKM6V,25,55.26315789473685,100.0,55.26315789473685,71.1864406779661
MAR_h,HAT,AFPB8J2,05,82.56880733944955,89.10891089108911,91.83673469387756,90.45226130653266
MAR_h,HAT,AFPB8J2,10,73.38709677419355,77.77777777777779,92.85714285714286,84.65116279069767
MAR_h,HAT,AFPB8J2,15,55.72519083969466,68.86792452830188,74.48979591836735,71.56862745098039
MAR_h,HAT,AFPB8J2,20,45.39007092198582,59.813084112149525,65.3061224489796,62.4390243902439
MAR_h,HAT,AFPB8J2,25,47.32824427480916,65.26315789473685,63.26530612244898,64.24870466321244
MAR_h,HAT,A0VFT1N,05,98.0,98.0,100.0,98.98989898989899
MAR_h,HAT,A0VFT1N,10,98.0,98.0,100.0,98.98989898989899
MAR_h,HAT,A0VFT1N,15,67.22689075630252,79.20792079207921,81.63265306122449,80.40201005025126
MAR_h,HAT,A0VFT1N,20,54.6875,70.0,71.42857142857143,70.70707070707071
MAR_h,HAT,A0VFT1N,25,70.58823529411765,94.73684210526315,73.46938775510205,82.75862068965517
MAR_h,HAT,AURCTAK,05,73.68421052631578,84.0,85.71428571428571,84.84848484848484
MAR_h,HAT,AURCTAK,10,45.714285714285715,60.37735849056604,65.3061224489796,62.74509803921568
MAR_h,HAT,AURCTAK,15,28.749999999999996,42.592592592592595,46.93877551020408,44.66019417475729
MAR_h,HAT,AURCTAK,20,21.176470588235293,33.33333333333333,36.734693877551024,34.95145631067961
MAR_h,HAT,AURCTAK,25,17.045454545454543,27.77777777777778,30.612244897959183,29.126213592233015
MAR_h,HAT,A36HR6Y,05,75.0,75.0,100.0,85.71428571428571
MAR_h,HAT,A36HR6Y,10,37.5,37.5,100.0,54.54545454545454
MAR_h,HAT,A36HR6Y,15,0.0,0.0,0.0,0.0
MAR_h,HAT,A36HR6Y,20,36.0,36.0,100.0,52.94117647058824
MAR_h,HAT,A36HR6Y,25,18.367346938775512,18.367346938775512,100.0,31.03448275862069
MAR_h,HAT,A4E0D03,05,84.21052631578947,100.0,84.21052631578947,91.42857142857143
MAR_h,HAT,A4E0D03,10,82.8125,88.33333333333333,92.98245614035088,90.5982905982906
MAR_h,HAT,A4E0D03,15,50.877192982456144,100.0,50.877192982456144,67.44186046511628
MAR_h,HAT,A4E0D03,20,27.500000000000004,48.888888888888886,38.59649122807017,43.13725490196078
MAR_h,HAT,A4E0D03,25,52.4390243902439,63.23529411764706,75.43859649122807,68.8
MAR_h,HAT,AJMQUVV,05,80.45977011494253,88.60759493670885,89.74358974358975,89.17197452229298
MAR_h,HAT,AJMQUVV,10,23.423423423423422,44.06779661016949,33.33333333333333,37.95620437956204
MAR_h,HAT,AJMQUVV,15,19.834710743801654,35.82089552238806,30.76923076923077,33.10344827586207
MAR_h,HAT,AJMQUVV,20,32.83582089552239,44.0,56.41025641025641,49.438202247191015
MAR_h,HAT,AJMQUVV,25,26.77165354330709,40.963855421686745,43.58974358974359,42.2360248447205
MAR_h,HAT,A4G0044,05,97.53086419753086,98.75,98.75,98.75
MAR_h,HAT,A4G0044,10,79.7752808988764,88.75,88.75,88.75
MAR_h,HAT,A4G0044,15,56.86274509803921,72.5,72.5,72.50000000000001
MAR_h,HAT,A4G0044,20,26.984126984126984,42.5,42.5,42.5
MAR_h,HAT,A4G0044,25,20.30075187969925,33.75,33.75,33.75
MAR_h,HAT,AIFDJZB,05,86.20689655172413,100.0,86.20689655172413,92.5925925925926
MAR_h,HAT,AIFDJZB,10,73.68421052631578,75.67567567567568,96.55172413793103,84.84848484848484
MAR_h,HAT,AIFDJZB,15,61.702127659574465,61.702127659574465,100.0,76.3157894736842
MAR_h,HAT,AIFDJZB,20,53.70370370370371,53.70370370370371,100.0,69.87951807228916
MAR_h,HAT,AIFDJZB,25,69.23076923076923,72.97297297297297,93.10344827586206,81.81818181818181
MAR_h,HAT,AQC0L71,05,92.10526315789474,100.0,92.10526315789474,95.8904109589041
MAR_h,HAT,AQC0L71,10,89.47368421052632,100.0,89.47368421052632,94.44444444444444
MAR_h,HAT,AQC0L71,15,74.50980392156863,74.50980392156863,100.0,85.39325842696628
MAR_h,HAT,AQC0L71,20,73.68421052631578,100.0,73.68421052631578,84.84848484848484
MAR_h,HAT,AQC0L71,25,73.68421052631578,100.0,73.68421052631578,84.84848484848484
MAR_h,HAT,A7EM0B6,05,75.60975609756098,75.60975609756098,100.0,86.11111111111111
MAR_h,HAT,A7EM0B6,10,72.09302325581395,72.09302325581395,100.0,83.78378378378379
MAR_h,HAT,A7EM0B6,15,93.93939393939394,93.93939393939394,100.0,96.875
MAR_h,HAT,A7EM0B6,20,41.30434782608695,55.88235294117647,61.29032258064516,58.46153846153845
MAR_h,HAT,A7EM0B6,25,88.57142857142857,88.57142857142857,100.0,93.93939393939394
MAR_h,MLP,A1ZJ41O,05,98.07692307692307,98.07692307692307,100.0,99.02912621359222
MAR_h,MLP,A1ZJ41O,10,98.0392156862745,100.0,98.0392156862745,99.009900990099
MAR_h,MLP,A1ZJ41O,15,96.07843137254902,100.0,96.07843137254902,98.0
MAR_h,MLP,A1ZJ41O,20,98.0392156862745,100.0,98.0392156862745,99.009900990099
MAR_h,MLP,A1ZJ41O,25,98.0392156862745,100.0,98.0392156862745,99.009900990099
MAR_h,MLP,AKXN5ZZ,05,90.29535864978902,93.85964912280701,95.96412556053812,94.90022172949001
MAR_h,MLP,AKXN5ZZ,10,90.0,96.72897196261682,92.82511210762333,94.73684210526316
MAR_h,MLP,AKXN5ZZ,15,90.67796610169492,94.27312775330397,95.96412556053812,95.11111111111113
MAR_h,MLP,AKXN5ZZ,20,84.32203389830508,93.86792452830188,89.23766816143498,91.49425287356321
MAR_h,MLP,AKXN5ZZ,25,84.10041841004184,92.62672811059907,90.13452914798206,91.36363636363637
MAR_h,MLP,AAXAA7Z,05,99.1304347826087,99.1304347826087,100.0,99.56331877729258
MAR_h,MLP,AAXAA7Z,10,96.55172413793103,98.24561403508771,98.24561403508771,98.24561403508771
MAR_h,MLP,AAXAA7Z,15,90.0,94.73684210526315,94.73684210526315,94.73684210526315
MAR_h,MLP,AAXAA7Z,20,98.26086956521739,99.12280701754386,99.12280701754386,99.12280701754386
MAR_h,MLP,AAXAA7Z,25,70.99236641221374,84.54545454545455,81.57894736842105,83.03571428571429
MAR_h,MLP,AA2KP1S,05,95.52238805970148,100.0,95.52238805970148,97.70992366412213
MAR_h,MLP,AA2KP1S,10,73.13432835820896,100.0,73.13432835820896,84.48275862068965
MAR_h,MLP,AA2KP1S,15,79.1044776119403,100.0,79.1044776119403,88.33333333333333
MAR_h,MLP,AA2KP1S,20,79.16666666666666,91.93548387096774,85.07462686567165,88.3720930232558
MAR_h,MLP,AA2KP1S,25,82.5,83.54430379746836,98.50746268656717,90.41095890410958
MAR_h,MLP,APGIB2T,05,87.5,97.22222222222221,89.74358974358975,93.33333333333333
MAR_h,MLP,APGIB2T,10,61.72839506172839,94.33962264150944,64.1025641025641,76.33587786259541
MAR_h,MLP,APGIB2T,15,59.756097560975604,92.45283018867924,62.82051282051282,74.80916030534351
MAR_h,MLP,APGIB2T,20,62.19512195121951,92.72727272727272,65.38461538461539,76.69172932330828
MAR_h,MLP,APGIB2T,25,62.96296296296296,94.44444444444444,65.38461538461539,77.27272727272727
MAR_h,MLP,AHYIJDV,05,85.36585365853658,97.22222222222221,87.5,92.10526315789474
MAR_h,MLP,AHYIJDV,10,65.57377049180327,65.57377049180327,100.0,79.20792079207921
MAR_h,MLP,AHYIJDV,15,36.36363636363637,40.0,80.0,53.333333333333336
MAR_h,MLP,AHYIJDV,20,7.228915662650602,12.244897959183673,15.0,13.48314606741573
MAR_h,MLP,AHYIJDV,25,43.75,53.84615384615385,70.0,60.8695652173913
MAR_h,MLP,ASFODQR,05,100.0,100.0,100.0,100.0
MAR_h,MLP,ASFODQR,10,89.47368421052632,95.32710280373831,93.57798165137615,94.44444444444446
MAR_h,MLP,ASFODQR,15,72.22222222222221,84.25925925925925,83.4862385321101,83.87096774193547
MAR_h,MLP,ASFODQR,20,72.1311475409836,87.12871287128714,80.73394495412845,83.80952380952381
MAR_h,MLP,ASFODQR,25,72.35772357723577,86.40776699029125,81.65137614678899,83.9622641509434
MAR_h,MLP,AUY8KYW,05,89.28571428571429,90.9090909090909,98.0392156862745,94.33962264150944
MAR_h,MLP,AUY8KYW,10,92.3076923076923,97.95918367346938,94.11764705882352,96.0
MAR_h,MLP,AUY8KYW,15,76.47058823529412,100.0,76.47058823529412,86.66666666666666
MAR_h,MLP,AUY8KYW,20,80.3921568627451,100.0,80.3921568627451,89.1304347826087
MAR_h,MLP,AUY8KYW,25,77.58620689655173,86.53846153846155,88.23529411764706,87.37864077669903
MAR_h,MLP,A3OU183,05,83.78378378378379,91.17647058823529,91.17647058823529,91.17647058823528
MAR_h,MLP,A3OU183,10,65.4320987654321,80.3030303030303,77.94117647058823,79.1044776119403
MAR_h,MLP,A3OU183,15,78.48101265822784,84.93150684931507,91.17647058823529,87.94326241134752
MAR_h,MLP,A3OU183,20,76.92307692307693,85.71428571428571,88.23529411764706,86.95652173913044
MAR_h,MLP,A3OU183,25,63.095238095238095,76.81159420289855,77.94117647058823,77.37226277372262
MAR_h,MLP,AOYM4KG,05,93.75,95.23809523809523,98.36065573770492,96.77419354838709
MAR_h,MLP,AOYM4KG,10,80.0,81.08108108108108,98.36065573770492,88.8888888888889
MAR_h,MLP,AOYM4KG,15,50.0,51.32743362831859,95.08196721311475,66.66666666666666
MAR_h,MLP,AOYM4KG,20,17.5,22.04724409448819,45.90163934426229,29.78723404255319
MAR_h,MLP,AOYM4KG,25,12.222222222222221,15.602836879432624,36.0655737704918,21.782178217821784
MAR_h,MLP,AV2GF3B,05,95.95959595959596,98.95833333333334,96.93877551020408,97.93814432989691
MAR_h,MLP,AV2GF3B,10,94.05940594059405,96.93877551020408,96.93877551020408,96.93877551020408
MAR_h,MLP,AV2GF3B,15,83.4862385321101,89.2156862745098,92.85714285714286,90.99999999999999
MAR_h,MLP,AV2GF3B,20,81.08108108108108,87.37864077669903,91.83673469387756,89.55223880597015
MAR_h,MLP,AV2GF3B,25,76.31578947368422,84.46601941747572,88.77551020408163,86.56716417910448
MAR_h,MLP,A0NVTRV,05,96.36363636363636,98.14814814814815,98.14814814814815,98.14814814814815
MAR_h,MLP,A0NVTRV,10,89.47368421052632,94.44444444444444,94.44444444444444,94.44444444444444
MAR_h,MLP,A0NVTRV,15,92.85714285714286,96.29629629629629,96.29629629629629,96.29629629629629
MAR_h,MLP,A0NVTRV,20,96.36363636363636,98.14814814814815,98.14814814814815,98.14814814814815
MAR_h,MLP,A0NVTRV,25,57.14285714285714,80.0,66.66666666666666,72.72727272727272
MAR_h,MLP,A1K5DRI,05,97.77777777777777,97.77777777777777,100.0,98.87640449438202
MAR_h,MLP,A1K5DRI,10,95.55555555555556,97.72727272727273,97.72727272727273,97.72727272727273
MAR_h,MLP,A1K5DRI,15,89.79591836734694,89.79591836734694,100.0,94.62365591397848
MAR_h,MLP,A1K5DRI,20,93.47826086956522,95.55555555555556,97.72727272727273,96.62921348314609
MAR_h,MLP,A1K5DRI,25,82.6086956521739,95.0,86.36363636363636,90.47619047619048
MAR_h,MLP,AYEFCWQ,05,100.0,100.0,100.0,100.0
MAR_h,MLP,AYEFCWQ,10,100.0,100.0,100.0,100.0
MAR_h,MLP,AYEFCWQ,15,100.0,100.0,100.0,100.0
MAR_h,MLP,AYEFCWQ,20,98.57142857142858,98.57142857142858,100.0,99.28057553956835
MAR_h,MLP,AYEFCWQ,25,97.1830985915493,97.1830985915493,100.0,98.57142857142858
MAR_h,MLP,AMV7EQF,05,90.0,94.73684210526315,94.73684210526315,94.73684210526315
MAR_h,MLP,AMV7EQF,10,88.13559322033898,96.29629629629629,91.22807017543859,93.69369369369369
MAR_h,MLP,AMV7EQF,15,87.93103448275862,98.07692307692307,89.47368421052632,93.57798165137613
MAR_h,MLP,AMV7EQF,20,54.41176470588235,77.08333333333334,64.91228070175438,70.47619047619048
MAR_h,MLP,AMV7EQF,25,69.35483870967742,89.58333333333334,75.43859649122807,81.9047619047619
MAR_h,MLP,AZIK4ZA,05,71.83098591549296,86.4406779661017,80.95238095238095,83.60655737704919
MAR_h,MLP,AZIK4ZA,10,22.666666666666664,58.620689655172406,26.984126984126984,36.95652173913043
MAR_h,MLP,AZIK4ZA,15,7.865168539325842,21.21212121212121,11.11111111111111,14.583333333333334
MAR_h,MLP,AZIK4ZA,20,0.0,0.0,0.0,0.0
MAR_h,MLP,AZIK4ZA,25,0.9615384615384616,2.380952380952381,1.5873015873015872,1.9047619047619047
MAR_h,MLP,AJWW3IY,05,97.31543624161074,98.63945578231292,98.63945578231292,98.63945578231292
MAR_h,MLP,AJWW3IY,10,96.0,97.95918367346938,97.95918367346938,97.95918367346938
MAR_h,MLP,AJWW3IY,15,94.70198675496688,97.27891156462584,97.27891156462584,97.27891156462584
MAR_h,MLP,AJWW3IY,20,94.07894736842105,96.62162162162163,97.27891156462584,96.94915254237287
MAR_h,MLP,AJWW3IY,25,94.70198675496688,97.27891156462584,97.27891156462584,97.27891156462584
MAR_h,MLP,AX6281V,05,90.27777777777779,100.0,90.27777777777779,94.89051094890512
MAR_h,MLP,AX6281V,10,77.64705882352942,83.54430379746836,91.66666666666666,87.41721854304636
MAR_h,MLP,AX6281V,15,27.2108843537415,34.78260869565217,55.55555555555556,42.780748663101605
MAR_h,MLP,AX6281V,20,0.684931506849315,1.3333333333333335,1.3888888888888888,1.3605442176870746
MAR_h,MLP,AX6281V,25,0.0,0.0,0.0,0.0
MAR_h,MLP,AYWIEKR,05,86.32478632478633,86.32478632478633,100.0,92.66055045871559
MAR_h,MLP,AYWIEKR,10,62.31884057971014,69.91869918699187,85.14851485148515,76.7857142857143
MAR_h,MLP,AYWIEKR,15,64.61538461538461,74.33628318584071,83.16831683168317,78.50467289719624
MAR_h,MLP,AYWIEKR,20,64.22764227642277,78.21782178217822,78.21782178217822,78.21782178217822
MAR_h,MLP,AYWIEKR,25,52.55474452554745,66.66666666666666,71.28712871287128,68.89952153110048
MAR_h,MLP,ATHKM6V,05,84.21052631578947,100.0,84.21052631578947,91.42857142857143
MAR_h,MLP,ATHKM6V,10,86.36363636363636,86.36363636363636,100.0,92.68292682926828
MAR_h,MLP,ATHKM6V,15,90.47619047619048,90.47619047619048,100.0,95.0
MAR_h,MLP,ATHKM6V,20,84.0909090909091,86.04651162790698,97.36842105263158,91.35802469135803
MAR_h,MLP,ATHKM6V,25,82.05128205128204,96.96969696969697,84.21052631578947,90.14084507042254
MAR_h,MLP,AFPB8J2,05,82.30088495575221,86.11111111111111,94.89795918367348,90.29126213592234
MAR_h,MLP,AFPB8J2,10,68.25396825396825,75.43859649122807,87.75510204081633,81.13207547169812
MAR_h,MLP,AFPB8J2,15,53.67647058823529,65.76576576576578,74.48979591836735,69.85645933014354
MAR_h,MLP,AFPB8J2,20,52.20588235294118,65.13761467889908,72.44897959183673,68.59903381642512
MAR_h,MLP,AFPB8J2,25,54.88721804511278,67.5925925925926,74.48979591836735,70.873786407767
MAR_h,MLP,A0VFT1N,05,94.05940594059405,96.93877551020408,96.93877551020408,96.93877551020408
MAR_h,MLP,A0VFT1N,10,83.33333333333334,90.0,91.83673469387756,90.9090909090909
MAR_h,MLP,A0VFT1N,15,72.17391304347827,83.0,84.6938775510204,83.83838383838385
MAR_h,MLP,A0VFT1N,20,86.79245283018868,92.0,93.87755102040816,92.92929292929293
MAR_h,MLP,A0VFT1N,25,78.84615384615384,93.18181818181817,83.6734693877551,88.17204301075267
MAR_h,MLP,AURCTAK,05,73.68421052631578,84.0,85.71428571428571,84.84848484848484
MAR_h,MLP,AURCTAK,10,47.14285714285714,61.111111111111114,67.3469387755102,64.07766990291262
MAR_h,MLP,AURCTAK,15,21.176470588235293,33.33333333333333,36.734693877551024,34.95145631067961
MAR_h,MLP,AURCTAK,20,27.160493827160494,40.74074074074074,44.89795918367347,42.71844660194174
MAR_h,MLP,AURCTAK,25,13.186813186813188,22.22222222222222,24.489795918367346,23.300970873786408
MAR_h,MLP,A36HR6Y,05,88.88888888888889,100.0,88.88888888888889,94.11764705882352
MAR_h,MLP,A36HR6Y,10,77.77777777777779,100.0,77.77777777777779,87.50000000000001
MAR_h,MLP,A36HR6Y,15,66.66666666666666,100.0,66.66666666666666,80.0
MAR_h,MLP,A36HR6Y,20,64.28571428571429,64.28571428571429,100.0,78.26086956521739
MAR_h,MLP,A36HR6Y,25,32.142857142857146,32.142857142857146,100.0,48.64864864864865
MAR_h,MLP,A4E0D03,05,92.98245614035088,100.0,92.98245614035088,96.36363636363636
MAR_h,MLP,A4E0D03,10,79.66101694915254,95.91836734693877,82.45614035087719,88.67924528301887
MAR_h,MLP,A4E0D03,15,66.17647058823529,80.35714285714286,78.94736842105263,79.64601769911505
MAR_h,MLP,A4E0D03,20,68.57142857142857,78.68852459016394,84.21052631578947,81.35593220338983
MAR_h,MLP,A4E0D03,25,64.28571428571429,77.58620689655173,78.94736842105263,78.2608695652174
MAR_h,MLP,AJMQUVV,05,69.56521739130434,82.05128205128204,82.05128205128204,82.05128205128204
MAR_h,MLP,AJMQUVV,10,64.77272727272727,85.07462686567165,73.07692307692307,78.6206896551724
MAR_h,MLP,AJMQUVV,15,53.125,73.91304347826086,65.38461538461539,69.3877551020408
MAR_h,MLP,AJMQUVV,20,48.97959183673469,70.58823529411765,61.53846153846154,65.75342465753424
MAR_h,MLP,AJMQUVV,25,37.704918032786885,51.11111111111111,58.97435897435898,54.76190476190476
MAR_h,MLP,A4G0044,05,83.9080459770115,91.25,91.25,91.25
MAR_h,MLP,A4G0044,10,64.94845360824742,78.75,78.75,78.75
MAR_h,MLP,A4G0044,15,63.26530612244898,77.5,77.5,77.5
MAR_h,MLP,A4G0044,20,49.532710280373834,66.25,66.25,66.25
MAR_h,MLP,A4G0044,25,45.45454545454545,62.5,62.5,62.5
MAR_h,MLP,AIFDJZB,05,82.75862068965517,100.0,82.75862068965517,90.56603773584906
MAR_h,MLP,AIFDJZB,10,73.52941176470588,83.33333333333334,86.20689655172413,84.7457627118644
MAR_h,MLP,AIFDJZB,15,65.9090909090909,65.9090909090909,100.0,79.45205479452055
MAR_h,MLP,AIFDJZB,20,52.72727272727272,52.72727272727272,100.0,69.04761904761904
MAR_h,MLP,AIFDJZB,25,93.54838709677419,93.54838709677419,100.0,96.66666666666666
MAR_h,MLP,AQC0L71,05,94.73684210526315,100.0,94.73684210526315,97.2972972972973
MAR_h,MLP,AQC0L71,10,100.0,100.0,100.0,100.0
MAR_h,MLP,AQC0L71,15,94.73684210526315,100.0,94.73684210526315,97.2972972972973
MAR_h,MLP,AQC0L71,20,84.21052631578947,100.0,84.21052631578947,91.42857142857143
MAR_h,MLP,AQC0L71,25,90.0,94.73684210526315,94.73684210526315,94.73684210526315
MAR_h,MLP,A7EM0B6,05,81.57894736842105,81.57894736842105,100.0,89.85507246376811
MAR_h,MLP,A7EM0B6,10,96.875,96.875,100.0,98.4126984126984
MAR_h,MLP,A7EM0B6,15,87.5,96.55172413793103,90.32258064516128,93.33333333333333
MAR_h,MLP,A7EM0B6,20,40.0,45.28301886792453,77.41935483870968,57.14285714285714
MAR_h,MLP,A7EM0B6,25,37.142857142857146,76.47058823529412,41.935483870967744,54.166666666666664
MNAR_l,None,A1ZJ41O,05,53.76344086021505,54.347826086956516,98.0392156862745,69.93006993006993
MNAR_l,None,A1ZJ41O,10,51.06382978723404,52.74725274725275,94.11764705882352,67.6056338028169
MNAR_l,None,A1ZJ41O,15,48.35164835164835,52.38095238095239,86.27450980392157,65.18518518518519
MNAR_l,None,A1ZJ41O,20,50.0,55.12820512820513,84.31372549019608,66.66666666666667
MNAR_l,None,A1ZJ41O,25,51.21951219512195,57.534246575342465,82.35294117647058,67.74193548387098
MNAR_l,None,AKXN5ZZ,05,82.23938223938224,85.54216867469879,95.51569506726457,90.2542372881356
MNAR_l,None,AKXN5ZZ,10,67.8030303030303,81.36363636363636,80.26905829596413,80.81264108352144
MNAR_l,None,AKXN5ZZ,15,42.857142857142854,78.83211678832117,48.4304932735426,60.0
MNAR_l,None,AKXN5ZZ,20,34.24124513618677,72.1311475409836,39.46188340807175,51.01449275362319
MNAR_l,None,AKXN5ZZ,25,24.899598393574294,70.45454545454545,27.802690582959645,39.87138263665596
MNAR_l,None,AAXAA7Z,05,89.65517241379311,98.11320754716981,91.22807017543859,94.54545454545455
MNAR_l,None,AAXAA7Z,10,85.96491228070175,100.0,85.96491228070175,92.45283018867924
MNAR_l,None,AAXAA7Z,15,77.19298245614034,100.0,77.19298245614034,87.12871287128714
MNAR_l,None,AAXAA7Z,20,68.42105263157895,100.0,68.42105263157895,81.25000000000001
MNAR_l,None,AAXAA7Z,25,57.01754385964912,100.0,57.01754385964912,72.62569832402235
MNAR_l,None,AA2KP1S,05,87.01298701298701,87.01298701298701,100.0,93.05555555555556
MNAR_l,None,AA2KP1S,10,76.31578947368422,86.56716417910447,86.56716417910447,86.56716417910447
MNAR_l,None,AA2KP1S,15,65.27777777777779,90.38461538461539,70.1492537313433,78.99159663865547
MNAR_l,None,AA2KP1S,20,62.16216216216216,86.79245283018868,68.65671641791045,76.66666666666666
MNAR_l,None,AA2KP1S,25,55.714285714285715,92.85714285714286,58.2089552238806,71.55963302752293
MNAR_l,None,APGIB2T,05,93.97590361445783,93.97590361445783,100.0,96.8944099378882
MNAR_l,None,APGIB2T,10,91.66666666666666,92.7710843373494,98.71794871794873,95.65217391304347
MNAR_l,None,APGIB2T,15,80.23255813953489,89.6103896103896,88.46153846153845,89.03225806451613
MNAR_l,None,APGIB2T,20,70.11494252873564,87.14285714285714,78.2051282051282,82.43243243243245
MNAR_l,None,APGIB2T,25,58.94736842105262,76.71232876712328,71.7948717948718,74.17218543046357
MNAR_l,None,AHYIJDV,05,42.5,100.0,42.5,59.64912280701754
MNAR_l,None,AHYIJDV,10,30.508474576271187,48.64864864864865,45.0,46.75324675324675
MNAR_l,None,AHYIJDV,15,14.492753623188406,25.64102564102564,25.0,25.316455696202528
MNAR_l,None,AHYIJDV,20,13.88888888888889,23.809523809523807,25.0,24.390243902439025
MNAR_l,None,AHYIJDV,25,19.047619047619047,34.285714285714285,30.0,32.0
MNAR_l,None,ASFODQR,05,94.4954128440367,100.0,94.4954128440367,97.16981132075472
MNAR_l,None,ASFODQR,10,88.07339449541286,100.0,88.07339449541286,93.65853658536587
MNAR_l,None,ASFODQR,15,80.73394495412845,100.0,80.73394495412845,89.34010152284264
MNAR_l,None,ASFODQR,20,69.72477064220183,100.0,69.72477064220183,82.16216216216216
MNAR_l,None,ASFODQR,25,64.22018348623854,100.0,64.22018348623854,78.2122905027933
MNAR_l,None,AUY8KYW,05,62.857142857142854,69.84126984126983,86.27450980392157,77.19298245614034
MNAR_l,None,AUY8KYW,10,40.298507462686565,62.7906976744186,52.94117647058824,57.44680851063829
MNAR_l,None,AUY8KYW,15,4.10958904109589,12.0,5.88235294117647,7.894736842105263
MNAR_l,None,AUY8KYW,20,4.545454545454546,16.666666666666664,5.88235294117647,8.695652173913045
MNAR_l,None,AUY8KYW,25,0.0,0.0,0.0,0.0
MNAR_l,None,A3OU183,05,58.119658119658126,58.119658119658126,100.0,73.5135135135135
MNAR_l,None,A3OU183,10,53.96825396825397,53.96825396825397,100.0,70.10309278350516
MNAR_l,None,A3OU183,15,54.400000000000006,54.400000000000006,100.0,70.46632124352332
MNAR_l,None,A3OU183,20,55.73770491803278,55.73770491803278,100.0,71.57894736842105
MNAR_l,None,A3OU183,25,57.14285714285714,57.14285714285714,100.0,72.72727272727273
MNAR_l,None,AOYM4KG,05,51.26050420168067,51.26050420168067,100.0,67.77777777777777
MNAR_l,None,AOYM4KG,10,39.473684210526315,39.735099337748345,98.36065573770492,56.60377358490566
MNAR_l,None,AOYM4KG,15,38.21656050955414,38.46153846153847,98.36065573770492,55.29953917050692
MNAR_l,None,AOYM4KG,20,40.397350993377486,40.397350993377486,100.0,57.54716981132076
MNAR_l,None,AOYM4KG,25,41.95804195804196,42.25352112676056,98.36065573770492,59.11330049261083
MNAR_l,None,AV2GF3B,05,86.72566371681415,86.72566371681415,100.0,92.89099526066352
MNAR_l,None,AV2GF3B,10,87.5,87.5,100.0,93.33333333333333
MNAR_l,None,AV2GF3B,15,86.72566371681415,86.72566371681415,100.0,92.89099526066352
MNAR_l,None,AV2GF3B,20,89.90825688073394,89.90825688073394,100.0,94.68599033816426
MNAR_l,None,AV2GF3B,25,85.45454545454545,88.67924528301887,95.91836734693877,92.15686274509804
MNAR_l,None,A0NVTRV,05,59.09090909090909,76.47058823529412,72.22222222222221,74.28571428571428
MNAR_l,None,A0NVTRV,10,47.14285714285714,67.3469387755102,61.111111111111114,64.07766990291262
MNAR_l,None,A0NVTRV,15,30.263157894736842,51.11111111111111,42.592592592592595,46.46464646464646
MNAR_l,None,A0NVTRV,20,21.518987341772153,40.476190476190474,31.48148148148148,35.41666666666667
MNAR_l,None,A0NVTRV,25,12.048192771084338,25.64102564102564,18.51851851851852,21.50537634408602
MNAR_l,None,A1K5DRI,05,45.83333333333333,45.83333333333333,100.0,62.857142857142854
MNAR_l,None,A1K5DRI,10,47.82608695652174,47.82608695652174,100.0,64.70588235294117
MNAR_l,None,A1K5DRI,15,46.590909090909086,48.23529411764706,93.18181818181817,63.565891472868216
MNAR_l,None,A1K5DRI,20,49.39759036144578,51.24999999999999,93.18181818181817,66.1290322580645
MNAR_l,None,A1K5DRI,25,48.717948717948715,52.77777777777778,86.36363636363636,65.51724137931035
MNAR_l,None,AYEFCWQ,05,95.77464788732394,97.14285714285714,98.55072463768117,97.84172661870504
MNAR_l,None,AYEFCWQ,10,88.0,91.66666666666666,95.65217391304348,93.61702127659574
MNAR_l,None,AYEFCWQ,15,68.81720430107528,72.72727272727273,92.7536231884058,81.52866242038218
MNAR_l,None,AYEFCWQ,20,59.04761904761905,63.26530612244898,89.85507246376811,74.25149700598801
MNAR_l,None,AYEFCWQ,25,56.86274509803921,63.73626373626373,84.05797101449275,72.5
MNAR_l,None,AMV7EQF,05,77.41935483870968,90.56603773584906,84.21052631578947,87.27272727272727
MNAR_l,None,AMV7EQF,10,50.70422535211267,72.0,63.1578947368421,67.28971962616822
MNAR_l,None,AMV7EQF,15,25.0,60.71428571428571,29.82456140350877,40.0
MNAR_l,None,AMV7EQF,20,0.0,0.0,0.0,0.0
MNAR_l,None,AMV7EQF,25,0.0,0.0,0.0,0.0
MNAR_l,None,AZIK4ZA,05,66.23376623376623,78.46153846153847,80.95238095238095,79.68749999999999
MNAR_l,None,AZIK4ZA,10,45.20547945205479,76.74418604651163,52.38095238095239,62.26415094339623
MNAR_l,None,AZIK4ZA,15,47.72727272727273,62.68656716417911,66.66666666666666,64.61538461538461
MNAR_l,None,AZIK4ZA,20,34.72222222222222,73.52941176470588,39.682539682539684,51.54639175257733
MNAR_l,None,AZIK4ZA,25,35.61643835616438,72.22222222222221,41.269841269841265,52.52525252525252
MNAR_l,None,AJWW3IY,05,91.33333333333333,97.85714285714285,93.19727891156462,95.47038327526133
MNAR_l,None,AJWW3IY,10,82.35294117647058,95.45454545454545,85.71428571428571,90.32258064516128
MNAR_l,None,AJWW3IY,15,79.19463087248322,98.33333333333333,80.27210884353741,88.38951310861422
MNAR_l,None,AJWW3IY,20,72.78911564625851,100.0,72.78911564625851,84.25196850393701
MNAR_l,None,AJWW3IY,25,64.62585034013605,100.0,64.62585034013605,78.51239669421489
MNAR_l,None,AX6281V,05,55.08474576271186,58.55855855855856,90.27777777777779,71.03825136612022
MNAR_l,None,AX6281V,10,41.17647058823529,46.666666666666664,77.77777777777779,58.333333333333336
MNAR_l,None,AX6281V,15,32.33532934131736,36.241610738255034,75.0,48.86877828054299
MNAR_l,None,AX6281V,20,24.864864864864867,28.930817610062892,63.888888888888886,39.82683982683983
MNAR_l,None,AX6281V,25,22.47191011235955,27.397260273972602,55.55555555555556,36.69724770642201
MNAR_l,None,AYWIEKR,05,63.793103448275865,83.14606741573034,73.26732673267327,77.89473684210527
MNAR_l,None,AYWIEKR,10,37.878787878787875,61.72839506172839,49.504950495049506,54.94505494505494
MNAR_l,None,AYWIEKR,15,30.53435114503817,57.14285714285714,39.603960396039604,46.783625730994146
MNAR_l,None,AYWIEKR,20,26.5625,55.73770491803278,33.663366336633665,41.9753086419753
MNAR_l,None,AYWIEKR,25,12.871287128712872,100.0,12.871287128712872,22.807017543859647
MNAR_l,None,ATHKM6V,05,67.85714285714286,67.85714285714286,100.0,80.85106382978724
MNAR_l,None,ATHKM6V,10,54.23728813559322,60.37735849056604,84.21052631578947,70.32967032967034
MNAR_l,None,ATHKM6V,15,57.14285714285714,64.0,84.21052631578947,72.72727272727272
MNAR_l,None,ATHKM6V,20,57.407407407407405,65.95744680851064,81.57894736842105,72.94117647058823
MNAR_l,None,ATHKM6V,25,49.09090909090909,61.36363636363637,71.05263157894737,65.85365853658537
MNAR_l,None,AFPB8J2,05,67.6056338028169,68.57142857142857,97.95918367346938,80.67226890756302
MNAR_l,None,AFPB8J2,10,58.9041095890411,64.17910447761194,87.75510204081633,74.13793103448276
MNAR_l,None,AFPB8J2,15,60.36036036036037,83.75,68.36734693877551,75.2808988764045
MNAR_l,None,AFPB8J2,20,58.252427184466015,92.3076923076923,61.224489795918366,73.61963190184049
MNAR_l,None,AFPB8J2,25,25.0,54.385964912280706,31.63265306122449,40.0
MNAR_l,None,A0VFT1N,05,92.85714285714286,100.0,92.85714285714286,96.2962962962963
MNAR_l,None,A0VFT1N,10,86.13861386138613,96.66666666666667,88.77551020408163,92.55319148936171
MNAR_l,None,A0VFT1N,15,50.48543689320388,91.22807017543859,53.06122448979592,67.0967741935484
MNAR_l,None,A0VFT1N,20,26.21359223300971,84.375,27.55102040816326,41.53846153846153
MNAR_l,None,A0VFT1N,25,12.62135922330097,72.22222222222221,13.26530612244898,22.413793103448278
MNAR_l,None,AURCTAK,05,90.74074074074075,90.74074074074075,100.0,95.14563106796116
MNAR_l,None,AURCTAK,10,90.74074074074075,90.74074074074075,100.0,95.14563106796116
MNAR_l,None,AURCTAK,15,88.88888888888889,90.56603773584906,97.95918367346938,94.11764705882352
MNAR_l,None,AURCTAK,20,80.35714285714286,86.53846153846155,91.83673469387756,89.10891089108911
MNAR_l,None,AURCTAK,25,62.295081967213115,76.0,77.55102040816327,76.76767676767676
MNAR_l,None,A36HR6Y,05,23.076923076923077,23.076923076923077,100.0,37.5
MNAR_l,None,A36HR6Y,10,26.47058823529412,26.47058823529412,100.0,41.86046511627907
MNAR_l,None,A36HR6Y,15,26.923076923076923,29.166666666666668,77.77777777777779,42.42424242424242
MNAR_l,None,A36HR6Y,20,26.923076923076923,29.166666666666668,77.77777777777779,42.42424242424242
MNAR_l,None,A36HR6Y,25,16.129032258064516,18.51851851851852,55.55555555555556,27.77777777777778
MNAR_l,None,A4E0D03,05,48.75,62.903225806451616,68.42105263157895,65.54621848739495
MNAR_l,None,A4E0D03,10,36.470588235294116,52.54237288135594,54.385964912280706,53.448275862068975
MNAR_l,None,A4E0D03,15,29.213483146067414,44.827586206896555,45.614035087719294,45.21739130434783
MNAR_l,None,A4E0D03,20,27.586206896551722,44.44444444444444,42.10526315789473,43.24324324324324
MNAR_l,None,A4E0D03,25,27.380952380952383,46.0,40.35087719298245,42.99065420560748
MNAR_l,None,AJMQUVV,05,62.92134831460674,83.5820895522388,71.7948717948718,77.24137931034484
MNAR_l,None,AJMQUVV,10,30.075187969924812,42.10526315789473,51.28205128205128,46.24277456647398
MNAR_l,None,AJMQUVV,15,20.0,30.208333333333332,37.17948717948718,33.333333333333336
MNAR_l,None,AJMQUVV,20,20.54794520547945,30.612244897959183,38.46153846153847,34.090909090909086
MNAR_l,None,AJMQUVV,25,16.666666666666664,28.947368421052634,28.205128205128204,28.571428571428577
MNAR_l,None,A4G0044,05,93.90243902439023,97.46835443037975,96.25,96.85534591194968
MNAR_l,None,A4G0044,10,84.88372093023256,92.40506329113924,91.25,91.82389937106919
MNAR_l,None,A4G0044,15,82.75862068965517,91.13924050632912,90.0,90.56603773584906
MNAR_l,None,A4G0044,20,73.62637362637363,85.8974358974359,83.75,84.81012658227847
MNAR_l,None,A4G0044,25,67.74193548387096,82.89473684210526,78.75,80.76923076923076
MNAR_l,None,AIFDJZB,05,47.16981132075472,51.02040816326531,86.20689655172413,64.1025641025641
MNAR_l,None,AIFDJZB,10,22.78481012658228,26.47058823529412,62.06896551724138,37.11340206185567
MNAR_l,None,AIFDJZB,15,11.11111111111111,14.754098360655737,31.03448275862069,20.0
MNAR_l,None,AIFDJZB,20,6.493506493506493,9.433962264150944,17.24137931034483,12.195121951219514
MNAR_l,None,AIFDJZB,25,0.0,0.0,0.0,0.0
MNAR_l,None,AQC0L71,05,71.69811320754717,71.69811320754717,100.0,83.51648351648352
MNAR_l,None,AQC0L71,10,56.451612903225815,59.32203389830508,92.10526315789474,72.16494845360825
MNAR_l,None,AQC0L71,15,42.857142857142854,48.38709677419355,78.94736842105263,60.0
MNAR_l,None,AQC0L71,20,44.776119402985074,50.847457627118644,78.94736842105263,61.85567010309278
MNAR_l,None,AQC0L71,25,50.0,60.86956521739131,73.68421052631578,66.66666666666666
MNAR_l,None,A7EM0B6,05,44.285714285714285,44.285714285714285,100.0,61.386138613861384
MNAR_l,None,A7EM0B6,10,43.66197183098591,43.66197183098591,100.0,60.7843137254902
MNAR_l,None,A7EM0B6,15,36.986301369863014,39.130434782608695,87.09677419354838,54.0
MNAR_l,None,A7EM0B6,20,30.136986301369863,34.375,70.96774193548387,46.31578947368421
MNAR_l,None,A7EM0B6,25,32.3943661971831,36.507936507936506,74.19354838709677,48.93617021276596
MNAR_l,Mean,A1ZJ41O,05,49.51456310679612,49.51456310679612,100.0,66.23376623376623
MNAR_l,Mean,A1ZJ41O,10,54.25531914893617,54.25531914893617,100.0,70.34482758620689
MNAR_l,Mean,A1ZJ41O,15,53.68421052631579,53.68421052631579,100.0,69.86301369863014
MNAR_l,Mean,A1ZJ41O,20,49.51456310679612,49.51456310679612,100.0,66.23376623376623
MNAR_l,Mean,A1ZJ41O,25,49.51456310679612,49.51456310679612,100.0,66.23376623376623
MNAR_l,Mean,AKXN5ZZ,05,82.23938223938224,85.54216867469879,95.51569506726457,90.2542372881356
MNAR_l,Mean,AKXN5ZZ,10,21.59090909090909,58.16326530612245,25.56053811659193,35.51401869158879
MNAR_l,Mean,AKXN5ZZ,15,3.9877300613496933,11.206896551724139,5.829596412556054,7.669616519174041
MNAR_l,Mean,AKXN5ZZ,20,2.608695652173913,6.870229007633588,4.0358744394618835,5.084745762711864
MNAR_l,Mean,AKXN5ZZ,25,0.0,0.0,0.0,0.0
MNAR_l,Mean,AAXAA7Z,05,90.0,94.73684210526315,94.73684210526315,94.73684210526315
MNAR_l,Mean,AAXAA7Z,10,88.42975206611571,93.85964912280701,93.85964912280701,93.85964912280701
MNAR_l,Mean,AAXAA7Z,15,61.40350877192983,100.0,61.40350877192983,76.08695652173913
MNAR_l,Mean,AAXAA7Z,20,21.052631578947366,100.0,21.052631578947366,34.78260869565217
MNAR_l,Mean,AAXAA7Z,25,2.4193548387096775,23.076923076923077,2.631578947368421,4.724409448818897
MNAR_l,Mean,AA2KP1S,05,80.72289156626506,80.72289156626506,100.0,89.33333333333333
MNAR_l,Mean,AA2KP1S,10,82.71604938271605,82.71604938271605,100.0,90.54054054054053
MNAR_l,Mean,AA2KP1S,15,75.60975609756098,80.51948051948052,92.53731343283582,86.11111111111111
MNAR_l,Mean,AA2KP1S,20,64.28571428571429,76.05633802816901,80.59701492537313,78.26086956521739
MNAR_l,Mean,AA2KP1S,25,58.88888888888889,69.73684210526315,79.1044776119403,74.12587412587412
MNAR_l,Mean,APGIB2T,05,91.76470588235294,91.76470588235294,100.0,95.70552147239265
MNAR_l,Mean,APGIB2T,10,78.65168539325843,86.41975308641975,89.74358974358975,88.0503144654088
MNAR_l,Mean,APGIB2T,15,66.3157894736842,78.75,80.76923076923077,79.74683544303798
MNAR_l,Mean,APGIB2T,20,51.02040816326531,71.42857142857143,64.1025641025641,67.56756756756756
MNAR_l,Mean,APGIB2T,25,41.48936170212766,70.9090909090909,50.0,58.64661654135339
MNAR_l,Mean,AHYIJDV,05,45.0,100.0,45.0,62.06896551724138
MNAR_l,Mean,AHYIJDV,10,8.823529411764707,17.647058823529413,15.0,16.216216216216214
MNAR_l,Mean,AHYIJDV,15,0.0,0.0,0.0,0.0
MNAR_l,Mean,AHYIJDV,20,0.0,0.0,0.0,0.0
MNAR_l,Mean,AHYIJDV,25,0.0,0.0,0.0,0.0
MNAR_l,Mean,ASFODQR,05,87.93103448275862,93.57798165137615,93.57798165137615,93.57798165137615
MNAR_l,Mean,ASFODQR,10,12.5,33.9622641509434,16.51376146788991,22.22222222222222
MNAR_l,Mean,ASFODQR,15,0.0,0.0,0.0,0.0
MNAR_l,Mean,ASFODQR,20,0.0,0.0,0.0,0.0
MNAR_l,Mean,ASFODQR,25,0.0,0.0,0.0,0.0
MNAR_l,Mean,AUY8KYW,05,56.92307692307692,72.54901960784314,72.54901960784314,72.54901960784314
MNAR_l,Mean,AUY8KYW,10,4.918032786885246,23.076923076923077,5.88235294117647,9.375
MNAR_l,Mean,AUY8KYW,15,0.0,0.0,0.0,0.0
MNAR_l,Mean,AUY8KYW,20,3.0303030303030303,5.88235294117647,5.88235294117647,5.88235294117647
MNAR_l,Mean,AUY8KYW,25,0.0,0.0,0.0,0.0
MNAR_l,Mean,A3OU183,05,53.125,53.125,100.0,69.38775510204081
MNAR_l,Mean,A3OU183,10,53.125,53.125,100.0,69.38775510204081
MNAR_l,Mean,A3OU183,15,54.83870967741935,54.83870967741935,100.0,70.83333333333333
MNAR_l,Mean,A3OU183,20,57.14285714285714,57.14285714285714,100.0,72.72727272727273
MNAR_l,Mean,A3OU183,25,60.17699115044248,60.17699115044248,100.0,75.13812154696133
MNAR_l,Mean,AOYM4KG,05,39.1025641025641,39.1025641025641,100.0,56.22119815668203
MNAR_l,Mean,AOYM4KG,10,13.953488372093023,16.304347826086957,49.18032786885246,24.48979591836735
MNAR_l,Mean,AOYM4KG,15,3.375527426160337,4.3478260869565215,13.114754098360656,6.530612244897959
MNAR_l,Mean,AOYM4KG,20,2.510460251046025,3.260869565217391,9.836065573770492,4.8979591836734695
MNAR_l,Mean,AOYM4KG,25,2.083333333333333,2.717391304347826,8.19672131147541,4.081632653061225
MNAR_l,Mean,AV2GF3B,05,95.14563106796116,95.14563106796116,100.0,97.51243781094527
MNAR_l,Mean,AV2GF3B,10,89.90825688073394,89.90825688073394,100.0,94.68599033816426
MNAR_l,Mean,AV2GF3B,15,79.64601769911505,85.71428571428571,91.83673469387756,88.66995073891624
MNAR_l,Mean,AV2GF3B,20,65.04065040650406,76.19047619047619,81.63265306122449,78.81773399014779
MNAR_l,Mean,AV2GF3B,25,64.51612903225806,75.47169811320755,81.63265306122449,78.43137254901961
MNAR_l,Mean,A0NVTRV,05,83.05084745762711,90.74074074074075,90.74074074074075,90.74074074074075
MNAR_l,Mean,A0NVTRV,10,80.0,88.88888888888889,88.88888888888889,88.88888888888889
MNAR_l,Mean,A0NVTRV,15,77.04918032786885,87.03703703703704,87.03703703703704,87.03703703703704
MNAR_l,Mean,A0NVTRV,20,77.04918032786885,87.03703703703704,87.03703703703704,87.03703703703704
MNAR_l,Mean,A0NVTRV,25,35.0,51.85185185185185,51.85185185185185,51.85185185185185
MNAR_l,Mean,A1K5DRI,05,46.31578947368421,46.31578947368421,100.0,63.30935251798561
MNAR_l,Mean,A1K5DRI,10,44.44444444444444,44.44444444444444,100.0,61.53846153846153
MNAR_l,Mean,A1K5DRI,15,67.1875,68.25396825396825,97.72727272727273,80.37383177570095
MNAR_l,Mean,A1K5DRI,20,73.07692307692307,82.6086956521739,86.36363636363636,84.44444444444444
MNAR_l,Mean,A1K5DRI,25,63.46153846153846,80.48780487804879,75.0,77.64705882352942
MNAR_l,Mean,AYEFCWQ,05,95.83333333333334,95.83333333333334,100.0,97.87234042553192
MNAR_l,Mean,AYEFCWQ,10,60.0,60.0,100.0,74.99999999999999
MNAR_l,Mean,AYEFCWQ,15,60.0,60.0,100.0,74.99999999999999
MNAR_l,Mean,AYEFCWQ,20,56.09756097560976,56.09756097560976,100.0,71.875
MNAR_l,Mean,AYEFCWQ,25,82.14285714285714,82.14285714285714,100.0,90.19607843137256
MNAR_l,Mean,AMV7EQF,05,78.68852459016394,92.3076923076923,84.21052631578947,88.07339449541286
MNAR_l,Mean,AMV7EQF,10,28.205128205128204,51.162790697674424,38.59649122807017,44.0
MNAR_l,Mean,AMV7EQF,15,0.0,0.0,0.0,0.0
MNAR_l,Mean,AMV7EQF,20,0.0,0.0,0.0,0.0
MNAR_l,Mean,AMV7EQF,25,0.0,0.0,0.0,0.0
MNAR_l,Mean,AZIK4ZA,05,29.82456140350877,40.0,53.96825396825397,45.94594594594595
MNAR_l,Mean,AZIK4ZA,10,6.707317073170732,9.821428571428571,17.46031746031746,12.57142857142857
MNAR_l,Mean,AZIK4ZA,15,0.0,0.0,0.0,0.0
MNAR_l,Mean,AZIK4ZA,20,0.0,0.0,0.0,0.0
MNAR_l,Mean,AZIK4ZA,25,0.0,0.0,0.0,0.0
MNAR_l,Mean,AJWW3IY,05,82.6086956521739,90.47619047619048,90.47619047619048,90.47619047619048
MNAR_l,Mean,AJWW3IY,10,75.0,85.71428571428571,85.71428571428571,85.71428571428571
MNAR_l,Mean,AJWW3IY,15,68.04733727810651,83.94160583941606,78.2312925170068,80.98591549295774
MNAR_l,Mean,AJWW3IY,20,66.27906976744185,82.01438848920863,77.55102040816327,79.72027972027972
MNAR_l,Mean,AJWW3IY,25,66.27906976744185,82.01438848920863,77.55102040816327,79.72027972027972
MNAR_l,Mean,AX6281V,05,40.909090909090914,40.909090909090914,100.0,58.06451612903226
MNAR_l,Mean,AX6281V,10,23.711340206185564,27.380952380952383,63.888888888888886,38.333333333333336
MNAR_l,Mean,AX6281V,15,20.27027027027027,23.076923076923077,62.5,33.70786516853933
MNAR_l,Mean,AX6281V,20,17.17171717171717,21.25,47.22222222222222,29.310344827586203
MNAR_l,Mean,AX6281V,25,0.8368200836820083,1.183431952662722,2.7777777777777777,1.6597510373443984
MNAR_l,Mean,AYWIEKR,05,65.2542372881356,81.91489361702128,76.23762376237624,78.97435897435898
MNAR_l,Mean,AYWIEKR,10,37.06896551724138,74.13793103448276,42.57425742574257,54.088050314465406
MNAR_l,Mean,AYWIEKR,15,33.91304347826087,73.58490566037736,38.613861386138616,50.649350649350644
MNAR_l,Mean,AYWIEKR,20,29.82456140350877,72.3404255319149,33.663366336633665,45.94594594594595
MNAR_l,Mean,AYWIEKR,25,23.62204724409449,53.57142857142857,29.7029702970297,38.21656050955414
MNAR_l,Mean,ATHKM6V,05,64.40677966101694,64.40677966101694,100.0,78.35051546391752
MNAR_l,Mean,ATHKM6V,10,64.40677966101694,64.40677966101694,100.0,78.35051546391752
MNAR_l,Mean,ATHKM6V,15,61.66666666666667,62.71186440677966,97.36842105263158,76.28865979381443
MNAR_l,Mean,ATHKM6V,20,61.66666666666667,62.71186440677966,97.36842105263158,76.28865979381443
MNAR_l,Mean,ATHKM6V,25,61.66666666666667,62.71186440677966,97.36842105263158,76.28865979381443
MNAR_l,Mean,AFPB8J2,05,17.094017094017094,51.28205128205128,20.408163265306122,29.1970802919708
MNAR_l,Mean,AFPB8J2,10,0.0,0.0,0.0,0.0
MNAR_l,Mean,AFPB8J2,15,0.0,0.0,0.0,0.0
MNAR_l,Mean,AFPB8J2,20,0.0,0.0,0.0,0.0
MNAR_l,Mean,AFPB8J2,25,0.0,0.0,0.0,0.0
MNAR_l,Mean,A0VFT1N,05,61.224489795918366,100.0,61.224489795918366,75.9493670886076
MNAR_l,Mean,A0VFT1N,10,7.55813953488372,14.942528735632186,13.26530612244898,14.054054054054058
MNAR_l,Mean,A0VFT1N,15,0.0,0.0,0.0,0.0
MNAR_l,Mean,A0VFT1N,20,0.0,0.0,0.0,0.0
MNAR_l,Mean,A0VFT1N,25,0.0,0.0,0.0,0.0
MNAR_l,Mean,AURCTAK,05,90.74074074074075,90.74074074074075,100.0,95.14563106796116
MNAR_l,Mean,AURCTAK,10,85.18518518518519,90.19607843137256,93.87755102040816,92.0
MNAR_l,Mean,AURCTAK,15,63.934426229508205,76.47058823529412,79.59183673469387,77.99999999999999
MNAR_l,Mean,AURCTAK,20,46.26865671641791,63.26530612244898,63.26530612244898,63.26530612244898
MNAR_l,Mean,AURCTAK,25,29.411764705882355,51.28205128205128,40.816326530612244,45.45454545454545
MNAR_l,Mean,A36HR6Y,05,16.071428571428573,16.071428571428573,100.0,27.692307692307693
MNAR_l,Mean,A36HR6Y,10,21.951219512195124,21.951219512195124,100.0,36.0
MNAR_l,Mean,A36HR6Y,15,24.324324324324326,24.324324324324326,100.0,39.130434782608695
MNAR_l,Mean,A36HR6Y,20,24.324324324324326,24.324324324324326,100.0,39.130434782608695
MNAR_l,Mean,A36HR6Y,25,19.565217391304348,19.565217391304348,100.0,32.72727272727273
MNAR_l,Mean,A4E0D03,05,52.054794520547944,70.37037037037037,66.66666666666666,68.46846846846847
MNAR_l,Mean,A4E0D03,10,44.927536231884055,72.09302325581395,54.385964912280706,62.000000000000014
MNAR_l,Mean,A4E0D03,15,37.3134328358209,71.42857142857143,43.859649122807014,54.347826086956516
MNAR_l,Mean,A4E0D03,20,21.73913043478261,55.55555555555556,26.31578947368421,35.714285714285715
MNAR_l,Mean,A4E0D03,25,15.0,34.285714285714285,21.052631578947366,26.08695652173913
MNAR_l,Mean,AJMQUVV,05,54.12844036697248,65.55555555555556,75.64102564102564,70.23809523809524
MNAR_l,Mean,AJMQUVV,10,20.97902097902098,31.57894736842105,38.46153846153847,34.682080924855484
MNAR_l,Mean,AJMQUVV,15,21.12676056338028,31.914893617021278,38.46153846153847,34.883720930232556
MNAR_l,Mean,AJMQUVV,20,20.27972027972028,30.851063829787233,37.17948717948718,33.72093023255814
MNAR_l,Mean,AJMQUVV,25,17.532467532467532,26.21359223300971,34.61538461538461,29.83425414364641
MNAR_l,Mean,A4G0044,05,97.53086419753086,98.75,98.75,98.75
MNAR_l,Mean,A4G0044,10,86.04651162790698,92.5,92.5,92.5
MNAR_l,Mean,A4G0044,15,71.42857142857143,85.52631578947368,81.25,83.33333333333334
MNAR_l,Mean,A4G0044,20,58.69565217391305,81.81818181818183,67.5,73.97260273972603
MNAR_l,Mean,A4G0044,25,47.25274725274725,79.62962962962963,53.75,64.17910447761194
MNAR_l,Mean,AIFDJZB,05,42.64705882352941,42.64705882352941,100.0,59.79381443298969
MNAR_l,Mean,AIFDJZB,10,0.0,0.0,0.0,0.0
MNAR_l,Mean,AIFDJZB,15,0.0,0.0,0.0,0.0
MNAR_l,Mean,AIFDJZB,20,0.0,0.0,0.0,0.0
MNAR_l,Mean,AIFDJZB,25,0.0,0.0,0.0,0.0
MNAR_l,Mean,AQC0L71,05,90.47619047619048,90.47619047619048,100.0,95.0
MNAR_l,Mean,AQC0L71,10,65.51724137931035,65.51724137931035,100.0,79.16666666666666
MNAR_l,Mean,AQC0L71,15,45.23809523809524,45.23809523809524,100.0,62.295081967213115
MNAR_l,Mean,AQC0L71,20,50.0,50.0,100.0,66.66666666666666
MNAR_l,Mean,AQC0L71,25,50.0,50.0,100.0,66.66666666666666
MNAR_l,Mean,A7EM0B6,05,36.904761904761905,36.904761904761905,100.0,53.91304347826087
MNAR_l,Mean,A7EM0B6,10,25.6198347107438,25.6198347107438,100.0,40.78947368421052
MNAR_l,Mean,A7EM0B6,15,13.953488372093023,14.545454545454545,77.41935483870968,24.489795918367342
MNAR_l,Mean,A7EM0B6,20,10.43956043956044,11.176470588235295,61.29032258064516,18.90547263681592
MNAR_l,Mean,A7EM0B6,25,7.6923076923076925,8.609271523178808,41.935483870967744,14.285714285714285
MNAR_l,LR,A1ZJ41O,05,63.74999999999999,63.74999999999999,100.0,77.86259541984732
MNAR_l,LR,A1ZJ41O,10,49.51456310679612,49.51456310679612,100.0,66.23376623376623
MNAR_l,LR,A1ZJ41O,15,49.51456310679612,49.51456310679612,100.0,66.23376623376623
MNAR_l,LR,A1ZJ41O,20,49.51456310679612,49.51456310679612,100.0,66.23376623376623
MNAR_l,LR,A1ZJ41O,25,49.51456310679612,49.51456310679612,100.0,66.23376623376623
MNAR_l,LR,AKXN5ZZ,05,73.11475409836066,73.11475409836066,100.0,84.46969696969697
MNAR_l,LR,AKXN5ZZ,10,70.12578616352201,70.12578616352201,100.0,82.43992606284658
MNAR_l,LR,AKXN5ZZ,15,71.93548387096774,71.93548387096774,100.0,83.67729831144466
MNAR_l,LR,AKXN5ZZ,20,73.95833333333334,76.61870503597122,95.51569506726457,85.02994011976048
MNAR_l,LR,AKXN5ZZ,25,67.91044776119402,80.1762114537445,81.61434977578476,80.88888888888887
MNAR_l,LR,AAXAA7Z,05,90.83333333333333,94.78260869565217,95.6140350877193,95.19650655021834
MNAR_l,LR,AAXAA7Z,10,90.0,94.73684210526315,94.73684210526315,94.73684210526315
MNAR_l,LR,AAXAA7Z,15,87.70491803278688,93.04347826086956,93.85964912280701,93.44978165938865
MNAR_l,LR,AAXAA7Z,20,86.88524590163934,92.98245614035088,92.98245614035088,92.98245614035088
MNAR_l,LR,AAXAA7Z,25,87.70491803278688,93.04347826086956,93.85964912280701,93.44978165938865
MNAR_l,LR,AA2KP1S,05,80.72289156626506,80.72289156626506,100.0,89.33333333333333
MNAR_l,LR,AA2KP1S,10,75.28089887640449,75.28089887640449,100.0,85.8974358974359
MNAR_l,LR,AA2KP1S,15,77.01149425287356,77.01149425287356,100.0,87.01298701298703
MNAR_l,LR,AA2KP1S,20,80.0,83.11688311688312,95.52238805970148,88.8888888888889
MNAR_l,LR,AA2KP1S,25,75.28089887640449,75.28089887640449,100.0,85.8974358974359
MNAR_l,LR,APGIB2T,05,90.69767441860465,90.69767441860465,100.0,95.1219512195122
MNAR_l,LR,APGIB2T,10,90.69767441860465,90.69767441860465,100.0,95.1219512195122
MNAR_l,LR,APGIB2T,15,91.76470588235294,91.76470588235294,100.0,95.70552147239265
MNAR_l,LR,APGIB2T,20,91.56626506024097,93.82716049382715,97.43589743589743,95.59748427672956
MNAR_l,LR,APGIB2T,25,85.88235294117646,91.25,93.58974358974359,92.40506329113924
MNAR_l,LR,AHYIJDV,05,88.88888888888889,88.88888888888889,100.0,94.11764705882352
MNAR_l,LR,AHYIJDV,10,88.88888888888889,88.88888888888889,100.0,94.11764705882352
MNAR_l,LR,AHYIJDV,15,82.97872340425532,84.78260869565217,97.5,90.69767441860466
MNAR_l,LR,AHYIJDV,20,66.0377358490566,72.91666666666666,87.5,79.54545454545455
MNAR_l,LR,AHYIJDV,25,50.81967213114754,59.61538461538461,77.5,67.3913043478261
MNAR_l,LR,ASFODQR,05,100.0,100.0,100.0,100.0
MNAR_l,LR,ASFODQR,10,98.18181818181819,99.08256880733946,99.08256880733946,99.08256880733946
MNAR_l,LR,ASFODQR,15,96.3963963963964,98.1651376146789,98.1651376146789,98.1651376146789
MNAR_l,LR,ASFODQR,20,89.56521739130436,94.4954128440367,94.4954128440367,94.4954128440367
MNAR_l,LR,ASFODQR,25,87.93103448275862,93.57798165137615,93.57798165137615,93.57798165137615
MNAR_l,LR,AUY8KYW,05,77.41935483870968,81.35593220338984,94.11764705882352,87.27272727272728
MNAR_l,LR,AUY8KYW,10,63.51351351351351,67.14285714285714,92.15686274509804,77.68595041322314
MNAR_l,LR,AUY8KYW,15,57.333333333333336,64.17910447761194,84.31372549019608,72.88135593220339
MNAR_l,LR,AUY8KYW,20,83.01886792452831,95.65217391304348,86.27450980392157,90.72164948453609
MNAR_l,LR,AUY8KYW,25,56.86274509803921,100.0,56.86274509803921,72.5
MNAR_l,LR,A3OU183,05,65.38461538461539,65.38461538461539,100.0,79.06976744186048
MNAR_l,LR,A3OU183,10,58.119658119658126,58.119658119658126,100.0,73.5135135135135
MNAR_l,LR,A3OU183,15,54.400000000000006,54.400000000000006,100.0,70.46632124352332
MNAR_l,LR,A3OU183,20,55.28455284552846,55.28455284552846,100.0,71.2041884816754
MNAR_l,LR,A3OU183,25,56.19834710743802,56.19834710743802,100.0,71.95767195767196
MNAR_l,LR,AOYM4KG,05,43.57142857142857,43.57142857142857,100.0,60.69651741293532
MNAR_l,LR,AOYM4KG,10,35.50295857988166,35.714285714285715,98.36065573770492,52.40174672489083
MNAR_l,LR,AOYM4KG,15,14.485981308411214,16.847826086956523,50.81967213114754,25.306122448979597
MNAR_l,LR,AOYM4KG,20,5.150214592274678,6.521739130434782,19.672131147540984,9.795918367346939
MNAR_l,LR,AOYM4KG,25,3.375527426160337,4.3478260869565215,13.114754098360656,6.530612244897959
MNAR_l,LR,AV2GF3B,05,84.48275862068965,84.48275862068965,100.0,91.58878504672897
MNAR_l,LR,AV2GF3B,10,82.35294117647058,82.35294117647058,100.0,90.32258064516128
MNAR_l,LR,AV2GF3B,15,85.96491228070175,85.96491228070175,100.0,92.45283018867924
MNAR_l,LR,AV2GF3B,20,89.0909090909091,89.0909090909091,100.0,94.23076923076923
MNAR_l,LR,AV2GF3B,25,92.45283018867924,92.45283018867924,100.0,96.07843137254902
MNAR_l,LR,A0NVTRV,05,96.36363636363636,98.14814814814815,98.14814814814815,98.14814814814815
MNAR_l,LR,A0NVTRV,10,89.47368421052632,94.44444444444444,94.44444444444444,94.44444444444444
MNAR_l,LR,A0NVTRV,15,86.20689655172413,92.5925925925926,92.5925925925926,92.5925925925926
MNAR_l,LR,A0NVTRV,20,83.05084745762711,90.74074074074075,90.74074074074075,90.74074074074075
MNAR_l,LR,A0NVTRV,25,80.0,88.88888888888889,88.88888888888889,88.88888888888889
MNAR_l,LR,A1K5DRI,05,50.0,50.0,100.0,66.66666666666666
MNAR_l,LR,A1K5DRI,10,45.83333333333333,45.83333333333333,100.0,62.857142857142854
MNAR_l,LR,A1K5DRI,15,44.0,44.0,100.0,61.111111111111114
MNAR_l,LR,A1K5DRI,20,44.0,44.0,100.0,61.111111111111114
MNAR_l,LR,A1K5DRI,25,44.0,44.0,100.0,61.111111111111114
MNAR_l,LR,AYEFCWQ,05,100.0,100.0,100.0,100.0
MNAR_l,LR,AYEFCWQ,10,98.57142857142858,98.57142857142858,100.0,99.28057553956835
MNAR_l,LR,AYEFCWQ,15,98.57142857142858,98.57142857142858,100.0,99.28057553956835
MNAR_l,LR,AYEFCWQ,20,95.83333333333334,95.83333333333334,100.0,97.87234042553192
MNAR_l,LR,AYEFCWQ,25,95.83333333333334,95.83333333333334,100.0,97.87234042553192
MNAR_l,LR,AMV7EQF,05,88.33333333333333,94.64285714285714,92.98245614035088,93.80530973451327
MNAR_l,LR,AMV7EQF,10,82.25806451612904,91.07142857142857,89.47368421052632,90.2654867256637
MNAR_l,LR,AMV7EQF,15,79.6875,87.93103448275862,89.47368421052632,88.69565217391305
MNAR_l,LR,AMV7EQF,20,70.1492537313433,82.45614035087719,82.45614035087719,82.45614035087719
MNAR_l,LR,AMV7EQF,25,60.56338028169014,75.43859649122807,75.43859649122807,75.43859649122807
MNAR_l,LR,AZIK4ZA,05,85.13513513513513,85.13513513513513,100.0,91.97080291970804
MNAR_l,LR,AZIK4ZA,10,81.81818181818183,81.81818181818183,100.0,90.0
MNAR_l,LR,AZIK4ZA,15,79.48717948717949,80.51948051948052,98.4126984126984,88.57142857142857
MNAR_l,LR,AZIK4ZA,20,76.92307692307693,80.0,95.23809523809523,86.95652173913044
MNAR_l,LR,AZIK4ZA,25,68.75,76.38888888888889,87.3015873015873,81.4814814814815
MNAR_l,LR,AJWW3IY,05,98.64864864864865,99.31972789115646,99.31972789115646,99.31972789115646
MNAR_l,LR,AJWW3IY,10,98.64864864864865,99.31972789115646,99.31972789115646,99.31972789115646
MNAR_l,LR,AJWW3IY,15,94.70198675496688,97.27891156462584,97.27891156462584,97.27891156462584
MNAR_l,LR,AJWW3IY,20,82.6086956521739,90.47619047619048,90.47619047619048,90.47619047619048
MNAR_l,LR,AJWW3IY,25,74.55621301775149,85.13513513513513,85.71428571428571,85.42372881355931
MNAR_l,LR,AX6281V,05,79.12087912087912,79.12087912087912,100.0,88.34355828220859
MNAR_l,LR,AX6281V,10,67.28971962616822,67.28971962616822,100.0,80.44692737430167
MNAR_l,LR,AX6281V,15,55.38461538461539,55.38461538461539,100.0,71.2871287128713
MNAR_l,LR,AX6281V,20,49.6551724137931,49.6551724137931,100.0,66.35944700460828
MNAR_l,LR,AX6281V,25,48.0,48.0,100.0,64.86486486486487
MNAR_l,LR,AYWIEKR,05,94.11764705882352,98.96907216494846,95.04950495049505,96.96969696969695
MNAR_l,LR,AYWIEKR,10,89.52380952380953,95.91836734693877,93.06930693069307,94.47236180904524
MNAR_l,LR,AYWIEKR,15,76.78571428571429,88.65979381443299,85.14851485148515,86.86868686868688
MNAR_l,LR,AYWIEKR,20,61.47540983606557,78.125,74.25742574257426,76.14213197969542
MNAR_l,LR,AYWIEKR,25,51.587301587301596,72.22222222222221,64.35643564356435,68.06282722513089
MNAR_l,LR,ATHKM6V,05,65.51724137931035,65.51724137931035,100.0,79.16666666666666
MNAR_l,LR,ATHKM6V,10,64.40677966101694,64.40677966101694,100.0,78.35051546391752
MNAR_l,LR,ATHKM6V,15,64.40677966101694,64.40677966101694,100.0,78.35051546391752
MNAR_l,LR,ATHKM6V,20,64.40677966101694,64.40677966101694,100.0,78.35051546391752
MNAR_l,LR,ATHKM6V,25,64.40677966101694,64.40677966101694,100.0,78.35051546391752
MNAR_l,LR,AFPB8J2,05,68.05555555555556,68.05555555555556,100.0,80.99173553719008
MNAR_l,LR,AFPB8J2,10,61.25000000000001,61.25000000000001,100.0,75.96899224806202
MNAR_l,LR,AFPB8J2,15,60.86956521739131,60.86956521739131,100.0,75.67567567567568
MNAR_l,LR,AFPB8J2,20,60.62499999999999,61.0062893081761,98.9795918367347,75.48638132295719
MNAR_l,LR,AFPB8J2,25,52.17391304347826,57.14285714285714,85.71428571428571,68.57142857142857
MNAR_l,LR,A0VFT1N,05,97.02970297029702,97.02970297029702,100.0,98.49246231155779
MNAR_l,LR,A0VFT1N,10,98.0,98.0,100.0,98.98989898989899
MNAR_l,LR,A0VFT1N,15,96.03960396039604,97.0,98.9795918367347,97.97979797979798
MNAR_l,LR,A0VFT1N,20,94.11764705882352,96.0,97.95918367346938,96.96969696969697
MNAR_l,LR,A0VFT1N,25,42.44604316546763,59.0,60.204081632653065,59.59595959595959
MNAR_l,LR,AURCTAK,05,90.74074074074075,90.74074074074075,100.0,95.14563106796116
MNAR_l,LR,AURCTAK,10,90.74074074074075,90.74074074074075,100.0,95.14563106796116
MNAR_l,LR,AURCTAK,15,87.27272727272727,88.88888888888889,97.95918367346938,93.20388349514563
MNAR_l,LR,AURCTAK,20,87.27272727272727,88.88888888888889,97.95918367346938,93.20388349514563
MNAR_l,LR,AURCTAK,25,77.58620689655173,83.33333333333334,91.83673469387756,87.37864077669903
MNAR_l,LR,A36HR6Y,05,27.27272727272727,27.27272727272727,100.0,42.857142857142854
MNAR_l,LR,A36HR6Y,10,21.951219512195124,21.951219512195124,100.0,36.0
MNAR_l,LR,A36HR6Y,15,23.076923076923077,23.076923076923077,100.0,37.5
MNAR_l,LR,A36HR6Y,20,20.454545454545457,20.454545454545457,100.0,33.9622641509434
MNAR_l,LR,A36HR6Y,25,20.930232558139537,20.930232558139537,100.0,34.61538461538462
MNAR_l,LR,A4E0D03,05,81.66666666666667,94.23076923076923,85.96491228070175,89.90825688073394
MNAR_l,LR,A4E0D03,10,75.0,93.75,78.94736842105263,85.71428571428572
MNAR_l,LR,A4E0D03,15,65.15151515151516,82.6923076923077,75.43859649122807,78.89908256880734
MNAR_l,LR,A4E0D03,20,54.794520547945204,71.42857142857143,70.17543859649122,70.79646017699113
MNAR_l,LR,A4E0D03,25,52.77777777777778,71.69811320754717,66.66666666666666,69.0909090909091
MNAR_l,LR,AJMQUVV,05,87.35632183908046,89.41176470588236,97.43589743589743,93.25153374233129
MNAR_l,LR,AJMQUVV,10,76.53061224489795,78.94736842105263,96.15384615384616,86.70520231213872
MNAR_l,LR,AJMQUVV,15,59.29203539823009,65.68627450980392,85.8974358974359,74.44444444444444
MNAR_l,LR,AJMQUVV,20,40.909090909090914,50.0,69.23076923076923,58.06451612903226
MNAR_l,LR,AJMQUVV,25,32.666666666666664,40.49586776859504,62.82051282051282,49.246231155778894
MNAR_l,LR,A4G0044,05,97.53086419753086,98.75,98.75,98.75
MNAR_l,LR,A4G0044,10,95.1219512195122,97.5,97.5,97.5
MNAR_l,LR,A4G0044,15,60.0,75.0,75.0,75.0
MNAR_l,LR,A4G0044,20,37.93103448275862,55.00000000000001,55.00000000000001,55.00000000000001
MNAR_l,LR,A4G0044,25,28.455284552845526,44.871794871794876,43.75,44.30379746835443
MNAR_l,LR,AIFDJZB,05,76.31578947368422,76.31578947368422,100.0,86.56716417910448
MNAR_l,LR,AIFDJZB,10,46.03174603174603,46.03174603174603,100.0,63.04347826086957
MNAR_l,LR,AIFDJZB,15,39.726027397260275,39.726027397260275,100.0,56.86274509803921
MNAR_l,LR,AIFDJZB,20,39.726027397260275,39.726027397260275,100.0,56.86274509803921
MNAR_l,LR,AIFDJZB,25,35.36585365853659,35.36585365853659,100.0,52.25225225225225
MNAR_l,LR,AQC0L71,05,88.37209302325581,88.37209302325581,100.0,93.82716049382717
MNAR_l,LR,AQC0L71,10,69.0909090909091,69.0909090909091,100.0,81.72043010752688
MNAR_l,LR,AQC0L71,15,38.775510204081634,38.775510204081634,100.0,55.88235294117647
MNAR_l,LR,AQC0L71,20,38.0,38.0,100.0,55.072463768115945
MNAR_l,LR,AQC0L71,25,38.0,38.0,100.0,55.072463768115945
MNAR_l,LR,A7EM0B6,05,72.09302325581395,72.09302325581395,100.0,83.78378378378379
MNAR_l,LR,A7EM0B6,10,51.66666666666667,51.66666666666667,100.0,68.13186813186815
MNAR_l,LR,A7EM0B6,15,44.927536231884055,44.927536231884055,100.0,62.0
MNAR_l,LR,A7EM0B6,20,39.743589743589745,39.743589743589745,100.0,56.88073394495413
MNAR_l,LR,A7EM0B6,25,34.831460674157306,34.831460674157306,100.0,51.66666666666667
MNAR_l,HT,A1ZJ41O,05,64.55696202531645,64.55696202531645,100.0,78.46153846153847
MNAR_l,HT,A1ZJ41O,10,54.83870967741935,54.83870967741935,100.0,70.83333333333333
MNAR_l,HT,A1ZJ41O,15,49.51456310679612,49.51456310679612,100.0,66.23376623376623
MNAR_l,HT,A1ZJ41O,20,49.51456310679612,49.51456310679612,100.0,66.23376623376623
MNAR_l,HT,A1ZJ41O,25,49.51456310679612,49.51456310679612,100.0,66.23376623376623
MNAR_l,HT,AKXN5ZZ,05,78.79858657243817,78.79858657243817,100.0,88.14229249011858
MNAR_l,HT,AKXN5ZZ,10,70.12578616352201,70.12578616352201,100.0,82.43992606284658
MNAR_l,HT,AKXN5ZZ,15,73.75415282392026,74.0,99.55156950672645,84.89483747609943
MNAR_l,HT,AKXN5ZZ,20,75.97173144876325,78.18181818181819,96.41255605381166,86.34538152610442
MNAR_l,HT,AKXN5ZZ,25,70.38327526132404,75.93984962406014,90.5829596412556,82.61758691206545
MNAR_l,HT,AAXAA7Z,05,90.0,94.73684210526315,94.73684210526315,94.73684210526315
MNAR_l,HT,AAXAA7Z,10,89.25619834710744,93.91304347826087,94.73684210526315,94.32314410480349
MNAR_l,HT,AAXAA7Z,15,89.25619834710744,93.91304347826087,94.73684210526315,94.32314410480349
MNAR_l,HT,AAXAA7Z,20,90.0,94.73684210526315,94.73684210526315,94.73684210526315
MNAR_l,HT,AAXAA7Z,25,90.0,94.73684210526315,94.73684210526315,94.73684210526315
MNAR_l,HT,AA2KP1S,05,79.76190476190477,79.76190476190477,100.0,88.74172185430463
MNAR_l,HT,AA2KP1S,10,73.62637362637363,73.62637362637363,100.0,84.81012658227849
MNAR_l,HT,AA2KP1S,15,75.28089887640449,75.28089887640449,100.0,85.8974358974359
MNAR_l,HT,AA2KP1S,20,76.31578947368422,86.56716417910447,86.56716417910447,86.56716417910447
MNAR_l,HT,AA2KP1S,25,73.61111111111111,91.37931034482759,79.1044776119403,84.8
MNAR_l,HT,APGIB2T,05,90.69767441860465,90.69767441860465,100.0,95.1219512195122
MNAR_l,HT,APGIB2T,10,88.50574712643679,89.53488372093024,98.71794871794873,93.90243902439025
MNAR_l,HT,APGIB2T,15,83.72093023255815,90.0,92.3076923076923,91.13924050632912
MNAR_l,HT,APGIB2T,20,69.66292134831461,84.93150684931507,79.48717948717949,82.11920529801324
MNAR_l,HT,APGIB2T,25,52.083333333333336,73.52941176470588,64.1025641025641,68.49315068493152
MNAR_l,HT,AHYIJDV,05,90.9090909090909,90.9090909090909,100.0,95.23809523809523
MNAR_l,HT,AHYIJDV,10,86.36363636363636,90.47619047619048,95.0,92.68292682926828
MNAR_l,HT,AHYIJDV,15,70.0,77.77777777777779,87.5,82.3529411764706
MNAR_l,HT,AHYIJDV,20,60.65573770491803,63.793103448275865,92.5,75.51020408163266
MNAR_l,HT,AHYIJDV,25,34.375,47.82608695652174,55.00000000000001,51.162790697674424
MNAR_l,HT,ASFODQR,05,100.0,100.0,100.0,100.0
MNAR_l,HT,ASFODQR,10,98.18181818181819,99.08256880733946,99.08256880733946,99.08256880733946
MNAR_l,HT,ASFODQR,15,96.3963963963964,98.1651376146789,98.1651376146789,98.1651376146789
MNAR_l,HT,ASFODQR,20,83.19327731092437,90.82568807339449,90.82568807339449,90.82568807339449
MNAR_l,HT,ASFODQR,25,42.48366013071895,59.63302752293578,59.63302752293578,59.63302752293578
MNAR_l,HT,AUY8KYW,05,70.4225352112676,71.42857142857143,98.0392156862745,82.64462809917354
MNAR_l,HT,AUY8KYW,10,68.05555555555556,70.0,96.07843137254902,80.99173553719008
MNAR_l,HT,AUY8KYW,15,71.01449275362319,73.13432835820896,96.07843137254902,83.05084745762711
MNAR_l,HT,AUY8KYW,20,90.38461538461539,97.91666666666666,92.15686274509804,94.94949494949493
MNAR_l,HT,AUY8KYW,25,63.51351351351351,67.14285714285714,92.15686274509804,77.68595041322314
MNAR_l,HT,A3OU183,05,64.76190476190476,64.76190476190476,100.0,78.61271676300578
MNAR_l,HT,A3OU183,10,56.666666666666664,56.666666666666664,100.0,72.34042553191489
MNAR_l,HT,A3OU183,15,54.400000000000006,54.400000000000006,100.0,70.46632124352332
MNAR_l,HT,A3OU183,20,54.83870967741935,54.83870967741935,100.0,70.83333333333333
MNAR_l,HT,A3OU183,25,56.666666666666664,56.666666666666664,100.0,72.34042553191489
MNAR_l,HT,AOYM4KG,05,60.396039603960396,60.396039603960396,100.0,75.30864197530863
MNAR_l,HT,AOYM4KG,10,48.8,48.8,100.0,65.59139784946237
MNAR_l,HT,AOYM4KG,15,33.125,34.868421052631575,86.88524590163934,49.76525821596244
MNAR_l,HT,AOYM4KG,20,17.098445595854923,20.0,54.09836065573771,29.20353982300885
MNAR_l,HT,AOYM4KG,25,11.11111111111111,13.40782122905028,39.34426229508197,20.0
MNAR_l,HT,AV2GF3B,05,87.5,87.5,100.0,93.33333333333333
MNAR_l,HT,AV2GF3B,10,82.35294117647058,82.35294117647058,100.0,90.32258064516128
MNAR_l,HT,AV2GF3B,15,83.76068376068376,83.76068376068376,100.0,91.16279069767441
MNAR_l,HT,AV2GF3B,20,82.35294117647058,82.35294117647058,100.0,90.32258064516128
MNAR_l,HT,AV2GF3B,25,79.33884297520662,80.67226890756302,97.95918367346938,88.47926267281106
MNAR_l,HT,A0NVTRV,05,96.36363636363636,98.14814814814815,98.14814814814815,98.14814814814815
MNAR_l,HT,A0NVTRV,10,86.20689655172413,92.5925925925926,92.5925925925926,92.5925925925926
MNAR_l,HT,A0NVTRV,15,86.20689655172413,92.5925925925926,92.5925925925926,92.5925925925926
MNAR_l,HT,A0NVTRV,20,80.0,88.88888888888889,88.88888888888889,88.88888888888889
MNAR_l,HT,A0NVTRV,25,80.0,88.88888888888889,88.88888888888889,88.88888888888889
MNAR_l,HT,A1K5DRI,05,48.35164835164835,48.35164835164835,100.0,65.18518518518518
MNAR_l,HT,A1K5DRI,10,44.0,44.0,100.0,61.111111111111114
MNAR_l,HT,A1K5DRI,15,44.0,44.0,100.0,61.111111111111114
MNAR_l,HT,A1K5DRI,20,44.0,44.0,100.0,61.111111111111114
MNAR_l,HT,A1K5DRI,25,44.0,44.0,100.0,61.111111111111114
MNAR_l,HT,AYEFCWQ,05,100.0,100.0,100.0,100.0
MNAR_l,HT,AYEFCWQ,10,98.57142857142858,98.57142857142858,100.0,99.28057553956835
MNAR_l,HT,AYEFCWQ,15,98.57142857142858,98.57142857142858,100.0,99.28057553956835
MNAR_l,HT,AYEFCWQ,20,97.1830985915493,97.1830985915493,100.0,98.57142857142858
MNAR_l,HT,AYEFCWQ,25,95.83333333333334,95.83333333333334,100.0,97.87234042553192
MNAR_l,HT,AMV7EQF,05,88.33333333333333,94.64285714285714,92.98245614035088,93.80530973451327
MNAR_l,HT,AMV7EQF,10,83.87096774193549,91.22807017543859,91.22807017543859,91.22807017543859
MNAR_l,HT,AMV7EQF,15,76.92307692307693,86.20689655172413,87.71929824561403,86.95652173913044
MNAR_l,HT,AMV7EQF,20,67.64705882352942,80.7017543859649,80.7017543859649,80.7017543859649
MNAR_l,HT,AMV7EQF,25,62.68656716417911,80.76923076923077,73.68421052631578,77.06422018348624
MNAR_l,HT,AZIK4ZA,05,82.89473684210526,82.89473684210526,100.0,90.64748201438849
MNAR_l,HT,AZIK4ZA,10,80.76923076923077,80.76923076923077,100.0,89.36170212765957
MNAR_l,HT,AZIK4ZA,15,74.69879518072288,75.60975609756098,98.4126984126984,85.51724137931035
MNAR_l,HT,AZIK4ZA,20,57.407407407407405,57.943925233644855,98.4126984126984,72.94117647058822
MNAR_l,HT,AZIK4ZA,25,63.888888888888886,83.63636363636363,73.01587301587301,77.96610169491525
MNAR_l,HT,AJWW3IY,05,98.64864864864865,99.31972789115646,99.31972789115646,99.31972789115646
MNAR_l,HT,AJWW3IY,10,98.64864864864865,99.31972789115646,99.31972789115646,99.31972789115646
MNAR_l,HT,AJWW3IY,15,92.15686274509804,95.91836734693877,95.91836734693877,95.91836734693877
MNAR_l,HT,AJWW3IY,20,88.46153846153845,93.87755102040816,93.87755102040816,93.87755102040816
MNAR_l,HT,AJWW3IY,25,82.09876543209876,89.86486486486487,90.47619047619048,90.16949152542374
MNAR_l,HT,AX6281V,05,74.22680412371135,74.22680412371135,100.0,85.20710059171599
MNAR_l,HT,AX6281V,10,58.536585365853654,58.536585365853654,100.0,73.84615384615384
MNAR_l,HT,AX6281V,15,54.54545454545454,54.54545454545454,100.0,70.58823529411764
MNAR_l,HT,AX6281V,20,51.06382978723404,51.06382978723404,100.0,67.6056338028169
MNAR_l,HT,AX6281V,25,43.90243902439025,43.90243902439025,100.0,61.016949152542374
MNAR_l,HT,AYWIEKR,05,93.13725490196079,98.95833333333334,94.05940594059405,96.4467005076142
MNAR_l,HT,AYWIEKR,10,89.52380952380953,95.91836734693877,93.06930693069307,94.47236180904524
MNAR_l,HT,AYWIEKR,15,73.14814814814815,91.86046511627907,78.21782178217822,84.49197860962566
MNAR_l,HT,AYWIEKR,20,63.793103448275865,83.14606741573034,73.26732673267327,77.89473684210527
MNAR_l,HT,AYWIEKR,25,47.76119402985074,65.97938144329896,63.366336633663366,64.64646464646465
MNAR_l,HT,ATHKM6V,05,67.85714285714286,67.85714285714286,100.0,80.85106382978724
MNAR_l,HT,ATHKM6V,10,65.51724137931035,65.51724137931035,100.0,79.16666666666666
MNAR_l,HT,ATHKM6V,15,64.40677966101694,64.40677966101694,100.0,78.35051546391752
MNAR_l,HT,ATHKM6V,20,64.40677966101694,64.40677966101694,100.0,78.35051546391752
MNAR_l,HT,ATHKM6V,25,64.40677966101694,64.40677966101694,100.0,78.35051546391752
MNAR_l,HT,AFPB8J2,05,70.0,70.0,100.0,82.35294117647058
MNAR_l,HT,AFPB8J2,10,63.63636363636363,63.63636363636363,100.0,77.77777777777779
MNAR_l,HT,AFPB8J2,15,61.038961038961034,62.66666666666667,95.91836734693877,75.80645161290323
MNAR_l,HT,AFPB8J2,20,50.595238095238095,54.83870967741935,86.73469387755102,67.19367588932806
MNAR_l,HT,AFPB8J2,25,47.43589743589743,56.060606060606055,75.51020408163265,64.34782608695652
MNAR_l,HT,A0VFT1N,05,98.0,98.0,100.0,98.98989898989899
MNAR_l,HT,A0VFT1N,10,98.0,98.0,100.0,98.98989898989899
MNAR_l,HT,A0VFT1N,15,96.03960396039604,97.0,98.9795918367347,97.97979797979798
MNAR_l,HT,A0VFT1N,20,94.11764705882352,96.0,97.95918367346938,96.96969696969697
MNAR_l,HT,A0VFT1N,25,84.76190476190476,92.70833333333334,90.81632653061224,91.75257731958763
MNAR_l,HT,AURCTAK,05,90.74074074074075,90.74074074074075,100.0,95.14563106796116
MNAR_l,HT,AURCTAK,10,90.74074074074075,90.74074074074075,100.0,95.14563106796116
MNAR_l,HT,AURCTAK,15,87.27272727272727,88.88888888888889,97.95918367346938,93.20388349514563
MNAR_l,HT,AURCTAK,20,77.58620689655173,83.33333333333334,91.83673469387756,87.37864077669903
MNAR_l,HT,AURCTAK,25,71.66666666666667,79.62962962962963,87.75510204081633,83.49514563106796
MNAR_l,HT,A36HR6Y,05,23.684210526315788,23.684210526315788,100.0,38.29787234042553
MNAR_l,HT,A36HR6Y,10,18.367346938775512,18.367346938775512,100.0,31.03448275862069
MNAR_l,HT,A36HR6Y,15,19.148936170212767,19.148936170212767,100.0,32.142857142857146
MNAR_l,HT,A36HR6Y,20,20.454545454545457,20.454545454545457,100.0,33.9622641509434
MNAR_l,HT,A36HR6Y,25,16.666666666666664,16.666666666666664,100.0,28.57142857142857
MNAR_l,HT,A4E0D03,05,70.96774193548387,89.79591836734694,77.19298245614034,83.01886792452831
MNAR_l,HT,A4E0D03,10,70.49180327868852,91.48936170212765,75.43859649122807,82.6923076923077
MNAR_l,HT,A4E0D03,15,62.31884057971014,78.18181818181819,75.43859649122807,76.78571428571429
MNAR_l,HT,A4E0D03,20,55.26315789473685,68.85245901639344,73.68421052631578,71.18644067796609
MNAR_l,HT,A4E0D03,25,48.10126582278481,63.33333333333333,66.66666666666666,64.95726495726495
MNAR_l,HT,AJMQUVV,05,78.78787878787878,78.78787878787878,100.0,88.13559322033898
MNAR_l,HT,AJMQUVV,10,66.08695652173913,67.2566371681416,97.43589743589743,79.58115183246073
MNAR_l,HT,AJMQUVV,15,53.84615384615385,61.76470588235294,80.76923076923077,70.0
MNAR_l,HT,AJMQUVV,20,27.102803738317753,50.0,37.17948717948718,42.64705882352941
MNAR_l,HT,AJMQUVV,25,20.394736842105264,29.523809523809526,39.743589743589745,33.87978142076503
MNAR_l,HT,A4G0044,05,97.53086419753086,98.75,98.75,98.75
MNAR_l,HT,A4G0044,10,97.53086419753086,98.75,98.75,98.75
MNAR_l,HT,A4G0044,15,97.53086419753086,98.75,98.75,98.75
MNAR_l,HT,A4G0044,20,88.23529411764706,93.75,93.75,93.75
MNAR_l,HT,A4G0044,25,81.81818181818183,90.0,90.0,90.0
MNAR_l,HT,AIFDJZB,05,55.769230769230774,55.769230769230774,100.0,71.60493827160494
MNAR_l,HT,AIFDJZB,10,43.28358208955223,43.28358208955223,100.0,60.416666666666664
MNAR_l,HT,AIFDJZB,15,41.269841269841265,43.333333333333336,89.65517241379311,58.42696629213484
MNAR_l,HT,AIFDJZB,20,7.246376811594203,11.11111111111111,17.24137931034483,13.513513513513512
MNAR_l,HT,AIFDJZB,25,1.7543859649122806,3.4482758620689653,3.4482758620689653,3.4482758620689653
MNAR_l,HT,AQC0L71,05,88.37209302325581,88.37209302325581,100.0,93.82716049382717
MNAR_l,HT,AQC0L71,10,74.50980392156863,74.50980392156863,100.0,85.39325842696628
MNAR_l,HT,AQC0L71,15,43.18181818181818,43.18181818181818,100.0,60.317460317460316
MNAR_l,HT,AQC0L71,20,41.75824175824176,41.75824175824176,100.0,58.91472868217055
MNAR_l,HT,AQC0L71,25,38.0,38.0,100.0,55.072463768115945
MNAR_l,HT,A7EM0B6,05,68.88888888888889,68.88888888888889,100.0,81.57894736842105
MNAR_l,HT,A7EM0B6,10,50.0,50.0,100.0,66.66666666666666
MNAR_l,HT,A7EM0B6,15,40.25974025974026,40.25974025974026,100.0,57.407407407407405
MNAR_l,HT,A7EM0B6,20,40.25974025974026,40.25974025974026,100.0,57.407407407407405
MNAR_l,HT,A7EM0B6,25,29.523809523809526,29.523809523809526,100.0,45.588235294117645
MNAR_l,HAT,A1ZJ41O,05,65.38461538461539,65.38461538461539,100.0,79.06976744186048
MNAR_l,HAT,A1ZJ41O,10,53.68421052631579,53.68421052631579,100.0,69.86301369863014
MNAR_l,HAT,A1ZJ41O,15,49.51456310679612,49.51456310679612,100.0,66.23376623376623
MNAR_l,HAT,A1ZJ41O,20,49.51456310679612,49.51456310679612,100.0,66.23376623376623
MNAR_l,HAT,A1ZJ41O,25,49.51456310679612,49.51456310679612,100.0,66.23376623376623
MNAR_l,HAT,AKXN5ZZ,05,78.52112676056338,78.52112676056338,100.0,87.96844181459565
MNAR_l,HAT,AKXN5ZZ,10,70.34700315457413,70.34700315457413,100.0,82.59259259259258
MNAR_l,HAT,AKXN5ZZ,15,72.40259740259741,72.40259740259741,100.0,83.9924670433145
MNAR_l,HAT,AKXN5ZZ,20,77.00348432055749,77.54385964912281,99.10313901345292,87.00787401574803
MNAR_l,HAT,AKXN5ZZ,25,67.55725190839695,81.94444444444444,79.37219730941703,80.6378132118451
MNAR_l,HAT,AAXAA7Z,05,92.43697478991596,95.65217391304348,96.49122807017544,96.06986899563317
MNAR_l,HAT,AAXAA7Z,10,90.0,94.73684210526315,94.73684210526315,94.73684210526315
MNAR_l,HAT,AAXAA7Z,15,90.0,94.73684210526315,94.73684210526315,94.73684210526315
MNAR_l,HAT,AAXAA7Z,20,90.0,94.73684210526315,94.73684210526315,94.73684210526315
MNAR_l,HAT,AAXAA7Z,25,89.25619834710744,93.91304347826087,94.73684210526315,94.32314410480349
MNAR_l,HAT,AA2KP1S,05,80.72289156626506,80.72289156626506,100.0,89.33333333333333
MNAR_l,HAT,AA2KP1S,10,77.01149425287356,77.01149425287356,100.0,87.01298701298703
MNAR_l,HAT,AA2KP1S,15,73.62637362637363,73.62637362637363,100.0,84.81012658227849
MNAR_l,HAT,AA2KP1S,20,82.5,83.54430379746836,98.50746268656717,90.41095890410958
MNAR_l,HAT,AA2KP1S,25,78.82352941176471,78.82352941176471,100.0,88.15789473684211
MNAR_l,HAT,APGIB2T,05,90.69767441860465,90.69767441860465,100.0,95.1219512195122
MNAR_l,HAT,APGIB2T,10,90.69767441860465,90.69767441860465,100.0,95.1219512195122
MNAR_l,HAT,APGIB2T,15,88.50574712643679,89.53488372093024,98.71794871794873,93.90243902439025
MNAR_l,HAT,APGIB2T,20,84.14634146341463,94.52054794520548,88.46153846153845,91.3907284768212
MNAR_l,HAT,APGIB2T,25,75.5813953488372,89.04109589041096,83.33333333333334,86.09271523178808
MNAR_l,HAT,AHYIJDV,05,83.33333333333334,83.33333333333334,100.0,90.9090909090909
MNAR_l,HAT,AHYIJDV,10,76.92307692307693,76.92307692307693,100.0,86.95652173913044
MNAR_l,HAT,AHYIJDV,15,76.0,79.16666666666666,95.0,86.36363636363636
MNAR_l,HAT,AHYIJDV,20,51.94805194805194,51.94805194805194,100.0,68.37606837606836
MNAR_l,HAT,AHYIJDV,25,35.55555555555556,39.02439024390244,80.0,52.459016393442624
MNAR_l,HAT,ASFODQR,05,100.0,100.0,100.0,100.0
MNAR_l,HAT,ASFODQR,10,100.0,100.0,100.0,100.0
MNAR_l,HAT,ASFODQR,15,98.18181818181819,99.08256880733946,99.08256880733946,99.08256880733946
MNAR_l,HAT,ASFODQR,20,98.18181818181819,99.08256880733946,99.08256880733946,99.08256880733946
MNAR_l,HAT,ASFODQR,25,92.85714285714286,97.19626168224299,95.41284403669725,96.2962962962963
MNAR_l,HAT,AUY8KYW,05,73.52941176470588,74.6268656716418,98.0392156862745,84.7457627118644
MNAR_l,HAT,AUY8KYW,10,63.51351351351351,67.14285714285714,92.15686274509804,77.68595041322314
MNAR_l,HAT,AUY8KYW,15,61.76470588235294,71.1864406779661,82.35294117647058,76.36363636363636
MNAR_l,HAT,AUY8KYW,20,44.0,57.89473684210527,64.70588235294117,61.11111111111113
MNAR_l,HAT,AUY8KYW,25,33.33333333333333,100.0,33.33333333333333,50.0
MNAR_l,HAT,A3OU183,05,65.38461538461539,65.38461538461539,100.0,79.06976744186048
MNAR_l,HAT,A3OU183,10,59.130434782608695,59.130434782608695,100.0,74.31693989071037
MNAR_l,HAT,A3OU183,15,56.666666666666664,56.666666666666664,100.0,72.34042553191489
MNAR_l,HAT,A3OU183,20,54.400000000000006,54.400000000000006,100.0,70.46632124352332
MNAR_l,HAT,A3OU183,25,54.83870967741935,54.83870967741935,100.0,70.83333333333333
MNAR_l,HAT,AOYM4KG,05,50.0,50.0,100.0,66.66666666666666
MNAR_l,HAT,AOYM4KG,10,45.52238805970149,45.52238805970149,100.0,62.564102564102555
MNAR_l,HAT,AOYM4KG,15,25.405405405405407,27.485380116959064,77.04918032786885,40.51724137931034
MNAR_l,HAT,AOYM4KG,20,10.50228310502283,12.70718232044199,37.704918032786885,19.00826446280992
MNAR_l,HAT,AOYM4KG,25,2.083333333333333,2.717391304347826,8.19672131147541,4.081632653061225
MNAR_l,HAT,AV2GF3B,05,85.21739130434783,85.21739130434783,100.0,92.01877934272301
MNAR_l,HAT,AV2GF3B,10,82.35294117647058,82.35294117647058,100.0,90.32258064516128
MNAR_l,HAT,AV2GF3B,15,82.35294117647058,82.35294117647058,100.0,90.32258064516128
MNAR_l,HAT,AV2GF3B,20,83.76068376068376,83.76068376068376,100.0,91.16279069767441
MNAR_l,HAT,AV2GF3B,25,82.35294117647058,82.35294117647058,100.0,90.32258064516128
MNAR_l,HAT,A0NVTRV,05,96.36363636363636,98.14814814814815,98.14814814814815,98.14814814814815
MNAR_l,HAT,A0NVTRV,10,89.47368421052632,94.44444444444444,94.44444444444444,94.44444444444444
MNAR_l,HAT,A0NVTRV,15,86.20689655172413,92.5925925925926,92.5925925925926,92.5925925925926
MNAR_l,HAT,A0NVTRV,20,86.20689655172413,92.5925925925926,92.5925925925926,92.5925925925926
MNAR_l,HAT,A0NVTRV,25,80.0,88.88888888888889,88.88888888888889,88.88888888888889
MNAR_l,HAT,A1K5DRI,05,50.0,50.0,100.0,66.66666666666666
MNAR_l,HAT,A1K5DRI,10,45.36082474226804,45.36082474226804,100.0,62.4113475177305
MNAR_l,HAT,A1K5DRI,15,44.0,44.0,100.0,61.111111111111114
MNAR_l,HAT,A1K5DRI,20,44.0,44.0,100.0,61.111111111111114
MNAR_l,HAT,A1K5DRI,25,44.0,44.0,100.0,61.111111111111114
MNAR_l,HAT,AYEFCWQ,05,100.0,100.0,100.0,100.0
MNAR_l,HAT,AYEFCWQ,10,98.57142857142858,98.57142857142858,100.0,99.28057553956835
MNAR_l,HAT,AYEFCWQ,15,98.57142857142858,98.57142857142858,100.0,99.28057553956835
MNAR_l,HAT,AYEFCWQ,20,97.1830985915493,97.1830985915493,100.0,98.57142857142858
MNAR_l,HAT,AYEFCWQ,25,95.83333333333334,95.83333333333334,100.0,97.87234042553192
MNAR_l,HAT,AMV7EQF,05,93.22033898305084,96.49122807017544,96.49122807017544,96.49122807017544
MNAR_l,HAT,AMV7EQF,10,86.88524590163934,92.98245614035088,92.98245614035088,92.98245614035088
MNAR_l,HAT,AMV7EQF,15,80.95238095238095,89.47368421052632,89.47368421052632,89.47368421052632
MNAR_l,HAT,AMV7EQF,20,72.72727272727273,84.21052631578947,84.21052631578947,84.21052631578947
MNAR_l,HAT,AMV7EQF,25,62.857142857142854,77.19298245614034,77.19298245614034,77.19298245614034
MNAR_l,HAT,AZIK4ZA,05,86.3013698630137,86.3013698630137,100.0,92.64705882352942
MNAR_l,HAT,AZIK4ZA,10,83.78378378378379,84.93150684931507,98.4126984126984,91.17647058823529
MNAR_l,HAT,AZIK4ZA,15,89.39393939393939,95.16129032258065,93.65079365079364,94.39999999999999
MNAR_l,HAT,AZIK4ZA,20,75.60975609756098,76.5432098765432,98.4126984126984,86.1111111111111
MNAR_l,HAT,AZIK4ZA,25,57.57575757575758,61.29032258064516,90.47619047619048,73.07692307692307
MNAR_l,HAT,AJWW3IY,05,98.64864864864865,99.31972789115646,99.31972789115646,99.31972789115646
MNAR_l,HAT,AJWW3IY,10,98.64864864864865,99.31972789115646,99.31972789115646,99.31972789115646
MNAR_l,HAT,AJWW3IY,15,97.98657718120806,98.64864864864865,99.31972789115646,98.98305084745763
MNAR_l,HAT,AJWW3IY,20,85.53459119496856,91.8918918918919,92.51700680272108,92.20338983050847
MNAR_l,HAT,AJWW3IY,25,82.6086956521739,90.47619047619048,90.47619047619048,90.47619047619048
MNAR_l,HAT,AX6281V,05,82.75862068965517,82.75862068965517,100.0,90.56603773584906
MNAR_l,HAT,AX6281V,10,75.78947368421053,75.78947368421053,100.0,86.22754491017963
MNAR_l,HAT,AX6281V,15,59.50413223140496,59.50413223140496,100.0,74.61139896373057
MNAR_l,HAT,AX6281V,20,56.25,56.25,100.0,72.0
MNAR_l,HAT,AX6281V,25,47.682119205298015,47.682119205298015,100.0,64.57399103139014
MNAR_l,HAT,AYWIEKR,05,95.09803921568627,98.9795918367347,96.03960396039604,97.48743718592964
MNAR_l,HAT,AYWIEKR,10,89.42307692307693,96.875,92.07920792079209,94.41624365482234
MNAR_l,HAT,AYWIEKR,15,76.57657657657657,89.47368421052632,84.15841584158416,86.73469387755102
MNAR_l,HAT,AYWIEKR,20,65.85365853658537,78.64077669902912,80.19801980198021,79.41176470588236
MNAR_l,HAT,AYWIEKR,25,50.0,69.14893617021278,64.35643564356435,66.66666666666667
MNAR_l,HAT,ATHKM6V,05,66.66666666666666,66.66666666666666,100.0,80.0
MNAR_l,HAT,ATHKM6V,10,64.40677966101694,64.40677966101694,100.0,78.35051546391752
MNAR_l,HAT,ATHKM6V,15,64.40677966101694,64.40677966101694,100.0,78.35051546391752
MNAR_l,HAT,ATHKM6V,20,64.40677966101694,64.40677966101694,100.0,78.35051546391752
MNAR_l,HAT,ATHKM6V,25,61.66666666666667,62.71186440677966,97.36842105263158,76.28865979381443
MNAR_l,HAT,AFPB8J2,05,73.68421052631578,73.68421052631578,100.0,84.84848484848484
MNAR_l,HAT,AFPB8J2,10,59.3939393939394,59.3939393939394,100.0,74.52471482889734
MNAR_l,HAT,AFPB8J2,15,58.333333333333336,58.333333333333336,100.0,73.68421052631578
MNAR_l,HAT,AFPB8J2,20,60.0,60.75949367088608,97.95918367346938,75.0
MNAR_l,HAT,AFPB8J2,25,45.664739884393065,51.298701298701296,80.61224489795919,62.698412698412696
MNAR_l,HAT,A0VFT1N,05,98.0,98.0,100.0,98.98989898989899
MNAR_l,HAT,A0VFT1N,10,98.0,98.0,100.0,98.98989898989899
MNAR_l,HAT,A0VFT1N,15,97.02970297029702,97.02970297029702,100.0,98.49246231155779
MNAR_l,HAT,A0VFT1N,20,88.23529411764706,95.74468085106383,91.83673469387756,93.75000000000001
MNAR_l,HAT,A0VFT1N,25,32.6530612244898,100.0,32.6530612244898,49.230769230769226
MNAR_l,HAT,AURCTAK,05,90.74074074074075,90.74074074074075,100.0,95.14563106796116
MNAR_l,HAT,AURCTAK,10,90.74074074074075,90.74074074074075,100.0,95.14563106796116
MNAR_l,HAT,AURCTAK,15,87.27272727272727,88.88888888888889,97.95918367346938,93.20388349514563
MNAR_l,HAT,AURCTAK,20,83.92857142857143,87.03703703703704,95.91836734693877,91.2621359223301
MNAR_l,HAT,AURCTAK,25,74.57627118644068,81.48148148148148,89.79591836734694,85.43689320388349
MNAR_l,HAT,A36HR6Y,05,28.125,28.125,100.0,43.90243902439025
MNAR_l,HAT,A36HR6Y,10,23.684210526315788,23.684210526315788,100.0,38.29787234042553
MNAR_l,HAT,A36HR6Y,15,23.684210526315788,23.684210526315788,100.0,38.29787234042553
MNAR_l,HAT,A36HR6Y,20,19.565217391304348,19.565217391304348,100.0,32.72727272727273
MNAR_l,HAT,A36HR6Y,25,17.307692307692307,17.307692307692307,100.0,29.508196721311474
MNAR_l,HAT,A4E0D03,05,77.04918032786885,92.15686274509804,82.45614035087719,87.03703703703704
MNAR_l,HAT,A4E0D03,10,72.1311475409836,91.66666666666666,77.19298245614034,83.8095238095238
MNAR_l,HAT,A4E0D03,15,68.25396825396825,87.75510204081633,75.43859649122807,81.13207547169812
MNAR_l,HAT,A4E0D03,20,54.794520547945204,71.42857142857143,70.17543859649122,70.79646017699113
MNAR_l,HAT,A4E0D03,25,52.0,68.42105263157895,68.42105263157895,68.42105263157895
MNAR_l,HAT,AJMQUVV,05,91.66666666666666,92.7710843373494,98.71794871794873,95.65217391304347
MNAR_l,HAT,AJMQUVV,10,77.89473684210526,81.31868131868131,94.87179487179486,87.57396449704143
MNAR_l,HAT,AJMQUVV,15,55.96330275229357,66.30434782608695,78.2051282051282,71.76470588235294
MNAR_l,HAT,AJMQUVV,20,35.15625,47.368421052631575,57.692307692307686,52.02312138728323
MNAR_l,HAT,AJMQUVV,25,30.76923076923077,40.36697247706422,56.41025641025641,47.05882352941177
MNAR_l,HAT,A4G0044,05,97.53086419753086,98.75,98.75,98.75
MNAR_l,HAT,A4G0044,10,95.1219512195122,97.5,97.5,97.5
MNAR_l,HAT,A4G0044,15,92.7710843373494,96.25,96.25,96.25000000000001
MNAR_l,HAT,A4G0044,20,86.04651162790698,92.5,92.5,92.5
MNAR_l,HAT,A4G0044,25,61.61616161616161,76.25,76.25,76.25
MNAR_l,HAT,AIFDJZB,05,74.35897435897436,74.35897435897436,100.0,85.29411764705883
MNAR_l,HAT,AIFDJZB,10,46.774193548387096,46.774193548387096,100.0,63.73626373626373
MNAR_l,HAT,AIFDJZB,15,38.15789473684211,38.15789473684211,100.0,55.23809523809524
MNAR_l,HAT,AIFDJZB,20,41.42857142857143,41.42857142857143,100.0,58.58585858585859
MNAR_l,HAT,AIFDJZB,25,45.3125,45.3125,100.0,62.365591397849464
MNAR_l,HAT,AQC0L71,05,88.37209302325581,88.37209302325581,100.0,93.82716049382717
MNAR_l,HAT,AQC0L71,10,76.0,76.0,100.0,86.36363636363636
MNAR_l,HAT,AQC0L71,15,41.30434782608695,41.30434782608695,100.0,58.46153846153847
MNAR_l,HAT,AQC0L71,20,38.0,38.0,100.0,55.072463768115945
MNAR_l,HAT,AQC0L71,25,38.0,38.0,100.0,55.072463768115945
MNAR_l,HAT,A7EM0B6,05,77.5,77.5,100.0,87.32394366197184
MNAR_l,HAT,A7EM0B6,10,39.743589743589745,39.743589743589745,100.0,56.88073394495413
MNAR_l,HAT,A7EM0B6,15,53.44827586206896,53.44827586206896,100.0,69.66292134831461
MNAR_l,HAT,A7EM0B6,20,46.96969696969697,46.96969696969697,100.0,63.917525773195884
MNAR_l,HAT,A7EM0B6,25,36.904761904761905,36.904761904761905,100.0,53.91304347826087
MNAR_l,MLP,A1ZJ41O,05,58.620689655172406,58.620689655172406,100.0,73.91304347826086
MNAR_l,MLP,A1ZJ41O,10,49.51456310679612,49.51456310679612,100.0,66.23376623376623
MNAR_l,MLP,A1ZJ41O,15,49.51456310679612,49.51456310679612,100.0,66.23376623376623
MNAR_l,MLP,A1ZJ41O,20,49.51456310679612,49.51456310679612,100.0,66.23376623376623
MNAR_l,MLP,A1ZJ41O,25,49.51456310679612,49.51456310679612,100.0,66.23376623376623
MNAR_l,MLP,AKXN5ZZ,05,70.34700315457413,70.34700315457413,100.0,82.59259259259258
MNAR_l,MLP,AKXN5ZZ,10,70.34700315457413,70.34700315457413,100.0,82.59259259259258
MNAR_l,MLP,AKXN5ZZ,15,75.80071174377224,78.59778597785979,95.51569506726457,86.23481781376519
MNAR_l,MLP,AKXN5ZZ,20,74.72527472527473,80.31496062992126,91.4798206278027,85.53459119496856
MNAR_l,MLP,AKXN5ZZ,25,65.39923954372624,81.13207547169812,77.13004484304933,79.08045977011494
MNAR_l,MLP,AAXAA7Z,05,94.87179487179486,97.36842105263158,97.36842105263158,97.36842105263158
MNAR_l,MLP,AAXAA7Z,10,90.0,94.73684210526315,94.73684210526315,94.73684210526315
MNAR_l,MLP,AAXAA7Z,15,89.25619834710744,93.91304347826087,94.73684210526315,94.32314410480349
MNAR_l,MLP,AAXAA7Z,20,86.8421052631579,100.0,86.8421052631579,92.95774647887323
MNAR_l,MLP,AAXAA7Z,25,88.42975206611571,93.85964912280701,93.85964912280701,93.85964912280701
MNAR_l,MLP,AA2KP1S,05,77.90697674418605,77.90697674418605,100.0,87.58169934640523
MNAR_l,MLP,AA2KP1S,10,79.76190476190477,79.76190476190477,100.0,88.74172185430463
MNAR_l,MLP,AA2KP1S,15,80.72289156626506,80.72289156626506,100.0,89.33333333333333
MNAR_l,MLP,AA2KP1S,20,78.48101265822784,83.78378378378379,92.53731343283582,87.94326241134752
MNAR_l,MLP,AA2KP1S,25,76.5432098765432,81.57894736842105,92.53731343283582,86.7132867132867
MNAR_l,MLP,APGIB2T,05,98.73417721518987,98.73417721518987,100.0,99.36305732484078
MNAR_l,MLP,APGIB2T,10,83.52941176470588,91.02564102564102,91.02564102564102,91.02564102564102
MNAR_l,MLP,APGIB2T,15,70.32967032967034,83.11688311688312,82.05128205128204,82.58064516129032
MNAR_l,MLP,APGIB2T,20,58.06451612903226,78.26086956521739,69.23076923076923,73.46938775510203
MNAR_l,MLP,APGIB2T,25,43.61702127659575,71.9298245614035,52.56410256410257,60.74074074074075
MNAR_l,MLP,AHYIJDV,05,88.88888888888889,88.88888888888889,100.0,94.11764705882352
MNAR_l,MLP,AHYIJDV,10,80.0,80.0,100.0,88.8888888888889
MNAR_l,MLP,AHYIJDV,15,50.0,60.0,75.0,66.66666666666666
MNAR_l,MLP,AHYIJDV,20,62.71186440677966,66.07142857142857,92.5,77.08333333333333
MNAR_l,MLP,AHYIJDV,25,5.660377358490567,8.333333333333332,15.0,10.714285714285714
MNAR_l,MLP,ASFODQR,05,100.0,100.0,100.0,100.0
MNAR_l,MLP,ASFODQR,10,96.3963963963964,98.1651376146789,98.1651376146789,98.1651376146789
MNAR_l,MLP,ASFODQR,15,87.93103448275862,93.57798165137615,93.57798165137615,93.57798165137615
MNAR_l,MLP,ASFODQR,20,86.32478632478633,92.66055045871559,92.66055045871559,92.66055045871559
MNAR_l,MLP,ASFODQR,25,65.15151515151516,78.89908256880734,78.89908256880734,78.89908256880734
MNAR_l,MLP,AUY8KYW,05,74.6268656716418,75.75757575757575,98.0392156862745,85.47008547008548
MNAR_l,MLP,AUY8KYW,10,63.013698630136986,67.64705882352942,90.19607843137256,77.31092436974791
MNAR_l,MLP,AUY8KYW,15,39.24050632911392,52.54237288135594,60.78431372549019,56.36363636363636
MNAR_l,MLP,AUY8KYW,20,64.91228070175438,86.04651162790698,72.54901960784314,78.72340425531917
MNAR_l,MLP,AUY8KYW,25,33.33333333333333,100.0,33.33333333333333,50.0
MNAR_l,MLP,A3OU183,05,58.119658119658126,58.119658119658126,100.0,73.5135135135135
MNAR_l,MLP,A3OU183,10,57.6271186440678,57.6271186440678,100.0,73.11827956989248
MNAR_l,MLP,A3OU183,15,59.130434782608695,59.130434782608695,100.0,74.31693989071037
MNAR_l,MLP,A3OU183,20,65.38461538461539,65.38461538461539,100.0,79.06976744186048
MNAR_l,MLP,A3OU183,25,69.38775510204081,69.38775510204081,100.0,81.9277108433735
MNAR_l,MLP,AOYM4KG,05,58.0952380952381,58.0952380952381,100.0,73.49397590361446
MNAR_l,MLP,AOYM4KG,10,52.58620689655172,52.58620689655172,100.0,68.92655367231639
MNAR_l,MLP,AOYM4KG,15,38.36477987421384,38.36477987421384,100.0,55.45454545454545
MNAR_l,MLP,AOYM4KG,20,36.30952380952381,36.30952380952381,100.0,53.27510917030567
MNAR_l,MLP,AOYM4KG,25,28.272251308900525,29.347826086956523,88.52459016393442,44.08163265306123
MNAR_l,MLP,AV2GF3B,05,93.33333333333333,93.33333333333333,100.0,96.55172413793103
MNAR_l,MLP,AV2GF3B,10,97.02970297029702,97.02970297029702,100.0,98.49246231155779
MNAR_l,MLP,AV2GF3B,15,87.73584905660378,92.07920792079209,94.89795918367348,93.4673366834171
MNAR_l,MLP,AV2GF3B,20,69.82758620689656,81.81818181818183,82.6530612244898,82.23350253807106
MNAR_l,MLP,AV2GF3B,25,67.79661016949152,80.0,81.63265306122449,80.80808080808082
MNAR_l,MLP,A0NVTRV,05,89.47368421052632,94.44444444444444,94.44444444444444,94.44444444444444
MNAR_l,MLP,A0NVTRV,10,86.20689655172413,92.5925925925926,92.5925925925926,92.5925925925926
MNAR_l,MLP,A0NVTRV,15,83.05084745762711,90.74074074074075,90.74074074074075,90.74074074074075
MNAR_l,MLP,A0NVTRV,20,80.0,88.88888888888889,88.88888888888889,88.88888888888889
MNAR_l,MLP,A0NVTRV,25,80.0,88.88888888888889,88.88888888888889,88.88888888888889
MNAR_l,MLP,A1K5DRI,05,47.82608695652174,47.82608695652174,100.0,64.70588235294117
MNAR_l,MLP,A1K5DRI,10,44.0,44.0,100.0,61.111111111111114
MNAR_l,MLP,A1K5DRI,15,44.44444444444444,44.44444444444444,100.0,61.53846153846153
MNAR_l,MLP,A1K5DRI,20,44.0,44.0,100.0,61.111111111111114
MNAR_l,MLP,A1K5DRI,25,44.0,44.0,100.0,61.111111111111114
MNAR_l,MLP,AYEFCWQ,05,100.0,100.0,100.0,100.0
MNAR_l,MLP,AYEFCWQ,10,98.57142857142858,98.57142857142858,100.0,99.28057553956835
MNAR_l,MLP,AYEFCWQ,15,98.57142857142858,98.57142857142858,100.0,99.28057553956835
MNAR_l,MLP,AYEFCWQ,20,95.83333333333334,95.83333333333334,100.0,97.87234042553192
MNAR_l,MLP,AYEFCWQ,25,95.83333333333334,95.83333333333334,100.0,97.87234042553192
MNAR_l,MLP,AMV7EQF,05,85.24590163934425,92.85714285714286,91.22807017543859,92.03539823008849
MNAR_l,MLP,AMV7EQF,10,82.25806451612904,91.07142857142857,89.47368421052632,90.2654867256637
MNAR_l,MLP,AMV7EQF,15,68.65671641791045,82.14285714285714,80.7017543859649,81.41592920353982
MNAR_l,MLP,AMV7EQF,20,57.14285714285714,75.47169811320755,70.17543859649122,72.72727272727273
MNAR_l,MLP,AMV7EQF,25,30.0,51.06382978723404,42.10526315789473,46.15384615384615
MNAR_l,MLP,AZIK4ZA,05,82.89473684210526,82.89473684210526,100.0,90.64748201438849
MNAR_l,MLP,AZIK4ZA,10,72.94117647058823,73.80952380952381,98.4126984126984,84.35374149659863
MNAR_l,MLP,AZIK4ZA,15,67.03296703296702,68.53932584269663,96.82539682539682,80.26315789473685
MNAR_l,MLP,AZIK4ZA,20,56.88073394495413,57.407407407407405,98.4126984126984,72.51461988304094
MNAR_l,MLP,AZIK4ZA,25,43.66197183098591,43.97163120567376,98.4126984126984,60.78431372549019
MNAR_l,MLP,AJWW3IY,05,99.32432432432432,99.32432432432432,100.0,99.66101694915254
MNAR_l,MLP,AJWW3IY,10,90.9090909090909,95.23809523809523,95.23809523809523,95.23809523809523
MNAR_l,MLP,AJWW3IY,15,80.3680981595092,89.1156462585034,89.1156462585034,89.1156462585034
MNAR_l,MLP,AJWW3IY,20,75.0,85.71428571428571,85.71428571428571,85.71428571428571
MNAR_l,MLP,AJWW3IY,25,71.9298245614035,83.6734693877551,83.6734693877551,83.6734693877551
MNAR_l,MLP,AX6281V,05,81.81818181818183,81.81818181818183,100.0,90.0
MNAR_l,MLP,AX6281V,10,75.78947368421053,75.78947368421053,100.0,86.22754491017963
MNAR_l,MLP,AX6281V,15,64.28571428571429,64.28571428571429,100.0,78.26086956521739
MNAR_l,MLP,AX6281V,20,58.06451612903226,58.06451612903226,100.0,73.46938775510205
MNAR_l,MLP,AX6281V,25,55.38461538461539,55.38461538461539,100.0,71.2871287128713
MNAR_l,MLP,AYWIEKR,05,93.13725490196079,98.95833333333334,94.05940594059405,96.4467005076142
MNAR_l,MLP,AYWIEKR,10,85.3211009174312,92.07920792079209,92.07920792079209,92.07920792079209
MNAR_l,MLP,AYWIEKR,15,69.82758620689656,84.375,80.19801980198021,82.23350253807106
MNAR_l,MLP,AYWIEKR,20,55.28455284552846,75.55555555555556,67.32673267326733,71.20418848167539
MNAR_l,MLP,AYWIEKR,25,48.818897637795274,70.45454545454545,61.386138613861384,65.60846560846561
MNAR_l,MLP,ATHKM6V,05,65.51724137931035,65.51724137931035,100.0,79.16666666666666
MNAR_l,MLP,ATHKM6V,10,64.40677966101694,64.40677966101694,100.0,78.35051546391752
MNAR_l,MLP,ATHKM6V,15,64.40677966101694,64.40677966101694,100.0,78.35051546391752
MNAR_l,MLP,ATHKM6V,20,64.40677966101694,64.40677966101694,100.0,78.35051546391752
MNAR_l,MLP,ATHKM6V,25,66.07142857142857,67.27272727272727,97.36842105263158,79.56989247311827
MNAR_l,MLP,AFPB8J2,05,65.77181208053692,65.77181208053692,100.0,79.35222672064776
MNAR_l,MLP,AFPB8J2,10,59.756097560975604,59.756097560975604,100.0,74.8091603053435
MNAR_l,MLP,AFPB8J2,15,57.7639751552795,59.61538461538461,94.89795918367348,73.2283464566929
MNAR_l,MLP,AFPB8J2,20,44.680851063829785,59.43396226415094,64.28571428571429,61.76470588235294
MNAR_l,MLP,AFPB8J2,25,3.6269430051813467,6.862745098039216,7.142857142857142,6.999999999999999
MNAR_l,MLP,A0VFT1N,05,98.0,98.0,100.0,98.98989898989899
MNAR_l,MLP,A0VFT1N,10,98.0,98.0,100.0,98.98989898989899
MNAR_l,MLP,A0VFT1N,15,87.75510204081633,100.0,87.75510204081633,93.47826086956522
MNAR_l,MLP,A0VFT1N,20,44.73684210526316,76.11940298507463,52.04081632653062,61.81818181818181
MNAR_l,MLP,A0VFT1N,25,4.733727810650888,10.126582278481013,8.16326530612245,9.03954802259887
MNAR_l,MLP,AURCTAK,05,90.74074074074075,90.74074074074075,100.0,95.14563106796116
MNAR_l,MLP,AURCTAK,10,90.74074074074075,90.74074074074075,100.0,95.14563106796116
MNAR_l,MLP,AURCTAK,15,90.74074074074075,90.74074074074075,100.0,95.14563106796116
MNAR_l,MLP,AURCTAK,20,87.27272727272727,88.88888888888889,97.95918367346938,93.20388349514563
MNAR_l,MLP,AURCTAK,25,83.92857142857143,87.03703703703704,95.91836734693877,91.2621359223301
MNAR_l,MLP,A36HR6Y,05,25.0,25.0,100.0,40.0
MNAR_l,MLP,A36HR6Y,10,21.428571428571427,21.428571428571427,100.0,35.294117647058826
MNAR_l,MLP,A36HR6Y,15,23.684210526315788,23.684210526315788,100.0,38.29787234042553
MNAR_l,MLP,A36HR6Y,20,20.454545454545457,20.454545454545457,100.0,33.9622641509434
MNAR_l,MLP,A36HR6Y,25,16.071428571428573,16.071428571428573,100.0,27.692307692307693
MNAR_l,MLP,A4E0D03,05,75.40983606557377,92.0,80.7017543859649,85.98130841121495
MNAR_l,MLP,A4E0D03,10,64.40677966101694,95.0,66.66666666666666,78.35051546391753
MNAR_l,MLP,A4E0D03,15,61.40350877192983,100.0,61.40350877192983,76.08695652173913
MNAR_l,MLP,A4E0D03,20,56.14035087719298,100.0,56.14035087719298,71.91011235955057
MNAR_l,MLP,A4E0D03,25,48.484848484848484,78.04878048780488,56.14035087719298,65.3061224489796
MNAR_l,MLP,AJMQUVV,05,79.59183673469387,79.59183673469387,100.0,88.63636363636364
MNAR_l,MLP,AJMQUVV,10,63.1578947368421,66.66666666666666,92.3076923076923,77.41935483870968
MNAR_l,MLP,AJMQUVV,15,45.925925925925924,52.10084033613446,79.48717948717949,62.944162436548226
MNAR_l,MLP,AJMQUVV,20,25.806451612903224,34.18803418803419,51.28205128205128,41.02564102564102
MNAR_l,MLP,AJMQUVV,25,19.867549668874172,29.126213592233007,38.46153846153847,33.14917127071823
MNAR_l,MLP,A4G0044,05,97.53086419753086,98.75,98.75,98.75
MNAR_l,MLP,A4G0044,10,86.41975308641975,98.59154929577466,87.5,92.71523178807948
MNAR_l,MLP,A4G0044,15,66.29213483146067,86.76470588235294,73.75,79.72972972972973
MNAR_l,MLP,A4G0044,20,58.620689655172406,87.93103448275862,63.74999999999999,73.91304347826087
MNAR_l,MLP,A4G0044,25,40.0,78.26086956521739,45.0,57.14285714285714
MNAR_l,MLP,AIFDJZB,05,78.37837837837837,78.37837837837837,100.0,87.87878787878788
MNAR_l,MLP,AIFDJZB,10,57.99999999999999,57.99999999999999,100.0,73.41772151898734
MNAR_l,MLP,AIFDJZB,15,39.189189189189186,39.189189189189186,100.0,56.310679611650485
MNAR_l,MLP,AIFDJZB,20,37.66233766233766,37.66233766233766,100.0,54.71698113207547
MNAR_l,MLP,AIFDJZB,25,16.27906976744186,33.33333333333333,24.137931034482758,28.000000000000004
MNAR_l,MLP,AQC0L71,05,86.36363636363636,86.36363636363636,100.0,92.68292682926828
MNAR_l,MLP,AQC0L71,10,55.072463768115945,55.072463768115945,100.0,71.02803738317756
MNAR_l,MLP,AQC0L71,15,38.0,38.0,100.0,55.072463768115945
MNAR_l,MLP,AQC0L71,20,38.0,38.0,100.0,55.072463768115945
MNAR_l,MLP,AQC0L71,25,38.775510204081634,38.775510204081634,100.0,55.88235294117647
MNAR_l,MLP,A7EM0B6,05,75.60975609756098,75.60975609756098,100.0,86.11111111111111
MNAR_l,MLP,A7EM0B6,10,44.927536231884055,44.927536231884055,100.0,62.0
MNAR_l,MLP,A7EM0B6,15,41.333333333333336,41.333333333333336,100.0,58.490566037735846
MNAR_l,MLP,A7EM0B6,20,45.588235294117645,45.588235294117645,100.0,62.62626262626263
MNAR_l,MLP,A7EM0B6,25,30.693069306930692,30.693069306930692,100.0,46.96969696969697
MNAR_m,None,A1ZJ41O,05,85.96491228070175,89.0909090909091,96.07843137254902,92.45283018867924
MNAR_m,None,A1ZJ41O,10,59.756097560975604,61.25000000000001,96.07843137254902,74.80916030534351
MNAR_m,None,A1ZJ41O,15,46.22641509433962,47.11538461538461,96.07843137254902,63.2258064516129
MNAR_m,None,A1ZJ41O,20,49.473684210526315,51.64835164835166,92.15686274509804,66.19718309859155
MNAR_m,None,A1ZJ41O,25,58.0246913580247,61.038961038961034,92.15686274509804,73.4375
MNAR_m,None,AKXN5ZZ,05,81.71641791044776,82.95454545454545,98.20627802690582,89.93839835728953
MNAR_m,None,AKXN5ZZ,10,71.8213058419244,75.45126353790613,93.72197309417041,83.60000000000001
MNAR_m,None,AKXN5ZZ,15,66.27906976744185,83.00970873786407,76.68161434977578,79.72027972027972
MNAR_m,None,AKXN5ZZ,20,63.49809885931559,80.67632850241546,74.88789237668162,77.67441860465117
MNAR_m,None,AKXN5ZZ,25,46.50349650349651,67.85714285714286,59.64125560538116,63.48448687350835
MNAR_m,None,AAXAA7Z,05,89.91596638655463,95.53571428571429,93.85964912280701,94.69026548672566
MNAR_m,None,AAXAA7Z,10,90.5982905982906,97.24770642201835,92.98245614035088,95.06726457399103
MNAR_m,None,AAXAA7Z,15,88.03418803418803,97.16981132075472,90.35087719298247,93.63636363636364
MNAR_m,None,AAXAA7Z,20,80.0,94.11764705882352,84.21052631578947,88.88888888888889
MNAR_m,None,AAXAA7Z,25,71.42857142857143,88.23529411764706,78.94736842105263,83.33333333333333
MNAR_m,None,AA2KP1S,05,77.77777777777779,81.81818181818183,94.02985074626866,87.50000000000001
MNAR_m,None,AA2KP1S,10,63.41463414634146,77.61194029850746,77.61194029850746,77.61194029850746
MNAR_m,None,AA2KP1S,15,50.0,69.35483870967742,64.17910447761194,66.66666666666666
MNAR_m,None,AA2KP1S,20,43.529411764705884,67.27272727272727,55.223880597014926,60.65573770491803
MNAR_m,None,AA2KP1S,25,40.54054054054054,81.08108108108108,44.776119402985074,57.692307692307686
MNAR_m,None,APGIB2T,05,91.66666666666666,92.7710843373494,98.71794871794873,95.65217391304347
MNAR_m,None,APGIB2T,10,90.58823529411765,91.66666666666666,98.71794871794873,95.06172839506173
MNAR_m,None,APGIB2T,15,90.58823529411765,91.66666666666666,98.71794871794873,95.06172839506173
MNAR_m,None,APGIB2T,20,89.41176470588236,91.56626506024097,97.43589743589743,94.40993788819875
MNAR_m,None,APGIB2T,25,82.35294117647058,90.9090909090909,89.74358974358975,90.32258064516128
MNAR_m,None,AHYIJDV,05,70.83333333333334,80.95238095238095,85.0,82.92682926829269
MNAR_m,None,AHYIJDV,10,35.0,100.0,35.0,51.85185185185185
MNAR_m,None,AHYIJDV,15,19.148936170212767,56.25,22.5,32.14285714285714
MNAR_m,None,AHYIJDV,20,10.227272727272728,15.789473684210526,22.5,18.556701030927833
MNAR_m,None,AHYIJDV,25,7.894736842105263,14.285714285714285,15.0,14.634146341463413
MNAR_m,None,ASFODQR,05,98.1651376146789,100.0,98.1651376146789,99.07407407407408
MNAR_m,None,ASFODQR,10,92.72727272727272,99.02912621359224,93.57798165137615,96.22641509433963
MNAR_m,None,ASFODQR,15,90.0,99.0,90.82568807339449,94.73684210526316
MNAR_m,None,ASFODQR,20,87.27272727272727,98.96907216494846,88.07339449541286,93.20388349514565
MNAR_m,None,ASFODQR,25,85.45454545454545,98.94736842105263,86.23853211009175,92.15686274509804
MNAR_m,None,AUY8KYW,05,75.38461538461539,77.77777777777779,96.07843137254902,85.96491228070175
MNAR_m,None,AUY8KYW,10,52.85714285714286,66.07142857142857,72.54901960784314,69.1588785046729
MNAR_m,None,AUY8KYW,15,67.24137931034483,84.78260869565217,76.47058823529412,80.41237113402062
MNAR_m,None,AUY8KYW,20,38.35616438356164,56.00000000000001,54.90196078431373,55.44554455445545
MNAR_m,None,AUY8KYW,25,8.333333333333332,17.5,13.725490196078432,15.384615384615385
MNAR_m,None,A3OU183,05,73.11827956989248,73.11827956989248,100.0,84.472049689441
MNAR_m,None,A3OU183,10,61.261261261261254,61.261261261261254,100.0,75.97765363128491
MNAR_m,None,A3OU183,15,57.6271186440678,57.6271186440678,100.0,73.11827956989248
MNAR_m,None,A3OU183,20,54.400000000000006,54.400000000000006,100.0,70.46632124352332
MNAR_m,None,A3OU183,25,49.6124031007752,51.2,94.11764705882352,66.32124352331607
MNAR_m,None,AOYM4KG,05,67.03296703296702,67.03296703296702,100.0,80.26315789473685
MNAR_m,None,AOYM4KG,10,49.193548387096776,49.193548387096776,100.0,65.94594594594595
MNAR_m,None,AOYM4KG,15,44.11764705882353,44.44444444444444,98.36065573770492,61.224489795918366
MNAR_m,None,AOYM4KG,20,35.714285714285715,37.16216216216216,90.1639344262295,52.63157894736842
MNAR_m,None,AOYM4KG,25,30.434782608695656,32.88590604026846,80.32786885245902,46.66666666666667
MNAR_m,None,AV2GF3B,05,87.5,87.5,100.0,93.33333333333333
MNAR_m,None,AV2GF3B,10,76.47058823529412,81.25,92.85714285714286,86.66666666666666
MNAR_m,None,AV2GF3B,15,51.127819548872175,66.01941747572816,69.38775510204081,67.66169154228857
MNAR_m,None,AV2GF3B,20,33.33333333333333,50.0,50.0,50.0
MNAR_m,None,AV2GF3B,25,22.516556291390728,39.08045977011494,34.69387755102041,36.75675675675676
MNAR_m,None,A0NVTRV,05,38.35616438356164,59.57446808510638,51.85185185185185,55.44554455445543
MNAR_m,None,A0NVTRV,10,34.61538461538461,52.94117647058824,50.0,51.42857142857144
MNAR_m,None,A0NVTRV,15,35.526315789473685,55.10204081632652,50.0,52.42718446601942
MNAR_m,None,A0NVTRV,20,33.33333333333333,54.347826086956516,46.2962962962963,50.0
MNAR_m,None,A0NVTRV,25,27.27272727272727,47.72727272727273,38.88888888888889,42.85714285714286
MNAR_m,None,A1K5DRI,05,44.89795918367347,44.89795918367347,100.0,61.97183098591549
MNAR_m,None,A1K5DRI,10,45.83333333333333,45.83333333333333,100.0,62.857142857142854
MNAR_m,None,A1K5DRI,15,46.808510638297875,46.808510638297875,100.0,63.76811594202899
MNAR_m,None,A1K5DRI,20,47.31182795698925,47.31182795698925,100.0,64.23357664233576
MNAR_m,None,A1K5DRI,25,45.16129032258064,46.15384615384615,95.45454545454545,62.22222222222222
MNAR_m,None,AYEFCWQ,05,0.0,0.0,0.0,0.0
MNAR_m,None,AYEFCWQ,10,0.0,0.0,0.0,0.0
MNAR_m,None,AYEFCWQ,15,0.0,0.0,0.0,0.0
MNAR_m,None,AYEFCWQ,20,0.0,0.0,0.0,0.0
MNAR_m,None,AYEFCWQ,25,0.0,0.0,0.0,0.0
MNAR_m,None,AMV7EQF,05,83.87096774193549,91.22807017543859,91.22807017543859,91.22807017543859
MNAR_m,None,AMV7EQF,10,67.16417910447761,81.81818181818183,78.94736842105263,80.35714285714286
MNAR_m,None,AMV7EQF,15,65.67164179104478,81.48148148148148,77.19298245614034,79.27927927927928
MNAR_m,None,AMV7EQF,20,70.3125,86.53846153846155,78.94736842105263,82.56880733944955
MNAR_m,None,AMV7EQF,25,57.35294117647059,78.0,68.42105263157895,72.89719626168225
MNAR_m,None,AZIK4ZA,05,75.30864197530865,77.21518987341773,96.82539682539682,85.91549295774648
MNAR_m,None,AZIK4ZA,10,69.1358024691358,75.67567567567568,88.88888888888889,81.75182481751825
MNAR_m,None,AZIK4ZA,15,54.666666666666664,77.35849056603774,65.07936507936508,70.68965517241381
MNAR_m,None,AZIK4ZA,20,57.534246575342465,80.76923076923077,66.66666666666666,73.04347826086955
MNAR_m,None,AZIK4ZA,25,10.869565217391305,25.64102564102564,15.873015873015872,19.6078431372549
MNAR_m,None,AJWW3IY,05,95.27027027027027,99.29577464788733,95.91836734693877,97.57785467128028
MNAR_m,None,AJWW3IY,10,92.61744966442953,98.57142857142858,93.87755102040816,96.16724738675958
MNAR_m,None,AJWW3IY,15,89.93288590604027,98.52941176470588,91.15646258503402,94.69964664310953
MNAR_m,None,AJWW3IY,20,84.76821192052981,96.96969696969697,87.07482993197279,91.75627240143368
MNAR_m,None,AJWW3IY,25,80.66666666666666,97.58064516129032,82.31292517006803,89.29889298892991
MNAR_m,None,AX6281V,05,49.61832061068702,52.41935483870967,90.27777777777779,66.3265306122449
MNAR_m,None,AX6281V,10,53.333333333333336,57.14285714285714,88.88888888888889,69.56521739130434
MNAR_m,None,AX6281V,15,52.72727272727272,60.416666666666664,80.55555555555556,69.04761904761905
MNAR_m,None,AX6281V,20,50.45045045045045,58.94736842105262,77.77777777777779,67.06586826347305
MNAR_m,None,AX6281V,25,45.23809523809524,51.35135135135135,79.16666666666666,62.29508196721311
MNAR_m,None,AYWIEKR,05,85.04672897196261,93.81443298969072,90.0990099009901,91.91919191919192
MNAR_m,None,AYWIEKR,10,66.08695652173913,84.44444444444444,75.24752475247524,79.58115183246073
MNAR_m,None,AYWIEKR,15,47.368421052631575,66.3157894736842,62.37623762376238,64.28571428571428
MNAR_m,None,AYWIEKR,20,57.25806451612904,75.53191489361703,70.29702970297029,72.8205128205128
MNAR_m,None,AYWIEKR,25,48.818897637795274,70.45454545454545,61.386138613861384,65.60846560846561
MNAR_m,None,ATHKM6V,05,74.50980392156863,74.50980392156863,100.0,85.39325842696628
MNAR_m,None,ATHKM6V,10,66.66666666666666,66.66666666666666,100.0,80.0
MNAR_m,None,ATHKM6V,15,51.61290322580645,57.14285714285714,84.21052631578947,68.08510638297872
MNAR_m,None,ATHKM6V,20,40.909090909090914,49.09090909090909,71.05263157894737,58.06451612903225
MNAR_m,None,ATHKM6V,25,26.38888888888889,35.84905660377358,50.0,41.75824175824176
MNAR_m,None,AFPB8J2,05,68.30985915492957,68.79432624113475,98.9795918367347,81.17154811715481
MNAR_m,None,AFPB8J2,10,68.84057971014492,70.37037037037037,96.93877551020408,81.54506437768241
MNAR_m,None,AFPB8J2,15,60.78431372549019,62.83783783783784,94.89795918367348,75.60975609756098
MNAR_m,None,AFPB8J2,20,70.22900763358778,73.6,93.87755102040816,82.51121076233184
MNAR_m,None,AFPB8J2,25,69.3069306930693,95.8904109589041,71.42857142857143,81.87134502923976
MNAR_m,None,A0VFT1N,05,96.93877551020408,100.0,96.93877551020408,98.44559585492229
MNAR_m,None,A0VFT1N,10,85.0,97.70114942528735,86.73469387755102,91.89189189189189
MNAR_m,None,A0VFT1N,15,75.75757575757575,98.68421052631578,76.53061224489795,86.20689655172413
MNAR_m,None,A0VFT1N,20,64.70588235294117,94.28571428571428,67.3469387755102,78.57142857142857
MNAR_m,None,A0VFT1N,25,47.57281553398058,90.74074074074075,50.0,64.47368421052632
MNAR_m,None,AURCTAK,05,90.74074074074075,90.74074074074075,100.0,95.14563106796116
MNAR_m,None,AURCTAK,10,87.27272727272727,88.88888888888889,97.95918367346938,93.20388349514563
MNAR_m,None,AURCTAK,15,83.92857142857143,87.03703703703704,95.91836734693877,91.2621359223301
MNAR_m,None,AURCTAK,20,74.57627118644068,81.48148148148148,89.79591836734694,85.43689320388349
MNAR_m,None,AURCTAK,25,72.88135593220339,81.13207547169812,87.75510204081633,84.31372549019608
MNAR_m,None,A36HR6Y,05,10.526315789473683,16.666666666666664,22.22222222222222,19.04761904761905
MNAR_m,None,A36HR6Y,10,0.0,0.0,0.0,0.0
MNAR_m,None,A36HR6Y,15,0.0,0.0,0.0,0.0
MNAR_m,None,A36HR6Y,20,0.0,0.0,0.0,0.0
MNAR_m,None,A36HR6Y,25,0.0,0.0,0.0,0.0
MNAR_m,None,A4E0D03,05,65.15151515151516,82.6923076923077,75.43859649122807,78.89908256880734
MNAR_m,None,A4E0D03,10,59.72222222222222,74.13793103448276,75.43859649122807,74.78260869565219
MNAR_m,None,A4E0D03,15,46.835443037974684,62.71186440677966,64.91228070175438,63.793103448275865
MNAR_m,None,A4E0D03,20,37.5,56.60377358490566,52.63157894736842,54.545454545454554
MNAR_m,None,A4E0D03,25,23.684210526315788,48.64864864864865,31.57894736842105,38.297872340425535
MNAR_m,None,AJMQUVV,05,71.73913043478261,82.5,84.61538461538461,83.54430379746836
MNAR_m,None,AJMQUVV,10,45.54455445544555,66.66666666666666,58.97435897435898,62.585034013605444
MNAR_m,None,AJMQUVV,15,50.0,76.66666666666667,58.97435897435898,66.66666666666667
MNAR_m,None,AJMQUVV,20,47.863247863247864,58.94736842105262,71.7948717948718,64.73988439306359
MNAR_m,None,AJMQUVV,25,46.55172413793103,58.69565217391305,69.23076923076923,63.52941176470588
MNAR_m,None,A4G0044,05,91.56626506024097,96.20253164556962,95.0,95.59748427672956
MNAR_m,None,A4G0044,10,87.05882352941177,93.67088607594937,92.5,93.08176100628933
MNAR_m,None,A4G0044,15,73.62637362637363,85.8974358974359,83.75,84.81012658227847
MNAR_m,None,A4G0044,20,71.73913043478261,84.61538461538461,82.5,83.54430379746836
MNAR_m,None,A4G0044,25,62.88659793814433,78.2051282051282,76.25,77.21518987341773
MNAR_m,None,AIFDJZB,05,68.29268292682927,70.0,96.55172413793103,81.15942028985508
MNAR_m,None,AIFDJZB,10,50.0,54.347826086956516,86.20689655172413,66.66666666666666
MNAR_m,None,AIFDJZB,15,26.506024096385545,28.947368421052634,75.86206896551724,41.904761904761905
MNAR_m,None,AIFDJZB,20,24.675324675324674,28.35820895522388,65.51724137931035,39.583333333333336
MNAR_m,None,AIFDJZB,25,34.04255319148936,47.05882352941176,55.172413793103445,50.793650793650805
MNAR_m,None,AQC0L71,05,88.37209302325581,88.37209302325581,100.0,93.82716049382717
MNAR_m,None,AQC0L71,10,74.50980392156863,74.50980392156863,100.0,85.39325842696628
MNAR_m,None,AQC0L71,15,49.333333333333336,50.0,97.36842105263158,66.07142857142857
MNAR_m,None,AQC0L71,20,43.75,45.45454545454545,92.10526315789474,60.8695652173913
MNAR_m,None,AQC0L71,25,49.25373134328358,53.2258064516129,86.8421052631579,66.0
MNAR_m,None,A7EM0B6,05,48.4375,48.4375,100.0,65.26315789473685
MNAR_m,None,A7EM0B6,10,43.66197183098591,43.66197183098591,100.0,60.7843137254902
MNAR_m,None,A7EM0B6,15,42.465753424657535,42.465753424657535,100.0,59.61538461538461
MNAR_m,None,A7EM0B6,20,35.36585365853659,36.25,93.54838709677419,52.25225225225225
MNAR_m,None,A7EM0B6,25,30.952380952380953,32.91139240506329,83.87096774193549,47.272727272727266
MNAR_m,Mean,A1ZJ41O,05,71.83098591549296,71.83098591549296,100.0,83.60655737704919
MNAR_m,Mean,A1ZJ41O,10,50.0,50.0,100.0,66.66666666666666
MNAR_m,Mean,A1ZJ41O,15,51.0,51.0,100.0,67.54966887417218
MNAR_m,Mean,A1ZJ41O,20,56.666666666666664,56.666666666666664,100.0,72.34042553191489
MNAR_m,Mean,A1ZJ41O,25,57.30337078651685,57.30337078651685,100.0,72.85714285714285
MNAR_m,Mean,AKXN5ZZ,05,71.47435897435898,71.47435897435898,100.0,83.3644859813084
MNAR_m,Mean,AKXN5ZZ,10,78.36879432624113,78.92857142857143,99.10313901345292,87.8727634194831
MNAR_m,Mean,AKXN5ZZ,15,53.81679389312977,78.33333333333333,63.22869955156951,69.97518610421835
MNAR_m,Mean,AKXN5ZZ,20,42.471042471042466,75.34246575342466,49.327354260089685,59.62059620596206
MNAR_m,Mean,AKXN5ZZ,25,33.969465648854964,69.53125,39.91031390134529,50.71225071225071
MNAR_m,Mean,AAXAA7Z,05,90.0,94.73684210526315,94.73684210526315,94.73684210526315
MNAR_m,Mean,AAXAA7Z,10,90.0,94.73684210526315,94.73684210526315,94.73684210526315
MNAR_m,Mean,AAXAA7Z,15,90.0,94.73684210526315,94.73684210526315,94.73684210526315
MNAR_m,Mean,AAXAA7Z,20,90.0,94.73684210526315,94.73684210526315,94.73684210526315
MNAR_m,Mean,AAXAA7Z,25,90.0,94.73684210526315,94.73684210526315,94.73684210526315
MNAR_m,Mean,AA2KP1S,05,81.70731707317073,81.70731707317073,100.0,89.93288590604027
MNAR_m,Mean,AA2KP1S,10,75.64102564102564,84.28571428571429,88.05970149253731,86.13138686131387
MNAR_m,Mean,AA2KP1S,15,82.27848101265823,84.4155844155844,97.01492537313433,90.27777777777779
MNAR_m,Mean,AA2KP1S,20,83.75,83.75,100.0,91.15646258503402
MNAR_m,Mean,AA2KP1S,25,70.12987012987013,84.375,80.59701492537313,82.44274809160305
MNAR_m,Mean,APGIB2T,05,92.7710843373494,93.90243902439023,98.71794871794873,96.25
MNAR_m,Mean,APGIB2T,10,88.50574712643679,89.53488372093024,98.71794871794873,93.90243902439025
MNAR_m,Mean,APGIB2T,15,88.37209302325581,90.47619047619048,97.43589743589743,93.82716049382715
MNAR_m,Mean,APGIB2T,20,84.0909090909091,88.09523809523809,94.87179487179486,91.35802469135803
MNAR_m,Mean,APGIB2T,25,80.21978021978022,84.88372093023256,93.58974358974359,89.02439024390245
MNAR_m,Mean,AHYIJDV,05,63.63636363636363,87.5,70.0,77.77777777777777
MNAR_m,Mean,AHYIJDV,10,42.5,100.0,42.5,59.64912280701754
MNAR_m,Mean,AHYIJDV,15,19.148936170212767,56.25,22.5,32.14285714285714
MNAR_m,Mean,AHYIJDV,20,13.432835820895523,25.0,22.5,23.68421052631579
MNAR_m,Mean,AHYIJDV,25,12.676056338028168,22.5,22.5,22.5
MNAR_m,Mean,ASFODQR,05,96.3963963963964,98.1651376146789,98.1651376146789,98.1651376146789
MNAR_m,Mean,ASFODQR,10,94.64285714285714,97.24770642201835,97.24770642201835,97.24770642201835
MNAR_m,Mean,ASFODQR,15,88.69565217391305,94.44444444444444,93.57798165137615,94.00921658986177
MNAR_m,Mean,ASFODQR,20,90.17857142857143,97.11538461538461,92.66055045871559,94.83568075117371
MNAR_m,Mean,ASFODQR,25,87.71929824561403,95.23809523809523,91.74311926605505,93.45794392523365
MNAR_m,Mean,AUY8KYW,05,70.4225352112676,71.42857142857143,98.0392156862745,82.64462809917354
MNAR_m,Mean,AUY8KYW,10,45.83333333333333,61.111111111111114,64.70588235294117,62.85714285714287
MNAR_m,Mean,AUY8KYW,15,35.714285714285715,56.81818181818182,49.01960784313725,52.63157894736843
MNAR_m,Mean,AUY8KYW,20,26.47058823529412,51.42857142857142,35.294117647058826,41.860465116279066
MNAR_m,Mean,AUY8KYW,25,4.761904761904762,20.0,5.88235294117647,9.09090909090909
MNAR_m,Mean,A3OU183,05,61.261261261261254,61.261261261261254,100.0,75.97765363128491
MNAR_m,Mean,A3OU183,10,53.54330708661418,53.54330708661418,100.0,69.74358974358975
MNAR_m,Mean,A3OU183,15,53.125,53.125,100.0,69.38775510204081
MNAR_m,Mean,A3OU183,20,53.125,53.125,100.0,69.38775510204081
MNAR_m,Mean,A3OU183,25,51.93798449612403,52.34375,98.52941176470588,68.36734693877551
MNAR_m,Mean,AOYM4KG,05,37.19512195121951,37.19512195121951,100.0,54.222222222222214
MNAR_m,Mean,AOYM4KG,10,40.666666666666664,40.666666666666664,100.0,57.81990521327014
MNAR_m,Mean,AOYM4KG,15,40.397350993377486,40.397350993377486,100.0,57.54716981132076
MNAR_m,Mean,AOYM4KG,20,33.33333333333333,35.099337748344375,86.88524590163934,50.0
MNAR_m,Mean,AOYM4KG,25,31.05590062111801,33.33333333333333,81.9672131147541,47.393364928909946
MNAR_m,Mean,AV2GF3B,05,89.81481481481481,90.65420560747664,98.9795918367347,94.63414634146342
MNAR_m,Mean,AV2GF3B,10,84.40366972477065,89.32038834951457,93.87755102040816,91.54228855721394
MNAR_m,Mean,AV2GF3B,15,83.4862385321101,89.2156862745098,92.85714285714286,90.99999999999999
MNAR_m,Mean,AV2GF3B,20,77.67857142857143,86.13861386138613,88.77551020408163,87.43718592964824
MNAR_m,Mean,AV2GF3B,25,77.06422018348624,88.42105263157895,85.71428571428571,87.04663212435233
MNAR_m,Mean,A0NVTRV,05,41.66666666666667,62.5,55.55555555555556,58.82352941176471
MNAR_m,Mean,A0NVTRV,10,40.54054054054054,60.0,55.55555555555556,57.6923076923077
MNAR_m,Mean,A0NVTRV,15,38.46153846153847,55.55555555555556,55.55555555555556,55.55555555555556
MNAR_m,Mean,A0NVTRV,20,38.46153846153847,55.55555555555556,55.55555555555556,55.55555555555556
MNAR_m,Mean,A0NVTRV,25,38.46153846153847,55.55555555555556,55.55555555555556,55.55555555555556
MNAR_m,Mean,A1K5DRI,05,44.0,44.0,100.0,61.111111111111114
MNAR_m,Mean,A1K5DRI,10,44.0,44.0,100.0,61.111111111111114
MNAR_m,Mean,A1K5DRI,15,44.0,44.0,100.0,61.111111111111114
MNAR_m,Mean,A1K5DRI,20,44.0,44.0,100.0,61.111111111111114
MNAR_m,Mean,A1K5DRI,25,45.83333333333333,45.83333333333333,100.0,62.857142857142854
MNAR_m,Mean,AYEFCWQ,05,5.797101449275362,100.0,5.797101449275362,10.95890410958904
MNAR_m,Mean,AYEFCWQ,10,14.14141414141414,31.818181818181817,20.28985507246377,24.77876106194691
MNAR_m,Mean,AYEFCWQ,15,13.768115942028986,21.59090909090909,27.536231884057973,24.203821656050952
MNAR_m,Mean,AYEFCWQ,20,11.11111111111111,16.831683168316832,24.637681159420293,20.0
MNAR_m,Mean,AYEFCWQ,25,10.06711409395973,15.789473684210526,21.73913043478261,18.29268292682927
MNAR_m,Mean,AMV7EQF,05,96.55172413793103,98.24561403508771,98.24561403508771,98.24561403508771
MNAR_m,Mean,AMV7EQF,10,71.21212121212122,83.92857142857143,82.45614035087719,83.18584070796462
MNAR_m,Mean,AMV7EQF,15,64.28571428571429,77.58620689655173,78.94736842105263,78.2608695652174
MNAR_m,Mean,AMV7EQF,20,47.368421052631575,65.45454545454545,63.1578947368421,64.28571428571428
MNAR_m,Mean,AMV7EQF,25,30.120481927710845,49.01960784313725,43.859649122807014,46.2962962962963
MNAR_m,Mean,AZIK4ZA,05,47.01492537313433,47.01492537313433,100.0,63.95939086294417
MNAR_m,Mean,AZIK4ZA,10,49.48453608247423,58.536585365853654,76.19047619047619,66.20689655172413
MNAR_m,Mean,AZIK4ZA,15,30.833333333333336,39.361702127659576,58.730158730158735,47.13375796178344
MNAR_m,Mean,AZIK4ZA,20,22.62773722627737,29.523809523809526,49.2063492063492,36.904761904761905
MNAR_m,Mean,AZIK4ZA,25,10.79136690647482,16.483516483516482,23.809523809523807,19.480519480519483
MNAR_m,Mean,AJWW3IY,05,96.0,97.95918367346938,97.95918367346938,97.95918367346938
MNAR_m,Mean,AJWW3IY,10,93.42105263157895,96.5986394557823,96.5986394557823,96.5986394557823
MNAR_m,Mean,AJWW3IY,15,85.53459119496856,91.8918918918919,92.51700680272108,92.20338983050847
MNAR_m,Mean,AJWW3IY,20,80.98159509202453,89.1891891891892,89.79591836734694,89.49152542372882
MNAR_m,Mean,AJWW3IY,25,68.42105263157895,82.97872340425532,79.59183673469387,81.25
MNAR_m,Mean,AX6281V,05,70.58823529411765,70.58823529411765,100.0,82.75862068965517
MNAR_m,Mean,AX6281V,10,46.75324675324675,46.75324675324675,100.0,63.716814159292035
MNAR_m,Mean,AX6281V,15,41.66666666666667,42.168674698795186,97.22222222222221,58.82352941176471
MNAR_m,Mean,AX6281V,20,34.40860215053764,35.95505617977528,88.88888888888889,51.19999999999999
MNAR_m,Mean,AX6281V,25,35.55555555555556,37.2093023255814,88.88888888888889,52.45901639344262
MNAR_m,Mean,AYWIEKR,05,83.1858407079646,88.67924528301887,93.06930693069307,90.82125603864735
MNAR_m,Mean,AYWIEKR,10,73.21428571428571,88.17204301075269,81.1881188118812,84.5360824742268
MNAR_m,Mean,AYWIEKR,15,61.60714285714286,86.25,68.31683168316832,76.24309392265194
MNAR_m,Mean,AYWIEKR,20,47.107438016528924,74.02597402597402,56.43564356435643,64.04494382022472
MNAR_m,Mean,AYWIEKR,25,50.0,85.9375,54.45544554455446,66.66666666666666
MNAR_m,Mean,ATHKM6V,05,67.85714285714286,67.85714285714286,100.0,80.85106382978724
MNAR_m,Mean,ATHKM6V,10,64.40677966101694,64.40677966101694,100.0,78.35051546391752
MNAR_m,Mean,ATHKM6V,15,64.40677966101694,64.40677966101694,100.0,78.35051546391752
MNAR_m,Mean,ATHKM6V,20,64.40677966101694,64.40677966101694,100.0,78.35051546391752
MNAR_m,Mean,ATHKM6V,25,64.40677966101694,64.40677966101694,100.0,78.35051546391752
MNAR_m,Mean,AFPB8J2,05,56.00000000000001,56.00000000000001,100.0,71.7948717948718
MNAR_m,Mean,AFPB8J2,10,72.07207207207207,86.02150537634408,81.63265306122449,83.7696335078534
MNAR_m,Mean,AFPB8J2,15,0.8695652173913043,5.555555555555555,1.0204081632653061,1.7241379310344827
MNAR_m,Mean,AFPB8J2,20,0.0,0.0,0.0,0.0
MNAR_m,Mean,AFPB8J2,25,0.0,0.0,0.0,0.0
MNAR_m,Mean,A0VFT1N,05,92.85714285714286,100.0,92.85714285714286,96.2962962962963
MNAR_m,Mean,A0VFT1N,10,72.44897959183673,100.0,72.44897959183673,84.02366863905326
MNAR_m,Mean,A0VFT1N,15,61.224489795918366,100.0,61.224489795918366,75.9493670886076
MNAR_m,Mean,A0VFT1N,20,54.08163265306123,100.0,54.08163265306123,70.19867549668875
MNAR_m,Mean,A0VFT1N,25,35.53719008264463,65.15151515151516,43.87755102040816,52.439024390243894
MNAR_m,Mean,AURCTAK,05,90.74074074074075,90.74074074074075,100.0,95.14563106796116
MNAR_m,Mean,AURCTAK,10,90.74074074074075,90.74074074074075,100.0,95.14563106796116
MNAR_m,Mean,AURCTAK,15,90.74074074074075,90.74074074074075,100.0,95.14563106796116
MNAR_m,Mean,AURCTAK,20,80.7017543859649,85.18518518518519,93.87755102040816,89.32038834951457
MNAR_m,Mean,AURCTAK,25,80.7017543859649,85.18518518518519,93.87755102040816,89.32038834951457
MNAR_m,Mean,A36HR6Y,05,33.33333333333333,33.33333333333333,100.0,50.0
MNAR_m,Mean,A36HR6Y,10,18.0,18.0,100.0,30.508474576271187
MNAR_m,Mean,A36HR6Y,15,19.148936170212767,19.148936170212767,100.0,32.142857142857146
MNAR_m,Mean,A36HR6Y,20,18.421052631578945,19.444444444444446,77.77777777777779,31.11111111111111
MNAR_m,Mean,A36HR6Y,25,0.0,0.0,0.0,0.0
MNAR_m,Mean,A4E0D03,05,54.929577464788736,73.58490566037736,68.42105263157895,70.9090909090909
MNAR_m,Mean,A4E0D03,10,54.166666666666664,72.22222222222221,68.42105263157895,70.27027027027027
MNAR_m,Mean,A4E0D03,15,45.45454545454545,63.63636363636363,61.40350877192983,62.5
MNAR_m,Mean,A4E0D03,20,43.05555555555556,67.3913043478261,54.385964912280706,60.19417475728156
MNAR_m,Mean,A4E0D03,25,47.76119402985074,76.19047619047619,56.14035087719298,64.64646464646465
MNAR_m,Mean,AJMQUVV,05,63.716814159292035,67.28971962616822,92.3076923076923,77.83783783783782
MNAR_m,Mean,AJMQUVV,10,60.0,70.0,80.76923076923077,75.0
MNAR_m,Mean,AJMQUVV,15,45.45454545454545,60.97560975609756,64.1025641025641,62.5
MNAR_m,Mean,AJMQUVV,20,43.58974358974359,56.666666666666664,65.38461538461539,60.71428571428571
MNAR_m,Mean,AJMQUVV,25,41.32231404958678,53.76344086021505,64.1025641025641,58.4795321637427
MNAR_m,Mean,A4G0044,05,95.1219512195122,97.5,97.5,97.5
MNAR_m,Mean,A4G0044,10,92.7710843373494,96.25,96.25,96.25000000000001
MNAR_m,Mean,A4G0044,15,88.23529411764706,93.75,93.75,93.75
MNAR_m,Mean,A4G0044,20,81.81818181818183,90.0,90.0,90.0
MNAR_m,Mean,A4G0044,25,77.77777777777779,87.5,87.5,87.5
MNAR_m,Mean,AIFDJZB,05,34.11764705882353,34.11764705882353,100.0,50.87719298245613
MNAR_m,Mean,AIFDJZB,10,40.27777777777778,40.27777777777778,100.0,57.425742574257434
MNAR_m,Mean,AIFDJZB,15,61.702127659574465,61.702127659574465,100.0,76.3157894736842
MNAR_m,Mean,AIFDJZB,20,57.14285714285714,76.92307692307693,68.96551724137932,72.72727272727273
MNAR_m,Mean,AIFDJZB,25,0.0,0.0,0.0,0.0
MNAR_m,Mean,AQC0L71,05,90.47619047619048,90.47619047619048,100.0,95.0
MNAR_m,Mean,AQC0L71,10,90.47619047619048,90.47619047619048,100.0,95.0
MNAR_m,Mean,AQC0L71,15,86.36363636363636,86.36363636363636,100.0,92.68292682926828
MNAR_m,Mean,AQC0L71,20,82.6086956521739,82.6086956521739,100.0,90.47619047619047
MNAR_m,Mean,AQC0L71,25,56.71641791044776,56.71641791044776,100.0,72.38095238095238
MNAR_m,Mean,A7EM0B6,05,31.958762886597935,31.958762886597935,100.0,48.43749999999999
MNAR_m,Mean,A7EM0B6,10,30.693069306930692,30.693069306930692,100.0,46.96969696969697
MNAR_m,Mean,A7EM0B6,15,40.78947368421053,40.78947368421053,100.0,57.943925233644855
MNAR_m,Mean,A7EM0B6,20,38.2716049382716,38.2716049382716,100.0,55.35714285714286
MNAR_m,Mean,A7EM0B6,25,27.192982456140353,27.192982456140353,100.0,42.758620689655174
MNAR_m,LR,A1ZJ41O,05,94.33962264150944,96.15384615384616,98.0392156862745,97.0873786407767
MNAR_m,LR,A1ZJ41O,10,89.47368421052632,89.47368421052632,100.0,94.44444444444444
MNAR_m,LR,A1ZJ41O,15,69.86301369863014,69.86301369863014,100.0,82.25806451612902
MNAR_m,LR,A1ZJ41O,20,56.666666666666664,56.666666666666664,100.0,72.34042553191489
MNAR_m,LR,A1ZJ41O,25,52.04081632653062,52.04081632653062,100.0,68.45637583892618
MNAR_m,LR,AKXN5ZZ,05,81.98529411764706,81.98529411764706,100.0,90.1010101010101
MNAR_m,LR,AKXN5ZZ,10,74.33333333333333,74.33333333333333,100.0,85.27724665391969
MNAR_m,LR,AKXN5ZZ,15,70.7936507936508,70.7936507936508,100.0,82.8996282527881
MNAR_m,LR,AKXN5ZZ,20,70.34700315457413,70.34700315457413,100.0,82.59259259259258
MNAR_m,LR,AKXN5ZZ,25,69.90595611285266,69.90595611285266,100.0,82.28782287822878
MNAR_m,LR,AAXAA7Z,05,94.87179487179486,97.36842105263158,97.36842105263158,97.36842105263158
MNAR_m,LR,AAXAA7Z,10,91.59663865546219,95.6140350877193,95.6140350877193,95.6140350877193
MNAR_m,LR,AAXAA7Z,15,90.0,94.73684210526315,94.73684210526315,94.73684210526315
MNAR_m,LR,AAXAA7Z,20,90.0,94.73684210526315,94.73684210526315,94.73684210526315
MNAR_m,LR,AAXAA7Z,25,90.0,94.73684210526315,94.73684210526315,94.73684210526315
MNAR_m,LR,AA2KP1S,05,86.66666666666667,89.04109589041096,97.01492537313433,92.85714285714288
MNAR_m,LR,AA2KP1S,10,80.72289156626506,80.72289156626506,100.0,89.33333333333333
MNAR_m,LR,AA2KP1S,15,78.82352941176471,78.82352941176471,100.0,88.15789473684211
MNAR_m,LR,AA2KP1S,20,77.01149425287356,77.01149425287356,100.0,87.01298701298703
MNAR_m,LR,AA2KP1S,25,79.76190476190477,79.76190476190477,100.0,88.74172185430463
MNAR_m,LR,APGIB2T,05,90.58823529411765,91.66666666666666,98.71794871794873,95.06172839506173
MNAR_m,LR,APGIB2T,10,88.50574712643679,89.53488372093024,98.71794871794873,93.90243902439025
MNAR_m,LR,APGIB2T,15,88.50574712643679,89.53488372093024,98.71794871794873,93.90243902439025
MNAR_m,LR,APGIB2T,20,88.50574712643679,89.53488372093024,98.71794871794873,93.90243902439025
MNAR_m,LR,APGIB2T,25,88.50574712643679,89.53488372093024,98.71794871794873,93.90243902439025
MNAR_m,LR,AHYIJDV,05,84.44444444444444,88.37209302325581,95.0,91.56626506024097
MNAR_m,LR,AHYIJDV,10,76.59574468085107,83.72093023255815,90.0,86.74698795180723
MNAR_m,LR,AHYIJDV,15,67.3913043478261,83.78378378378379,77.5,80.51948051948051
MNAR_m,LR,AHYIJDV,20,54.71698113207547,69.04761904761905,72.5,70.73170731707317
MNAR_m,LR,AHYIJDV,25,29.310344827586203,48.57142857142857,42.5,45.333333333333336
MNAR_m,LR,ASFODQR,05,100.0,100.0,100.0,100.0
MNAR_m,LR,ASFODQR,10,100.0,100.0,100.0,100.0
MNAR_m,LR,ASFODQR,15,100.0,100.0,100.0,100.0
MNAR_m,LR,ASFODQR,20,96.3963963963964,98.1651376146789,98.1651376146789,98.1651376146789
MNAR_m,LR,ASFODQR,25,96.3963963963964,98.1651376146789,98.1651376146789,98.1651376146789
MNAR_m,LR,AUY8KYW,05,85.96491228070175,89.0909090909091,96.07843137254902,92.45283018867924
MNAR_m,LR,AUY8KYW,10,73.01587301587301,79.3103448275862,90.19607843137256,84.40366972477065
MNAR_m,LR,AUY8KYW,15,63.51351351351351,67.14285714285714,92.15686274509804,77.68595041322314
MNAR_m,LR,AUY8KYW,20,63.51351351351351,67.14285714285714,92.15686274509804,77.68595041322314
MNAR_m,LR,AUY8KYW,25,59.210526315789465,64.28571428571429,88.23529411764706,74.38016528925621
MNAR_m,LR,A3OU183,05,80.95238095238095,80.95238095238095,100.0,89.47368421052632
MNAR_m,LR,A3OU183,10,68.68686868686868,68.68686868686868,100.0,81.437125748503
MNAR_m,LR,A3OU183,15,62.38532110091744,62.38532110091744,100.0,76.8361581920904
MNAR_m,LR,A3OU183,20,60.71428571428571,60.71428571428571,100.0,75.55555555555554
MNAR_m,LR,A3OU183,25,61.81818181818181,61.81818181818181,100.0,76.40449438202246
MNAR_m,LR,AOYM4KG,05,57.009345794392516,57.009345794392516,100.0,72.61904761904762
MNAR_m,LR,AOYM4KG,10,43.262411347517734,43.262411347517734,100.0,60.396039603960396
MNAR_m,LR,AOYM4KG,15,39.35483870967742,39.35483870967742,100.0,56.481481481481474
MNAR_m,LR,AOYM4KG,20,40.0,40.845070422535215,95.08196721311475,57.14285714285714
MNAR_m,LR,AOYM4KG,25,34.177215189873415,35.76158940397351,88.52459016393442,50.943396226415096
MNAR_m,LR,AV2GF3B,05,87.5,87.5,100.0,93.33333333333333
MNAR_m,LR,AV2GF3B,10,82.90598290598291,83.62068965517241,98.9795918367347,90.65420560747663
MNAR_m,LR,AV2GF3B,15,80.83333333333333,81.5126050420168,98.9795918367347,89.40092165898618
MNAR_m,LR,AV2GF3B,20,79.33884297520662,80.67226890756302,97.95918367346938,88.47926267281106
MNAR_m,LR,AV2GF3B,25,79.33884297520662,80.67226890756302,97.95918367346938,88.47926267281106
MNAR_m,LR,A0NVTRV,05,44.11764705882353,68.18181818181817,55.55555555555556,61.22448979591836
MNAR_m,LR,A0NVTRV,10,43.47826086956522,66.66666666666666,55.55555555555556,60.606060606060595
MNAR_m,LR,A0NVTRV,15,42.25352112676056,63.829787234042556,55.55555555555556,59.4059405940594
MNAR_m,LR,A0NVTRV,20,43.47826086956522,66.66666666666666,55.55555555555556,60.606060606060595
MNAR_m,LR,A0NVTRV,25,42.25352112676056,63.829787234042556,55.55555555555556,59.4059405940594
MNAR_m,LR,A1K5DRI,05,55.00000000000001,55.00000000000001,100.0,70.96774193548387
MNAR_m,LR,A1K5DRI,10,46.808510638297875,46.808510638297875,100.0,63.76811594202899
MNAR_m,LR,A1K5DRI,15,44.0,44.0,100.0,61.111111111111114
MNAR_m,LR,A1K5DRI,20,44.0,44.0,100.0,61.111111111111114
MNAR_m,LR,A1K5DRI,25,44.0,44.0,100.0,61.111111111111114
MNAR_m,LR,AYEFCWQ,05,27.536231884057973,100.0,27.536231884057973,43.18181818181819
MNAR_m,LR,AYEFCWQ,10,0.0,0.0,0.0,0.0
MNAR_m,LR,AYEFCWQ,15,0.0,0.0,0.0,0.0
MNAR_m,LR,AYEFCWQ,20,0.0,0.0,0.0,0.0
MNAR_m,LR,AYEFCWQ,25,0.0,0.0,0.0,0.0
MNAR_m,LR,AMV7EQF,05,98.27586206896551,98.27586206896551,100.0,99.13043478260869
MNAR_m,LR,AMV7EQF,10,93.22033898305084,96.49122807017544,96.49122807017544,96.49122807017544
MNAR_m,LR,AMV7EQF,15,93.22033898305084,96.49122807017544,96.49122807017544,96.49122807017544
MNAR_m,LR,AMV7EQF,20,86.88524590163934,92.98245614035088,92.98245614035088,92.98245614035088
MNAR_m,LR,AMV7EQF,25,78.125,87.71929824561403,87.71929824561403,87.71929824561403
MNAR_m,LR,AZIK4ZA,05,86.3013698630137,86.3013698630137,100.0,92.64705882352942
MNAR_m,LR,AZIK4ZA,10,84.0,84.0,100.0,91.30434782608697
MNAR_m,LR,AZIK4ZA,15,82.89473684210526,82.89473684210526,100.0,90.64748201438849
MNAR_m,LR,AZIK4ZA,20,80.76923076923077,80.76923076923077,100.0,89.36170212765957
MNAR_m,LR,AZIK4ZA,25,81.81818181818183,81.81818181818183,100.0,90.0
MNAR_m,LR,AJWW3IY,05,96.66666666666667,97.97297297297297,98.63945578231292,98.3050847457627
MNAR_m,LR,AJWW3IY,10,96.0,97.95918367346938,97.95918367346938,97.95918367346938
MNAR_m,LR,AJWW3IY,15,94.70198675496688,97.27891156462584,97.27891156462584,97.27891156462584
MNAR_m,LR,AJWW3IY,20,94.70198675496688,97.27891156462584,97.27891156462584,97.27891156462584
MNAR_m,LR,AJWW3IY,25,94.70198675496688,97.27891156462584,97.27891156462584,97.27891156462584
MNAR_m,LR,AX6281V,05,88.60759493670885,90.9090909090909,97.22222222222221,93.95973154362416
MNAR_m,LR,AX6281V,10,85.54216867469879,86.58536585365853,98.61111111111111,92.20779220779221
MNAR_m,LR,AX6281V,15,78.4090909090909,81.17647058823529,95.83333333333334,87.89808917197452
MNAR_m,LR,AX6281V,20,73.62637362637363,77.90697674418605,93.05555555555556,84.81012658227847
MNAR_m,LR,AX6281V,25,69.14893617021278,74.71264367816092,90.27777777777779,81.76100628930817
MNAR_m,LR,AYWIEKR,05,96.11650485436894,98.01980198019803,98.01980198019803,98.01980198019803
MNAR_m,LR,AYWIEKR,10,97.02970297029702,100.0,97.02970297029702,98.49246231155779
MNAR_m,LR,AYWIEKR,15,93.13725490196079,98.95833333333334,94.05940594059405,96.4467005076142
MNAR_m,LR,AYWIEKR,20,84.25925925925925,92.85714285714286,90.0990099009901,91.4572864321608
MNAR_m,LR,AYWIEKR,25,85.84905660377359,94.79166666666666,90.0990099009901,92.38578680203045
MNAR_m,LR,ATHKM6V,05,66.66666666666666,66.66666666666666,100.0,80.0
MNAR_m,LR,ATHKM6V,10,64.40677966101694,64.40677966101694,100.0,78.35051546391752
MNAR_m,LR,ATHKM6V,15,64.40677966101694,64.40677966101694,100.0,78.35051546391752
MNAR_m,LR,ATHKM6V,20,64.40677966101694,64.40677966101694,100.0,78.35051546391752
MNAR_m,LR,ATHKM6V,25,64.40677966101694,64.40677966101694,100.0,78.35051546391752
MNAR_m,LR,AFPB8J2,05,89.81481481481481,90.65420560747664,98.9795918367347,94.63414634146342
MNAR_m,LR,AFPB8J2,10,68.05555555555556,68.05555555555556,100.0,80.99173553719008
MNAR_m,LR,AFPB8J2,15,66.21621621621621,66.21621621621621,100.0,79.67479674796748
MNAR_m,LR,AFPB8J2,20,64.47368421052632,64.47368421052632,100.0,78.39999999999999
MNAR_m,LR,AFPB8J2,25,62.0253164556962,62.0253164556962,100.0,76.5625
MNAR_m,LR,A0VFT1N,05,98.0,98.0,100.0,98.98989898989899
MNAR_m,LR,A0VFT1N,10,98.0,98.0,100.0,98.98989898989899
MNAR_m,LR,A0VFT1N,15,97.02970297029702,97.02970297029702,100.0,98.49246231155779
MNAR_m,LR,A0VFT1N,20,97.02970297029702,97.02970297029702,100.0,98.49246231155779
MNAR_m,LR,A0VFT1N,25,98.0,98.0,100.0,98.98989898989899
MNAR_m,LR,AURCTAK,05,90.74074074074075,90.74074074074075,100.0,95.14563106796116
MNAR_m,LR,AURCTAK,10,90.74074074074075,90.74074074074075,100.0,95.14563106796116
MNAR_m,LR,AURCTAK,15,90.74074074074075,90.74074074074075,100.0,95.14563106796116
MNAR_m,LR,AURCTAK,20,90.74074074074075,90.74074074074075,100.0,95.14563106796116
MNAR_m,LR,AURCTAK,25,87.27272727272727,88.88888888888889,97.95918367346938,93.20388349514563
MNAR_m,LR,A36HR6Y,05,42.857142857142854,42.857142857142854,100.0,60.0
MNAR_m,LR,A36HR6Y,10,40.909090909090914,40.909090909090914,100.0,58.06451612903226
MNAR_m,LR,A36HR6Y,15,36.0,36.0,100.0,52.94117647058824
MNAR_m,LR,A36HR6Y,20,33.33333333333333,33.33333333333333,100.0,50.0
MNAR_m,LR,A36HR6Y,25,29.03225806451613,29.03225806451613,100.0,45.00000000000001
MNAR_m,LR,A4E0D03,05,88.13559322033898,96.29629629629629,91.22807017543859,93.69369369369369
MNAR_m,LR,A4E0D03,10,81.9672131147541,92.5925925925926,87.71929824561403,90.09009009009009
MNAR_m,LR,A4E0D03,15,75.80645161290323,90.38461538461539,82.45614035087719,86.23853211009175
MNAR_m,LR,A4E0D03,20,71.42857142857143,88.23529411764706,78.94736842105263,83.33333333333333
MNAR_m,LR,A4E0D03,25,71.42857142857143,88.23529411764706,78.94736842105263,83.33333333333333
MNAR_m,LR,AJMQUVV,05,90.47619047619048,92.6829268292683,97.43589743589743,95.0
MNAR_m,LR,AJMQUVV,10,90.58823529411765,91.66666666666666,98.71794871794873,95.06172839506173
MNAR_m,LR,AJMQUVV,15,73.46938775510205,78.26086956521739,92.3076923076923,84.70588235294117
MNAR_m,LR,AJMQUVV,20,71.28712871287128,75.78947368421053,92.3076923076923,83.2369942196532
MNAR_m,LR,AJMQUVV,25,66.98113207547169,71.71717171717171,91.02564102564102,80.22598870056498
MNAR_m,LR,A4G0044,05,95.1219512195122,97.5,97.5,97.5
MNAR_m,LR,A4G0044,10,95.1219512195122,97.5,97.5,97.5
MNAR_m,LR,A4G0044,15,95.1219512195122,97.5,97.5,97.5
MNAR_m,LR,A4G0044,20,88.23529411764706,93.75,93.75,93.75
MNAR_m,LR,A4G0044,25,81.81818181818183,90.0,90.0,90.0
MNAR_m,LR,AIFDJZB,05,80.55555555555556,80.55555555555556,100.0,89.23076923076924
MNAR_m,LR,AIFDJZB,10,76.31578947368422,76.31578947368422,100.0,86.56716417910448
MNAR_m,LR,AIFDJZB,15,61.702127659574465,61.702127659574465,100.0,76.3157894736842
MNAR_m,LR,AIFDJZB,20,51.78571428571429,51.78571428571429,100.0,68.23529411764707
MNAR_m,LR,AIFDJZB,25,42.64705882352941,42.64705882352941,100.0,59.79381443298969
MNAR_m,LR,AQC0L71,05,90.47619047619048,90.47619047619048,100.0,95.0
MNAR_m,LR,AQC0L71,10,88.37209302325581,88.37209302325581,100.0,93.82716049382717
MNAR_m,LR,AQC0L71,15,86.36363636363636,86.36363636363636,100.0,92.68292682926828
MNAR_m,LR,AQC0L71,20,77.55102040816327,77.55102040816327,100.0,87.35632183908045
MNAR_m,LR,AQC0L71,25,46.913580246913575,46.913580246913575,100.0,63.8655462184874
MNAR_m,LR,A7EM0B6,05,79.48717948717949,79.48717948717949,100.0,88.57142857142858
MNAR_m,LR,A7EM0B6,10,72.09302325581395,72.09302325581395,100.0,83.78378378378379
MNAR_m,LR,A7EM0B6,15,63.26530612244898,63.26530612244898,100.0,77.5
MNAR_m,LR,A7EM0B6,20,52.54237288135594,52.54237288135594,100.0,68.8888888888889
MNAR_m,LR,A7EM0B6,25,50.0,50.0,100.0,66.66666666666666
MNAR_m,HT,A1ZJ41O,05,94.33962264150944,96.15384615384616,98.0392156862745,97.0873786407767
MNAR_m,HT,A1ZJ41O,10,87.93103448275862,87.93103448275862,100.0,93.57798165137613
MNAR_m,HT,A1ZJ41O,15,73.91304347826086,73.91304347826086,100.0,85.0
MNAR_m,HT,A1ZJ41O,20,56.043956043956044,56.043956043956044,100.0,71.83098591549296
MNAR_m,HT,A1ZJ41O,25,54.83870967741935,54.83870967741935,100.0,70.83333333333333
MNAR_m,HT,AKXN5ZZ,05,86.43410852713178,86.43410852713178,100.0,92.72349272349271
MNAR_m,HT,AKXN5ZZ,10,75.85034013605441,75.85034013605441,100.0,86.26692456479691
MNAR_m,HT,AKXN5ZZ,15,70.34700315457413,70.34700315457413,100.0,82.59259259259258
MNAR_m,HT,AKXN5ZZ,20,73.84105960264901,73.84105960264901,100.0,84.95238095238096
MNAR_m,HT,AKXN5ZZ,25,73.5973597359736,73.5973597359736,100.0,84.79087452471484
MNAR_m,HT,AAXAA7Z,05,90.0,94.73684210526315,94.73684210526315,94.73684210526315
MNAR_m,HT,AAXAA7Z,10,90.83333333333333,94.78260869565217,95.6140350877193,95.19650655021834
MNAR_m,HT,AAXAA7Z,15,90.0,94.73684210526315,94.73684210526315,94.73684210526315
MNAR_m,HT,AAXAA7Z,20,92.43697478991596,95.65217391304348,96.49122807017544,96.06986899563317
MNAR_m,HT,AAXAA7Z,25,90.0,94.73684210526315,94.73684210526315,94.73684210526315
MNAR_m,HT,AA2KP1S,05,82.71604938271605,82.71604938271605,100.0,90.54054054054053
MNAR_m,HT,AA2KP1S,10,80.72289156626506,80.72289156626506,100.0,89.33333333333333
MNAR_m,HT,AA2KP1S,15,80.72289156626506,80.72289156626506,100.0,89.33333333333333
MNAR_m,HT,AA2KP1S,20,76.5432098765432,81.57894736842105,92.53731343283582,86.7132867132867
MNAR_m,HT,AA2KP1S,25,78.82352941176471,78.82352941176471,100.0,88.15789473684211
MNAR_m,HT,APGIB2T,05,91.66666666666666,92.7710843373494,98.71794871794873,95.65217391304347
MNAR_m,HT,APGIB2T,10,88.50574712643679,89.53488372093024,98.71794871794873,93.90243902439025
MNAR_m,HT,APGIB2T,15,88.50574712643679,89.53488372093024,98.71794871794873,93.90243902439025
MNAR_m,HT,APGIB2T,20,88.50574712643679,89.53488372093024,98.71794871794873,93.90243902439025
MNAR_m,HT,APGIB2T,25,86.36363636363636,88.37209302325581,97.43589743589743,92.68292682926831
MNAR_m,HT,AHYIJDV,05,82.22222222222221,88.09523809523809,92.5,90.2439024390244
MNAR_m,HT,AHYIJDV,10,76.08695652173914,85.36585365853658,87.5,86.41975308641976
MNAR_m,HT,AHYIJDV,15,52.17391304347826,80.0,60.0,68.57142857142857
MNAR_m,HT,AHYIJDV,20,55.55555555555556,68.18181818181817,75.0,71.42857142857143
MNAR_m,HT,AHYIJDV,25,35.18518518518518,57.57575757575758,47.5,52.054794520547944
MNAR_m,HT,ASFODQR,05,100.0,100.0,100.0,100.0
MNAR_m,HT,ASFODQR,10,100.0,100.0,100.0,100.0
MNAR_m,HT,ASFODQR,15,100.0,100.0,100.0,100.0
MNAR_m,HT,ASFODQR,20,98.18181818181819,99.08256880733946,99.08256880733946,99.08256880733946
MNAR_m,HT,ASFODQR,25,96.3963963963964,98.1651376146789,98.1651376146789,98.1651376146789
MNAR_m,HT,AUY8KYW,05,80.95238095238095,80.95238095238095,100.0,89.47368421052632
MNAR_m,HT,AUY8KYW,10,70.4225352112676,71.42857142857143,98.0392156862745,82.64462809917354
MNAR_m,HT,AUY8KYW,15,63.51351351351351,67.14285714285714,92.15686274509804,77.68595041322314
MNAR_m,HT,AUY8KYW,20,70.4225352112676,71.42857142857143,98.0392156862745,82.64462809917354
MNAR_m,HT,AUY8KYW,25,72.46376811594203,73.52941176470588,98.0392156862745,84.03361344537814
MNAR_m,HT,A3OU183,05,80.0,80.0,100.0,88.8888888888889
MNAR_m,HT,A3OU183,10,66.01941747572816,66.01941747572816,100.0,79.53216374269006
MNAR_m,HT,A3OU183,15,62.38532110091744,62.38532110091744,100.0,76.8361581920904
MNAR_m,HT,A3OU183,20,61.261261261261254,61.261261261261254,100.0,75.97765363128491
MNAR_m,HT,A3OU183,25,57.6271186440678,57.6271186440678,100.0,73.11827956989248
MNAR_m,HT,AOYM4KG,05,69.31818181818183,69.31818181818183,100.0,81.87919463087248
MNAR_m,HT,AOYM4KG,10,57.54716981132076,57.54716981132076,100.0,73.05389221556887
MNAR_m,HT,AOYM4KG,15,47.286821705426355,47.286821705426355,100.0,64.21052631578948
MNAR_m,HT,AOYM4KG,20,41.13475177304964,42.028985507246375,95.08196721311475,58.291457286432156
MNAR_m,HT,AOYM4KG,25,37.16216216216216,38.732394366197184,90.1639344262295,54.187192118226605
MNAR_m,HT,AV2GF3B,05,89.0909090909091,89.0909090909091,100.0,94.23076923076923
MNAR_m,HT,AV2GF3B,10,84.34782608695653,85.08771929824562,98.9795918367347,91.50943396226417
MNAR_m,HT,AV2GF3B,15,78.33333333333333,81.03448275862068,95.91836734693877,87.85046728971962
MNAR_m,HT,AV2GF3B,20,69.04761904761905,75.65217391304347,88.77551020408163,81.69014084507043
MNAR_m,HT,AV2GF3B,25,57.2463768115942,66.38655462184873,80.61224489795919,72.8110599078341
MNAR_m,HT,A0NVTRV,05,44.11764705882353,68.18181818181817,55.55555555555556,61.22448979591836
MNAR_m,HT,A0NVTRV,10,44.776119402985074,69.76744186046511,55.55555555555556,61.85567010309278
MNAR_m,HT,A0NVTRV,15,42.857142857142854,65.21739130434783,55.55555555555556,60.0
MNAR_m,HT,A0NVTRV,20,43.47826086956522,66.66666666666666,55.55555555555556,60.606060606060595
MNAR_m,HT,A0NVTRV,25,44.776119402985074,69.76744186046511,55.55555555555556,61.85567010309278
MNAR_m,HT,A1K5DRI,05,49.43820224719101,49.43820224719101,100.0,66.1654135338346
MNAR_m,HT,A1K5DRI,10,46.31578947368421,46.31578947368421,100.0,63.30935251798561
MNAR_m,HT,A1K5DRI,15,45.36082474226804,45.36082474226804,100.0,62.4113475177305
MNAR_m,HT,A1K5DRI,20,44.0,44.0,100.0,61.111111111111114
MNAR_m,HT,A1K5DRI,25,44.0,44.0,100.0,61.111111111111114
MNAR_m,HT,AYEFCWQ,05,43.47826086956522,100.0,43.47826086956522,60.60606060606061
MNAR_m,HT,AYEFCWQ,10,21.73913043478261,100.0,21.73913043478261,35.71428571428571
MNAR_m,HT,AYEFCWQ,15,22.535211267605636,88.88888888888889,23.18840579710145,36.781609195402304
MNAR_m,HT,AYEFCWQ,20,1.3157894736842104,12.5,1.4492753623188406,2.5974025974025974
MNAR_m,HT,AYEFCWQ,25,2.912621359223301,8.108108108108109,4.3478260869565215,5.660377358490567
MNAR_m,HT,AMV7EQF,05,96.55172413793103,98.24561403508771,98.24561403508771,98.24561403508771
MNAR_m,HT,AMV7EQF,10,93.22033898305084,96.49122807017544,96.49122807017544,96.49122807017544
MNAR_m,HT,AMV7EQF,15,90.0,94.73684210526315,94.73684210526315,94.73684210526315
MNAR_m,HT,AMV7EQF,20,83.87096774193549,91.22807017543859,91.22807017543859,91.22807017543859
MNAR_m,HT,AMV7EQF,25,74.24242424242425,84.48275862068965,85.96491228070175,85.21739130434783
MNAR_m,HT,AZIK4ZA,05,91.30434782608695,91.30434782608695,100.0,95.45454545454545
MNAR_m,HT,AZIK4ZA,10,88.73239436619718,88.73239436619718,100.0,94.02985074626865
MNAR_m,HT,AZIK4ZA,15,81.57894736842105,82.66666666666667,98.4126984126984,89.85507246376811
MNAR_m,HT,AZIK4ZA,20,74.11764705882354,74.11764705882354,100.0,85.13513513513514
MNAR_m,HT,AZIK4ZA,25,58.87850467289719,58.87850467289719,100.0,74.11764705882352
MNAR_m,HT,AJWW3IY,05,97.31543624161074,98.63945578231292,98.63945578231292,98.63945578231292
MNAR_m,HT,AJWW3IY,10,96.0,97.95918367346938,97.95918367346938,97.95918367346938
MNAR_m,HT,AJWW3IY,15,94.70198675496688,97.27891156462584,97.27891156462584,97.27891156462584
MNAR_m,HT,AJWW3IY,20,94.70198675496688,97.27891156462584,97.27891156462584,97.27891156462584
MNAR_m,HT,AJWW3IY,25,96.0,97.95918367346938,97.95918367346938,97.95918367346938
MNAR_m,HT,AX6281V,05,87.34177215189874,90.78947368421053,95.83333333333334,93.24324324324324
MNAR_m,HT,AX6281V,10,76.59574468085107,76.59574468085107,100.0,86.74698795180723
MNAR_m,HT,AX6281V,15,73.46938775510205,73.46938775510205,100.0,84.70588235294119
MNAR_m,HT,AX6281V,20,74.22680412371135,74.22680412371135,100.0,85.20710059171599
MNAR_m,HT,AX6281V,25,72.22222222222221,78.3132530120482,90.27777777777779,83.8709677419355
MNAR_m,HT,AYWIEKR,05,96.11650485436894,98.01980198019803,98.01980198019803,98.01980198019803
MNAR_m,HT,AYWIEKR,10,95.09803921568627,98.9795918367347,96.03960396039604,97.48743718592964
MNAR_m,HT,AYWIEKR,15,93.06930693069307,100.0,93.06930693069307,96.41025641025642
MNAR_m,HT,AYWIEKR,20,87.5,96.80851063829788,90.0990099009901,93.33333333333334
MNAR_m,HT,AYWIEKR,25,83.33333333333334,98.83720930232558,84.15841584158416,90.90909090909092
MNAR_m,HT,ATHKM6V,05,71.69811320754717,71.69811320754717,100.0,83.51648351648352
MNAR_m,HT,ATHKM6V,10,65.51724137931035,65.51724137931035,100.0,79.16666666666666
MNAR_m,HT,ATHKM6V,15,64.40677966101694,64.40677966101694,100.0,78.35051546391752
MNAR_m,HT,ATHKM6V,20,64.40677966101694,64.40677966101694,100.0,78.35051546391752
MNAR_m,HT,ATHKM6V,25,64.40677966101694,64.40677966101694,100.0,78.35051546391752
MNAR_m,HT,AFPB8J2,05,89.90825688073394,89.90825688073394,100.0,94.68599033816426
MNAR_m,HT,AFPB8J2,10,70.0,70.0,100.0,82.35294117647058
MNAR_m,HT,AFPB8J2,15,67.12328767123287,67.12328767123287,100.0,80.32786885245902
MNAR_m,HT,AFPB8J2,20,71.01449275362319,71.01449275362319,100.0,83.05084745762711
MNAR_m,HT,AFPB8J2,25,62.42038216560509,62.42038216560509,100.0,76.86274509803923
MNAR_m,HT,A0VFT1N,05,98.0,98.0,100.0,98.98989898989899
MNAR_m,HT,A0VFT1N,10,98.0,98.0,100.0,98.98989898989899
MNAR_m,HT,A0VFT1N,15,98.0,98.0,100.0,98.98989898989899
MNAR_m,HT,A0VFT1N,20,98.0,98.0,100.0,98.98989898989899
MNAR_m,HT,A0VFT1N,25,98.0,98.0,100.0,98.98989898989899
MNAR_m,HT,AURCTAK,05,90.74074074074075,90.74074074074075,100.0,95.14563106796116
MNAR_m,HT,AURCTAK,10,90.74074074074075,90.74074074074075,100.0,95.14563106796116
MNAR_m,HT,AURCTAK,15,90.74074074074075,90.74074074074075,100.0,95.14563106796116
MNAR_m,HT,AURCTAK,20,90.74074074074075,90.74074074074075,100.0,95.14563106796116
MNAR_m,HT,AURCTAK,25,87.27272727272727,88.88888888888889,97.95918367346938,93.20388349514563
MNAR_m,HT,A36HR6Y,05,39.130434782608695,39.130434782608695,100.0,56.25
MNAR_m,HT,A36HR6Y,10,33.33333333333333,33.33333333333333,100.0,50.0
MNAR_m,HT,A36HR6Y,15,33.33333333333333,33.33333333333333,100.0,50.0
MNAR_m,HT,A36HR6Y,20,27.27272727272727,27.27272727272727,100.0,42.857142857142854
MNAR_m,HT,A36HR6Y,25,18.75,18.75,100.0,31.57894736842105
MNAR_m,HT,A4E0D03,05,89.83050847457628,96.36363636363636,92.98245614035088,94.64285714285715
MNAR_m,HT,A4E0D03,10,81.9672131147541,92.5925925925926,87.71929824561403,90.09009009009009
MNAR_m,HT,A4E0D03,15,60.60606060606061,81.63265306122449,70.17543859649122,75.47169811320754
MNAR_m,HT,A4E0D03,20,64.61538461538461,84.0,73.68421052631578,78.50467289719626
MNAR_m,HT,A4E0D03,25,64.0625,85.41666666666666,71.9298245614035,78.0952380952381
MNAR_m,HT,AJMQUVV,05,91.56626506024097,93.82716049382715,97.43589743589743,95.59748427672956
MNAR_m,HT,AJMQUVV,10,78.78787878787878,78.78787878787878,100.0,88.13559322033898
MNAR_m,HT,AJMQUVV,15,64.70588235294117,65.2542372881356,98.71794871794873,78.57142857142857
MNAR_m,HT,AJMQUVV,20,74.22680412371135,79.12087912087912,92.3076923076923,85.20710059171597
MNAR_m,HT,AJMQUVV,25,60.909090909090914,67.67676767676768,85.8974358974359,75.70621468926554
MNAR_m,HT,A4G0044,05,95.1219512195122,97.5,97.5,97.5
MNAR_m,HT,A4G0044,10,95.1219512195122,97.5,97.5,97.5
MNAR_m,HT,A4G0044,15,95.1219512195122,97.5,97.5,97.5
MNAR_m,HT,A4G0044,20,88.23529411764706,93.75,93.75,93.75
MNAR_m,HT,A4G0044,25,83.9080459770115,91.25,91.25,91.25
MNAR_m,HT,AIFDJZB,05,59.183673469387756,59.183673469387756,100.0,74.35897435897436
MNAR_m,HT,AIFDJZB,10,65.9090909090909,65.9090909090909,100.0,79.45205479452055
MNAR_m,HT,AIFDJZB,15,76.31578947368422,76.31578947368422,100.0,86.56716417910448
MNAR_m,HT,AIFDJZB,20,37.66233766233766,37.66233766233766,100.0,54.71698113207547
MNAR_m,HT,AIFDJZB,25,46.03174603174603,46.03174603174603,100.0,63.04347826086957
MNAR_m,HT,AQC0L71,05,90.47619047619048,90.47619047619048,100.0,95.0
MNAR_m,HT,AQC0L71,10,88.37209302325581,88.37209302325581,100.0,93.82716049382717
MNAR_m,HT,AQC0L71,15,86.36363636363636,86.36363636363636,100.0,92.68292682926828
MNAR_m,HT,AQC0L71,20,76.0,76.0,100.0,86.36363636363636
MNAR_m,HT,AQC0L71,25,71.69811320754717,71.69811320754717,100.0,83.51648351648352
MNAR_m,HT,A7EM0B6,05,75.60975609756098,75.60975609756098,100.0,86.11111111111111
MNAR_m,HT,A7EM0B6,10,60.78431372549019,60.78431372549019,100.0,75.60975609756096
MNAR_m,HT,A7EM0B6,15,50.81967213114754,50.81967213114754,100.0,67.3913043478261
MNAR_m,HT,A7EM0B6,20,46.96969696969697,46.96969696969697,100.0,63.917525773195884
MNAR_m,HT,A7EM0B6,25,46.26865671641791,46.26865671641791,100.0,63.26530612244898
MNAR_m,HAT,A1ZJ41O,05,94.33962264150944,96.15384615384616,98.0392156862745,97.0873786407767
MNAR_m,HAT,A1ZJ41O,10,92.72727272727272,92.72727272727272,100.0,96.22641509433963
MNAR_m,HAT,A1ZJ41O,15,82.25806451612904,82.25806451612904,100.0,90.2654867256637
MNAR_m,HAT,A1ZJ41O,20,75.0,75.0,100.0,85.71428571428571
MNAR_m,HAT,A1ZJ41O,25,57.30337078651685,57.30337078651685,100.0,72.85714285714285
MNAR_m,HAT,AKXN5ZZ,05,88.4920634920635,88.4920634920635,100.0,93.89473684210526
MNAR_m,HAT,AKXN5ZZ,10,79.92831541218638,79.92831541218638,100.0,88.84462151394423
MNAR_m,HAT,AKXN5ZZ,15,74.33333333333333,74.33333333333333,100.0,85.27724665391969
MNAR_m,HAT,AKXN5ZZ,20,70.7936507936508,70.7936507936508,100.0,82.8996282527881
MNAR_m,HAT,AKXN5ZZ,25,70.12578616352201,70.12578616352201,100.0,82.43992606284658
MNAR_m,HAT,AAXAA7Z,05,96.55172413793103,98.24561403508771,98.24561403508771,98.24561403508771
MNAR_m,HAT,AAXAA7Z,10,94.87179487179486,97.36842105263158,97.36842105263158,97.36842105263158
MNAR_m,HAT,AAXAA7Z,15,94.87179487179486,97.36842105263158,97.36842105263158,97.36842105263158
MNAR_m,HAT,AAXAA7Z,20,94.87179487179486,97.36842105263158,97.36842105263158,97.36842105263158
MNAR_m,HAT,AAXAA7Z,25,90.0,94.73684210526315,94.73684210526315,94.73684210526315
MNAR_m,HAT,AA2KP1S,05,88.0,89.1891891891892,98.50746268656717,93.61702127659575
MNAR_m,HAT,AA2KP1S,10,84.81012658227847,84.81012658227847,100.0,91.78082191780821
MNAR_m,HAT,AA2KP1S,15,77.90697674418605,77.90697674418605,100.0,87.58169934640523
MNAR_m,HAT,AA2KP1S,20,77.01149425287356,77.01149425287356,100.0,87.01298701298703
MNAR_m,HAT,AA2KP1S,25,77.01149425287356,77.01149425287356,100.0,87.01298701298703
MNAR_m,HAT,APGIB2T,05,90.58823529411765,91.66666666666666,98.71794871794873,95.06172839506173
MNAR_m,HAT,APGIB2T,10,88.50574712643679,89.53488372093024,98.71794871794873,93.90243902439025
MNAR_m,HAT,APGIB2T,15,88.50574712643679,89.53488372093024,98.71794871794873,93.90243902439025
MNAR_m,HAT,APGIB2T,20,88.50574712643679,89.53488372093024,98.71794871794873,93.90243902439025
MNAR_m,HAT,APGIB2T,25,88.50574712643679,89.53488372093024,98.71794871794873,93.90243902439025
MNAR_m,HAT,AHYIJDV,05,88.88888888888889,88.88888888888889,100.0,94.11764705882352
MNAR_m,HAT,AHYIJDV,10,78.72340425531915,84.0909090909091,92.5,88.09523809523809
MNAR_m,HAT,AHYIJDV,15,67.3469387755102,78.57142857142857,82.5,80.48780487804876
MNAR_m,HAT,AHYIJDV,20,58.82352941176471,73.17073170731707,75.0,74.07407407407408
MNAR_m,HAT,AHYIJDV,25,33.33333333333333,52.77777777777778,47.5,50.0
MNAR_m,HAT,ASFODQR,05,100.0,100.0,100.0,100.0
MNAR_m,HAT,ASFODQR,10,100.0,100.0,100.0,100.0
MNAR_m,HAT,ASFODQR,15,100.0,100.0,100.0,100.0
MNAR_m,HAT,ASFODQR,20,98.18181818181819,99.08256880733946,99.08256880733946,99.08256880733946
MNAR_m,HAT,ASFODQR,25,96.3963963963964,98.1651376146789,98.1651376146789,98.1651376146789
MNAR_m,HAT,AUY8KYW,05,89.28571428571429,90.9090909090909,98.0392156862745,94.33962264150944
MNAR_m,HAT,AUY8KYW,10,80.32786885245902,83.05084745762711,96.07843137254902,89.0909090909091
MNAR_m,HAT,AUY8KYW,15,70.4225352112676,71.42857142857143,98.0392156862745,82.64462809917354
MNAR_m,HAT,AUY8KYW,20,63.51351351351351,67.14285714285714,92.15686274509804,77.68595041322314
MNAR_m,HAT,AUY8KYW,25,59.210526315789465,64.28571428571429,88.23529411764706,74.38016528925621
MNAR_m,HAT,A3OU183,05,80.0,80.0,100.0,88.8888888888889
MNAR_m,HAT,A3OU183,10,70.10309278350515,70.10309278350515,100.0,82.42424242424242
MNAR_m,HAT,A3OU183,15,59.64912280701754,59.64912280701754,100.0,74.72527472527472
MNAR_m,HAT,A3OU183,20,60.71428571428571,60.71428571428571,100.0,75.55555555555554
MNAR_m,HAT,A3OU183,25,64.15094339622641,64.15094339622641,100.0,78.16091954022988
MNAR_m,HAT,AOYM4KG,05,65.59139784946237,65.59139784946237,100.0,79.22077922077922
MNAR_m,HAT,AOYM4KG,10,53.98230088495575,53.98230088495575,100.0,70.11494252873563
MNAR_m,HAT,AOYM4KG,15,48.8,48.8,100.0,65.59139784946237
MNAR_m,HAT,AOYM4KG,20,40.54054054054054,40.816326530612244,98.36065573770492,57.6923076923077
MNAR_m,HAT,AOYM4KG,25,35.483870967741936,36.91275167785235,90.1639344262295,52.38095238095237
MNAR_m,HAT,AV2GF3B,05,86.72566371681415,86.72566371681415,100.0,92.89099526066352
MNAR_m,HAT,AV2GF3B,10,82.90598290598291,83.62068965517241,98.9795918367347,90.65420560747663
MNAR_m,HAT,AV2GF3B,15,79.33884297520662,80.67226890756302,97.95918367346938,88.47926267281106
MNAR_m,HAT,AV2GF3B,20,80.83333333333333,81.5126050420168,98.9795918367347,89.40092165898618
MNAR_m,HAT,AV2GF3B,25,76.42276422764228,78.99159663865547,95.91836734693877,86.63594470046083
MNAR_m,HAT,A0NVTRV,05,44.11764705882353,68.18181818181817,55.55555555555556,61.22448979591836
MNAR_m,HAT,A0NVTRV,10,44.776119402985074,69.76744186046511,55.55555555555556,61.85567010309278
MNAR_m,HAT,A0NVTRV,15,44.776119402985074,69.76744186046511,55.55555555555556,61.85567010309278
MNAR_m,HAT,A0NVTRV,20,45.45454545454545,71.42857142857143,55.55555555555556,62.500000000000014
MNAR_m,HAT,A0NVTRV,25,44.776119402985074,69.76744186046511,55.55555555555556,61.85567010309278
MNAR_m,HAT,A1K5DRI,05,57.89473684210527,57.89473684210527,100.0,73.33333333333334
MNAR_m,HAT,A1K5DRI,10,47.82608695652174,47.82608695652174,100.0,64.70588235294117
MNAR_m,HAT,A1K5DRI,15,45.83333333333333,45.83333333333333,100.0,62.857142857142854
MNAR_m,HAT,A1K5DRI,20,45.83333333333333,45.83333333333333,100.0,62.857142857142854
MNAR_m,HAT,A1K5DRI,25,44.0,44.0,100.0,61.111111111111114
MNAR_m,HAT,AYEFCWQ,05,56.52173913043478,100.0,56.52173913043478,72.22222222222221
MNAR_m,HAT,AYEFCWQ,10,44.927536231884055,100.0,44.927536231884055,62.0
MNAR_m,HAT,AYEFCWQ,15,18.84057971014493,100.0,18.84057971014493,31.70731707317073
MNAR_m,HAT,AYEFCWQ,20,1.4492753623188406,100.0,1.4492753623188406,2.857142857142857
MNAR_m,HAT,AYEFCWQ,25,0.0,0.0,0.0,0.0
MNAR_m,HAT,AMV7EQF,05,98.27586206896551,98.27586206896551,100.0,99.13043478260869
MNAR_m,HAT,AMV7EQF,10,93.22033898305084,96.49122807017544,96.49122807017544,96.49122807017544
MNAR_m,HAT,AMV7EQF,15,93.22033898305084,96.49122807017544,96.49122807017544,96.49122807017544
MNAR_m,HAT,AMV7EQF,20,88.52459016393442,93.10344827586206,94.73684210526315,93.91304347826087
MNAR_m,HAT,AMV7EQF,25,78.125,87.71929824561403,87.71929824561403,87.71929824561403
MNAR_m,HAT,AZIK4ZA,05,94.02985074626866,94.02985074626866,100.0,96.92307692307692
MNAR_m,HAT,AZIK4ZA,10,88.73239436619718,88.73239436619718,100.0,94.02985074626865
MNAR_m,HAT,AZIK4ZA,15,87.5,87.5,100.0,93.33333333333333
MNAR_m,HAT,AZIK4ZA,20,73.25581395348837,73.25581395348837,100.0,84.56375838926175
MNAR_m,HAT,AZIK4ZA,25,59.43396226415094,59.43396226415094,100.0,74.55621301775149
MNAR_m,HAT,AJWW3IY,05,97.31543624161074,98.63945578231292,98.63945578231292,98.63945578231292
MNAR_m,HAT,AJWW3IY,10,95.36423841059603,97.2972972972973,97.95918367346938,97.6271186440678
MNAR_m,HAT,AJWW3IY,15,96.0,97.95918367346938,97.95918367346938,97.95918367346938
MNAR_m,HAT,AJWW3IY,20,93.42105263157895,96.5986394557823,96.5986394557823,96.5986394557823
MNAR_m,HAT,AJWW3IY,25,93.42105263157895,96.5986394557823,96.5986394557823,96.5986394557823
MNAR_m,HAT,AX6281V,05,93.5064935064935,93.5064935064935,100.0,96.64429530201343
MNAR_m,HAT,AX6281V,10,82.75862068965517,82.75862068965517,100.0,90.56603773584906
MNAR_m,HAT,AX6281V,15,77.41935483870968,77.41935483870968,100.0,87.27272727272727
MNAR_m,HAT,AX6281V,20,75.26881720430107,76.92307692307693,97.22222222222221,85.88957055214725
MNAR_m,HAT,AX6281V,25,73.03370786516854,79.26829268292683,90.27777777777779,84.4155844155844
MNAR_m,HAT,AYWIEKR,05,96.11650485436894,98.01980198019803,98.01980198019803,98.01980198019803
MNAR_m,HAT,AYWIEKR,10,95.14563106796116,98.0,97.02970297029702,97.51243781094527
MNAR_m,HAT,AYWIEKR,15,96.07843137254902,98.98989898989899,97.02970297029702,98.0
MNAR_m,HAT,AYWIEKR,20,91.2621359223301,97.91666666666666,93.06930693069307,95.43147208121827
MNAR_m,HAT,AYWIEKR,25,89.32038834951457,97.87234042553192,91.0891089108911,94.35897435897435
MNAR_m,HAT,ATHKM6V,05,69.0909090909091,69.0909090909091,100.0,81.72043010752688
MNAR_m,HAT,ATHKM6V,10,64.40677966101694,64.40677966101694,100.0,78.35051546391752
MNAR_m,HAT,ATHKM6V,15,64.40677966101694,64.40677966101694,100.0,78.35051546391752
MNAR_m,HAT,ATHKM6V,20,64.40677966101694,64.40677966101694,100.0,78.35051546391752
MNAR_m,HAT,ATHKM6V,25,64.40677966101694,64.40677966101694,100.0,78.35051546391752
MNAR_m,HAT,AFPB8J2,05,89.7196261682243,91.42857142857143,97.95918367346938,94.58128078817734
MNAR_m,HAT,AFPB8J2,10,73.68421052631578,73.68421052631578,100.0,84.84848484848484
MNAR_m,HAT,AFPB8J2,15,66.66666666666666,66.66666666666666,100.0,80.0
MNAR_m,HAT,AFPB8J2,20,61.63522012578616,61.63522012578616,100.0,76.26459143968873
MNAR_m,HAT,AFPB8J2,25,62.0253164556962,62.0253164556962,100.0,76.5625
MNAR_m,HAT,A0VFT1N,05,98.0,98.0,100.0,98.98989898989899
MNAR_m,HAT,A0VFT1N,10,98.0,98.0,100.0,98.98989898989899
MNAR_m,HAT,A0VFT1N,15,97.02970297029702,97.02970297029702,100.0,98.49246231155779
MNAR_m,HAT,A0VFT1N,20,98.0,98.0,100.0,98.98989898989899
MNAR_m,HAT,A0VFT1N,25,98.0,98.0,100.0,98.98989898989899
MNAR_m,HAT,AURCTAK,05,90.74074074074075,90.74074074074075,100.0,95.14563106796116
MNAR_m,HAT,AURCTAK,10,90.74074074074075,90.74074074074075,100.0,95.14563106796116
MNAR_m,HAT,AURCTAK,15,90.74074074074075,90.74074074074075,100.0,95.14563106796116
MNAR_m,HAT,AURCTAK,20,90.74074074074075,90.74074074074075,100.0,95.14563106796116
MNAR_m,HAT,AURCTAK,25,87.27272727272727,88.88888888888889,97.95918367346938,93.20388349514563
MNAR_m,HAT,A36HR6Y,05,42.857142857142854,42.857142857142854,100.0,60.0
MNAR_m,HAT,A36HR6Y,10,36.0,36.0,100.0,52.94117647058824
MNAR_m,HAT,A36HR6Y,15,40.909090909090914,40.909090909090914,100.0,58.06451612903226
MNAR_m,HAT,A36HR6Y,20,36.0,36.0,100.0,52.94117647058824
MNAR_m,HAT,A36HR6Y,25,37.5,37.5,100.0,54.54545454545454
MNAR_m,HAT,A4E0D03,05,89.83050847457628,96.36363636363636,92.98245614035088,94.64285714285715
MNAR_m,HAT,A4E0D03,10,85.0,94.44444444444444,89.47368421052632,91.8918918918919
MNAR_m,HAT,A4E0D03,15,75.40983606557377,92.0,80.7017543859649,85.98130841121495
MNAR_m,HAT,A4E0D03,20,73.33333333333333,93.61702127659575,77.19298245614034,84.61538461538461
MNAR_m,HAT,A4E0D03,25,70.96774193548387,89.79591836734694,77.19298245614034,83.01886792452831
MNAR_m,HAT,AJMQUVV,05,92.6829268292683,95.0,97.43589743589743,96.20253164556962
MNAR_m,HAT,AJMQUVV,10,92.85714285714286,92.85714285714286,100.0,96.2962962962963
MNAR_m,HAT,AJMQUVV,15,75.25773195876289,79.34782608695652,93.58974358974359,85.88235294117646
MNAR_m,HAT,AJMQUVV,20,74.48979591836735,78.49462365591397,93.58974358974359,85.38011695906432
MNAR_m,HAT,AJMQUVV,25,75.0,77.31958762886599,96.15384615384616,85.71428571428571
MNAR_m,HAT,A4G0044,05,97.53086419753086,98.75,98.75,98.75
MNAR_m,HAT,A4G0044,10,95.1219512195122,97.5,97.5,97.5
MNAR_m,HAT,A4G0044,15,95.1219512195122,97.5,97.5,97.5
MNAR_m,HAT,A4G0044,20,90.47619047619048,95.0,95.0,95.0
MNAR_m,HAT,A4G0044,25,81.81818181818183,90.0,90.0,90.0
MNAR_m,HAT,AIFDJZB,05,85.29411764705883,85.29411764705883,100.0,92.06349206349206
MNAR_m,HAT,AIFDJZB,10,67.44186046511628,67.44186046511628,100.0,80.55555555555556
MNAR_m,HAT,AIFDJZB,15,46.03174603174603,46.03174603174603,100.0,63.04347826086957
MNAR_m,HAT,AIFDJZB,20,46.03174603174603,46.03174603174603,100.0,63.04347826086957
MNAR_m,HAT,AIFDJZB,25,44.61538461538462,44.61538461538462,100.0,61.702127659574465
MNAR_m,HAT,AQC0L71,05,90.47619047619048,90.47619047619048,100.0,95.0
MNAR_m,HAT,AQC0L71,10,88.37209302325581,88.37209302325581,100.0,93.82716049382717
MNAR_m,HAT,AQC0L71,15,86.36363636363636,86.36363636363636,100.0,92.68292682926828
MNAR_m,HAT,AQC0L71,20,79.16666666666666,79.16666666666666,100.0,88.37209302325581
MNAR_m,HAT,AQC0L71,25,55.072463768115945,55.072463768115945,100.0,71.02803738317756
MNAR_m,HAT,A7EM0B6,05,83.78378378378379,83.78378378378379,100.0,91.1764705882353
MNAR_m,HAT,A7EM0B6,10,79.48717948717949,79.48717948717949,100.0,88.57142857142858
MNAR_m,HAT,A7EM0B6,15,52.54237288135594,52.54237288135594,100.0,68.8888888888889
MNAR_m,HAT,A7EM0B6,20,50.0,50.0,100.0,66.66666666666666
MNAR_m,HAT,A7EM0B6,25,38.75,38.75,100.0,55.855855855855864
MNAR_m,MLP,A1ZJ41O,05,92.72727272727272,92.72727272727272,100.0,96.22641509433963
MNAR_m,MLP,A1ZJ41O,10,75.0,75.0,100.0,85.71428571428571
MNAR_m,MLP,A1ZJ41O,15,49.51456310679612,49.51456310679612,100.0,66.23376623376623
MNAR_m,MLP,A1ZJ41O,20,49.51456310679612,49.51456310679612,100.0,66.23376623376623
MNAR_m,MLP,A1ZJ41O,25,51.515151515151516,51.515151515151516,100.0,68.0
MNAR_m,MLP,AKXN5ZZ,05,79.07801418439716,79.07801418439716,100.0,88.31683168316832
MNAR_m,MLP,AKXN5ZZ,10,71.93548387096774,71.93548387096774,100.0,83.67729831144466
MNAR_m,MLP,AKXN5ZZ,15,70.34700315457413,70.34700315457413,100.0,82.59259259259258
MNAR_m,MLP,AKXN5ZZ,20,72.87581699346404,72.87581699346404,100.0,84.31001890359168
MNAR_m,MLP,AKXN5ZZ,25,75.0,75.2542372881356,99.55156950672645,85.71428571428572
MNAR_m,MLP,AAXAA7Z,05,96.55172413793103,98.24561403508771,98.24561403508771,98.24561403508771
MNAR_m,MLP,AAXAA7Z,10,94.87179487179486,97.36842105263158,97.36842105263158,97.36842105263158
MNAR_m,MLP,AAXAA7Z,15,91.59663865546219,95.6140350877193,95.6140350877193,95.6140350877193
MNAR_m,MLP,AAXAA7Z,20,94.0677966101695,96.52173913043478,97.36842105263158,96.94323144104806
MNAR_m,MLP,AAXAA7Z,25,91.59663865546219,95.6140350877193,95.6140350877193,95.6140350877193
MNAR_m,MLP,AA2KP1S,05,84.81012658227847,84.81012658227847,100.0,91.78082191780821
MNAR_m,MLP,AA2KP1S,10,79.76190476190477,79.76190476190477,100.0,88.74172185430463
MNAR_m,MLP,AA2KP1S,15,78.82352941176471,78.82352941176471,100.0,88.15789473684211
MNAR_m,MLP,AA2KP1S,20,78.82352941176471,78.82352941176471,100.0,88.15789473684211
MNAR_m,MLP,AA2KP1S,25,80.72289156626506,80.72289156626506,100.0,89.33333333333333
MNAR_m,MLP,APGIB2T,05,92.7710843373494,93.90243902439023,98.71794871794873,96.25
MNAR_m,MLP,APGIB2T,10,96.25,97.46835443037975,98.71794871794873,98.0891719745223
MNAR_m,MLP,APGIB2T,15,93.82716049382715,96.20253164556962,97.43589743589743,96.81528662420382
MNAR_m,MLP,APGIB2T,20,84.70588235294117,91.13924050632912,92.3076923076923,91.71974522292994
MNAR_m,MLP,APGIB2T,25,83.52941176470588,91.02564102564102,91.02564102564102,91.02564102564102
MNAR_m,MLP,AHYIJDV,05,88.88888888888889,88.88888888888889,100.0,94.11764705882352
MNAR_m,MLP,AHYIJDV,10,65.3061224489796,78.04878048780488,80.0,79.01234567901236
MNAR_m,MLP,AHYIJDV,15,38.88888888888889,60.0,52.5,56.00000000000001
MNAR_m,MLP,AHYIJDV,20,25.0,40.0,40.0,40.00000000000001
MNAR_m,MLP,AHYIJDV,25,52.83018867924528,68.29268292682927,70.0,69.13580246913581
MNAR_m,MLP,ASFODQR,05,100.0,100.0,100.0,100.0
MNAR_m,MLP,ASFODQR,10,100.0,100.0,100.0,100.0
MNAR_m,MLP,ASFODQR,15,96.3963963963964,98.1651376146789,98.1651376146789,98.1651376146789
MNAR_m,MLP,ASFODQR,20,94.64285714285714,97.24770642201835,97.24770642201835,97.24770642201835
MNAR_m,MLP,ASFODQR,25,87.93103448275862,93.57798165137615,93.57798165137615,93.57798165137615
MNAR_m,MLP,AUY8KYW,05,89.47368421052632,89.47368421052632,100.0,94.44444444444444
MNAR_m,MLP,AUY8KYW,10,74.6268656716418,75.75757575757575,98.0392156862745,85.47008547008548
MNAR_m,MLP,AUY8KYW,15,70.0,72.05882352941177,96.07843137254902,82.3529411764706
MNAR_m,MLP,AUY8KYW,20,66.66666666666666,69.56521739130434,94.11764705882352,80.0
MNAR_m,MLP,AUY8KYW,25,53.52112676056338,65.51724137931035,74.50980392156863,69.72477064220183
MNAR_m,MLP,A3OU183,05,83.9506172839506,83.9506172839506,100.0,91.2751677852349
MNAR_m,MLP,A3OU183,10,59.130434782608695,59.130434782608695,100.0,74.31693989071037
MNAR_m,MLP,A3OU183,15,57.6271186440678,57.6271186440678,100.0,73.11827956989248
MNAR_m,MLP,A3OU183,20,58.77192982456141,59.29203539823009,98.52941176470588,74.03314917127072
MNAR_m,MLP,A3OU183,25,57.26495726495726,57.758620689655174,98.52941176470588,72.82608695652173
MNAR_m,MLP,AOYM4KG,05,78.2051282051282,78.2051282051282,100.0,87.76978417266189
MNAR_m,MLP,AOYM4KG,10,62.244897959183675,62.244897959183675,100.0,76.72955974842766
MNAR_m,MLP,AOYM4KG,15,53.98230088495575,53.98230088495575,100.0,70.11494252873563
MNAR_m,MLP,AOYM4KG,20,51.26050420168067,51.26050420168067,100.0,67.77777777777777
MNAR_m,MLP,AOYM4KG,25,46.09375,46.82539682539682,96.72131147540983,63.101604278074866
MNAR_m,MLP,AV2GF3B,05,93.33333333333333,93.33333333333333,100.0,96.55172413793103
MNAR_m,MLP,AV2GF3B,10,89.7196261682243,91.42857142857143,97.95918367346938,94.58128078817734
MNAR_m,MLP,AV2GF3B,15,86.91588785046729,91.17647058823529,94.89795918367348,93.00000000000001
MNAR_m,MLP,AV2GF3B,20,82.56880733944955,89.10891089108911,91.83673469387756,90.45226130653266
MNAR_m,MLP,AV2GF3B,25,78.18181818181819,87.75510204081633,87.75510204081633,87.75510204081631
MNAR_m,MLP,A0NVTRV,05,44.11764705882353,68.18181818181817,55.55555555555556,61.22448979591836
MNAR_m,MLP,A0NVTRV,10,44.11764705882353,68.18181818181817,55.55555555555556,61.22448979591836
MNAR_m,MLP,A0NVTRV,15,42.25352112676056,63.829787234042556,55.55555555555556,59.4059405940594
MNAR_m,MLP,A0NVTRV,20,44.11764705882353,68.18181818181817,55.55555555555556,61.22448979591836
MNAR_m,MLP,A0NVTRV,25,42.25352112676056,63.829787234042556,55.55555555555556,59.4059405940594
MNAR_m,MLP,A1K5DRI,05,52.38095238095239,52.38095238095239,100.0,68.75000000000001
MNAR_m,MLP,A1K5DRI,10,44.89795918367347,44.89795918367347,100.0,61.97183098591549
MNAR_m,MLP,A1K5DRI,15,44.0,44.0,100.0,61.111111111111114
MNAR_m,MLP,A1K5DRI,20,44.0,44.0,100.0,61.111111111111114
MNAR_m,MLP,A1K5DRI,25,44.0,44.0,100.0,61.111111111111114
MNAR_m,MLP,AYEFCWQ,05,71.01449275362319,100.0,71.01449275362319,83.05084745762711
MNAR_m,MLP,AYEFCWQ,10,36.231884057971016,100.0,36.231884057971016,53.191489361702125
MNAR_m,MLP,AYEFCWQ,15,46.3768115942029,100.0,46.3768115942029,63.366336633663366
MNAR_m,MLP,AYEFCWQ,20,31.428571428571427,95.65217391304348,31.88405797101449,47.82608695652174
MNAR_m,MLP,AYEFCWQ,25,26.25,65.625,30.434782608695656,41.584158415841586
MNAR_m,MLP,AMV7EQF,05,96.55172413793103,98.24561403508771,98.24561403508771,98.24561403508771
MNAR_m,MLP,AMV7EQF,10,91.66666666666666,94.82758620689656,96.49122807017544,95.65217391304347
MNAR_m,MLP,AMV7EQF,15,90.0,94.73684210526315,94.73684210526315,94.73684210526315
MNAR_m,MLP,AMV7EQF,20,72.72727272727273,84.21052631578947,84.21052631578947,84.21052631578947
MNAR_m,MLP,AMV7EQF,25,67.64705882352942,80.7017543859649,80.7017543859649,80.7017543859649
MNAR_m,MLP,AZIK4ZA,05,85.13513513513513,85.13513513513513,100.0,91.97080291970804
MNAR_m,MLP,AZIK4ZA,10,82.89473684210526,82.89473684210526,100.0,90.64748201438849
MNAR_m,MLP,AZIK4ZA,15,79.74683544303798,79.74683544303798,100.0,88.73239436619718
MNAR_m,MLP,AZIK4ZA,20,75.0,75.0,100.0,85.71428571428571
MNAR_m,MLP,AZIK4ZA,25,73.17073170731707,75.9493670886076,95.23809523809523,84.50704225352112
MNAR_m,MLP,AJWW3IY,05,96.66666666666667,97.97297297297297,98.63945578231292,98.3050847457627
MNAR_m,MLP,AJWW3IY,10,94.70198675496688,97.27891156462584,97.27891156462584,97.27891156462584
MNAR_m,MLP,AJWW3IY,15,93.42105263157895,96.5986394557823,96.5986394557823,96.5986394557823
MNAR_m,MLP,AJWW3IY,20,92.81045751633987,95.94594594594594,96.5986394557823,96.27118644067795
MNAR_m,MLP,AJWW3IY,25,93.42105263157895,96.5986394557823,96.5986394557823,96.5986394557823
MNAR_m,MLP,AX6281V,05,90.0,90.0,100.0,94.73684210526316
MNAR_m,MLP,AX6281V,10,84.70588235294117,84.70588235294117,100.0,91.71974522292993
MNAR_m,MLP,AX6281V,15,84.70588235294117,84.70588235294117,100.0,91.71974522292993
MNAR_m,MLP,AX6281V,20,80.0,80.0,100.0,88.8888888888889
MNAR_m,MLP,AX6281V,25,74.71264367816092,81.25,90.27777777777779,85.52631578947368
MNAR_m,MLP,AYWIEKR,05,94.28571428571428,96.11650485436894,98.01980198019803,97.05882352941177
MNAR_m,MLP,AYWIEKR,10,90.65420560747664,94.1747572815534,96.03960396039604,95.09803921568628
MNAR_m,MLP,AYWIEKR,15,77.31092436974791,83.63636363636363,91.0891089108911,87.20379146919431
MNAR_m,MLP,AYWIEKR,20,73.10924369747899,82.85714285714286,86.13861386138613,84.46601941747574
MNAR_m,MLP,AYWIEKR,25,78.57142857142857,88.88888888888889,87.12871287128714,88.0
MNAR_m,MLP,ATHKM6V,05,66.66666666666666,66.66666666666666,100.0,80.0
MNAR_m,MLP,ATHKM6V,10,64.40677966101694,64.40677966101694,100.0,78.35051546391752
MNAR_m,MLP,ATHKM6V,15,65.51724137931035,65.51724137931035,100.0,79.16666666666666
MNAR_m,MLP,ATHKM6V,20,64.40677966101694,64.40677966101694,100.0,78.35051546391752
MNAR_m,MLP,ATHKM6V,25,64.40677966101694,64.40677966101694,100.0,78.35051546391752
MNAR_m,MLP,AFPB8J2,05,84.48275862068965,84.48275862068965,100.0,91.58878504672897
MNAR_m,MLP,AFPB8J2,10,68.53146853146853,68.53146853146853,100.0,81.32780082987551
MNAR_m,MLP,AFPB8J2,15,64.90066225165563,64.90066225165563,100.0,78.714859437751
MNAR_m,MLP,AFPB8J2,20,62.42038216560509,62.42038216560509,100.0,76.86274509803923
MNAR_m,MLP,AFPB8J2,25,59.756097560975604,59.756097560975604,100.0,74.8091603053435
MNAR_m,MLP,A0VFT1N,05,98.0,98.0,100.0,98.98989898989899
MNAR_m,MLP,A0VFT1N,10,98.0,98.0,100.0,98.98989898989899
MNAR_m,MLP,A0VFT1N,15,98.0,98.0,100.0,98.98989898989899
MNAR_m,MLP,A0VFT1N,20,98.0,98.0,100.0,98.98989898989899
MNAR_m,MLP,A0VFT1N,25,97.02970297029702,97.02970297029702,100.0,98.49246231155779
MNAR_m,MLP,AURCTAK,05,90.74074074074075,90.74074074074075,100.0,95.14563106796116
MNAR_m,MLP,AURCTAK,10,90.74074074074075,90.74074074074075,100.0,95.14563106796116
MNAR_m,MLP,AURCTAK,15,90.74074074074075,90.74074074074075,100.0,95.14563106796116
MNAR_m,MLP,AURCTAK,20,90.74074074074075,90.74074074074075,100.0,95.14563106796116
MNAR_m,MLP,AURCTAK,25,90.74074074074075,90.74074074074075,100.0,95.14563106796116
MNAR_m,MLP,A36HR6Y,05,42.857142857142854,42.857142857142854,100.0,60.0
MNAR_m,MLP,A36HR6Y,10,39.130434782608695,39.130434782608695,100.0,56.25
MNAR_m,MLP,A36HR6Y,15,34.61538461538461,34.61538461538461,100.0,51.42857142857142
MNAR_m,MLP,A36HR6Y,20,29.03225806451613,29.03225806451613,100.0,45.00000000000001
MNAR_m,MLP,A36HR6Y,25,25.0,25.0,100.0,40.0
MNAR_m,MLP,A4E0D03,05,80.32786885245902,92.45283018867924,85.96491228070175,89.0909090909091
MNAR_m,MLP,A4E0D03,10,77.41935483870968,90.56603773584906,84.21052631578947,87.27272727272727
MNAR_m,MLP,A4E0D03,15,73.33333333333333,93.61702127659575,77.19298245614034,84.61538461538461
MNAR_m,MLP,A4E0D03,20,65.51724137931035,97.43589743589743,66.66666666666666,79.16666666666666
MNAR_m,MLP,A4E0D03,25,66.66666666666666,100.0,66.66666666666666,80.0
MNAR_m,MLP,AJMQUVV,05,86.20689655172413,89.28571428571429,96.15384615384616,92.5925925925926
MNAR_m,MLP,AJMQUVV,10,89.65517241379311,89.65517241379311,100.0,94.54545454545455
MNAR_m,MLP,AJMQUVV,15,84.61538461538461,85.55555555555556,98.71794871794873,91.66666666666666
MNAR_m,MLP,AJMQUVV,20,76.47058823529412,76.47058823529412,100.0,86.66666666666666
MNAR_m,MLP,AJMQUVV,25,63.793103448275865,66.07142857142857,94.87179487179486,77.89473684210526
MNAR_m,MLP,A4G0044,05,95.1219512195122,97.5,97.5,97.5
MNAR_m,MLP,A4G0044,10,95.1219512195122,97.5,97.5,97.5
MNAR_m,MLP,A4G0044,15,87.95180722891565,96.05263157894737,91.25,93.5897435897436
MNAR_m,MLP,A4G0044,20,81.92771084337349,95.77464788732394,85.0,90.06622516556291
MNAR_m,MLP,A4G0044,25,82.92682926829268,97.14285714285714,85.0,90.66666666666667
MNAR_m,MLP,AIFDJZB,05,90.625,90.625,100.0,95.08196721311475
MNAR_m,MLP,AIFDJZB,10,78.37837837837837,78.37837837837837,100.0,87.87878787878788
MNAR_m,MLP,AIFDJZB,15,72.5,72.5,100.0,84.05797101449275
MNAR_m,MLP,AIFDJZB,20,67.44186046511628,67.44186046511628,100.0,80.55555555555556
MNAR_m,MLP,AIFDJZB,25,52.72727272727272,52.72727272727272,100.0,69.04761904761904
MNAR_m,MLP,AQC0L71,05,90.47619047619048,90.47619047619048,100.0,95.0
MNAR_m,MLP,AQC0L71,10,88.37209302325581,88.37209302325581,100.0,93.82716049382717
MNAR_m,MLP,AQC0L71,15,84.44444444444444,84.44444444444444,100.0,91.56626506024097
MNAR_m,MLP,AQC0L71,20,63.33333333333333,63.33333333333333,100.0,77.55102040816327
MNAR_m,MLP,AQC0L71,25,43.18181818181818,43.18181818181818,100.0,60.317460317460316
MNAR_m,MLP,A7EM0B6,05,81.57894736842105,81.57894736842105,100.0,89.85507246376811
MNAR_m,MLP,A7EM0B6,10,75.60975609756098,75.60975609756098,100.0,86.11111111111111
MNAR_m,MLP,A7EM0B6,15,67.3913043478261,67.3913043478261,100.0,80.51948051948052
MNAR_m,MLP,A7EM0B6,20,58.490566037735846,58.490566037735846,100.0,73.8095238095238
MNAR_m,MLP,A7EM0B6,25,42.465753424657535,42.465753424657535,100.0,59.61538461538461
MNAR_h,None,A1ZJ41O,05,77.35849056603774,95.34883720930233,80.3921568627451,87.23404255319149
MNAR_h,None,A1ZJ41O,10,64.15094339622641,94.44444444444444,66.66666666666666,78.16091954022987
MNAR_h,None,A1ZJ41O,15,34.54545454545455,82.6086956521739,37.254901960784316,51.35135135135135
MNAR_h,None,A1ZJ41O,20,25.925925925925924,82.35294117647058,27.450980392156865,41.17647058823529
MNAR_h,None,A1ZJ41O,25,0.0,0.0,0.0,0.0
MNAR_h,None,AKXN5ZZ,05,82.85714285714286,90.22222222222223,91.03139013452915,90.625
MNAR_h,None,AKXN5ZZ,10,80.0,86.4406779661017,91.4798206278027,88.8888888888889
MNAR_h,None,AKXN5ZZ,15,68.68327402135232,76.89243027888446,86.54708520179372,81.43459915611815
MNAR_h,None,AKXN5ZZ,20,64.13793103448275,73.51778656126481,83.40807174887892,78.15126050420167
MNAR_h,None,AKXN5ZZ,25,58.362989323843415,73.87387387387388,73.54260089686099,73.70786516853933
MNAR_h,None,AAXAA7Z,05,90.9090909090909,94.01709401709401,96.49122807017544,95.23809523809523
MNAR_h,None,AAXAA7Z,10,82.03125,88.23529411764706,92.10526315789474,90.12875536480686
MNAR_h,None,AAXAA7Z,15,76.29629629629629,83.06451612903226,90.35087719298247,86.5546218487395
MNAR_h,None,AAXAA7Z,20,73.38129496402878,80.31496062992126,89.47368421052632,84.64730290456431
MNAR_h,None,AAXAA7Z,25,64.42953020134227,73.2824427480916,84.21052631578947,78.36734693877551
MNAR_h,None,AA2KP1S,05,57.49999999999999,77.96610169491525,68.65671641791045,73.01587301587301
MNAR_h,None,AA2KP1S,10,44.70588235294118,67.85714285714286,56.71641791044776,61.788617886178855
MNAR_h,None,AA2KP1S,15,36.58536585365854,66.66666666666666,44.776119402985074,53.57142857142857
MNAR_h,None,AA2KP1S,20,34.66666666666667,76.47058823529412,38.80597014925373,51.48514851485149
MNAR_h,None,AA2KP1S,25,22.07792207792208,62.96296296296296,25.37313432835821,36.17021276595745
MNAR_h,None,APGIB2T,05,96.20253164556962,98.7012987012987,97.43589743589743,98.06451612903226
MNAR_h,None,APGIB2T,10,92.5,97.36842105263158,94.87179487179486,96.10389610389612
MNAR_h,None,APGIB2T,15,82.92682926829268,94.44444444444444,87.17948717948718,90.66666666666667
MNAR_h,None,APGIB2T,20,72.94117647058823,89.85507246376811,79.48717948717949,84.35374149659864
MNAR_h,None,APGIB2T,25,62.65060240963856,91.22807017543859,66.66666666666666,77.03703703703702
MNAR_h,None,AHYIJDV,05,54.166666666666664,76.47058823529412,65.0,70.27027027027027
MNAR_h,None,AHYIJDV,10,40.35087719298245,57.49999999999999,57.49999999999999,57.49999999999999
MNAR_h,None,AHYIJDV,15,33.82352941176471,45.09803921568628,57.49999999999999,50.54945054945055
MNAR_h,None,AHYIJDV,20,33.72093023255814,38.666666666666664,72.5,50.43478260869565
MNAR_h,None,AHYIJDV,25,32.926829268292686,39.130434782608695,67.5,49.54128440366973
MNAR_h,None,ASFODQR,05,98.18181818181819,99.08256880733946,99.08256880733946,99.08256880733946
MNAR_h,None,ASFODQR,10,98.18181818181819,99.08256880733946,99.08256880733946,99.08256880733946
MNAR_h,None,ASFODQR,15,99.0909090909091,99.0909090909091,100.0,99.5433789954338
MNAR_h,None,ASFODQR,20,86.95652173913044,94.33962264150944,91.74311926605505,93.02325581395348
MNAR_h,None,ASFODQR,25,79.66101694915254,91.2621359223301,86.23853211009175,88.67924528301887
MNAR_h,None,AUY8KYW,05,92.15686274509804,100.0,92.15686274509804,95.91836734693878
MNAR_h,None,AUY8KYW,10,66.66666666666666,100.0,66.66666666666666,80.0
MNAR_h,None,AUY8KYW,15,31.372549019607842,100.0,31.372549019607842,47.76119402985074
MNAR_h,None,AUY8KYW,20,32.075471698113205,89.47368421052632,33.33333333333333,48.57142857142856
MNAR_h,None,AUY8KYW,25,23.636363636363637,76.47058823529412,25.49019607843137,38.23529411764706
MNAR_h,None,A3OU183,05,88.57142857142857,96.875,91.17647058823529,93.93939393939394
MNAR_h,None,A3OU183,10,67.6056338028169,94.11764705882352,70.58823529411765,80.67226890756304
MNAR_h,None,A3OU183,15,44.44444444444444,88.88888888888889,47.05882352941176,61.53846153846153
MNAR_h,None,A3OU183,20,24.0,72.0,26.47058823529412,38.70967741935484
MNAR_h,None,A3OU183,25,4.10958904109589,37.5,4.411764705882353,7.894736842105263
MNAR_h,None,AOYM4KG,05,93.65079365079364,96.72131147540983,96.72131147540983,96.72131147540983
MNAR_h,None,AOYM4KG,10,74.24242424242425,90.74074074074075,80.32786885245902,85.21739130434783
MNAR_h,None,AOYM4KG,15,61.19402985074627,87.2340425531915,67.21311475409836,75.92592592592592
MNAR_h,None,AOYM4KG,20,47.76119402985074,84.21052631578947,52.459016393442624,64.64646464646464
MNAR_h,None,AOYM4KG,25,30.136986301369863,64.70588235294117,36.0655737704918,46.31578947368421
MNAR_h,None,AV2GF3B,05,82.6923076923077,93.47826086956522,87.75510204081633,90.52631578947368
MNAR_h,None,AV2GF3B,10,30.252100840336134,63.1578947368421,36.734693877551024,46.45161290322581
MNAR_h,None,AV2GF3B,15,21.951219512195124,51.92307692307693,27.55102040816326,36.0
MNAR_h,None,AV2GF3B,20,17.796610169491526,51.21951219512195,21.428571428571427,30.215827338129497
MNAR_h,None,AV2GF3B,25,14.655172413793101,48.57142857142857,17.346938775510203,25.563909774436087
MNAR_h,None,A0NVTRV,05,38.961038961038966,56.60377358490566,55.55555555555556,56.074766355140184
MNAR_h,None,A0NVTRV,10,31.25,49.01960784313725,46.2962962962963,47.61904761904761
MNAR_h,None,A0NVTRV,15,26.82926829268293,44.0,40.74074074074074,42.30769230769231
MNAR_h,None,A0NVTRV,20,24.390243902439025,41.66666666666667,37.03703703703704,39.21568627450981
MNAR_h,None,A0NVTRV,25,35.13513513513514,56.52173913043478,48.148148148148145,52.0
MNAR_h,None,A1K5DRI,05,91.66666666666666,91.66666666666666,100.0,95.65217391304348
MNAR_h,None,A1K5DRI,10,95.65217391304348,95.65217391304348,100.0,97.77777777777777
MNAR_h,None,A1K5DRI,15,75.43859649122807,76.78571428571429,97.72727272727273,86.0
MNAR_h,None,A1K5DRI,20,82.0,87.2340425531915,93.18181818181817,90.10989010989012
MNAR_h,None,A1K5DRI,25,65.45454545454545,76.59574468085107,81.81818181818183,79.12087912087912
MNAR_h,None,AYEFCWQ,05,0.0,0.0,0.0,0.0
MNAR_h,None,AYEFCWQ,10,0.0,0.0,0.0,0.0
MNAR_h,None,AYEFCWQ,15,0.0,0.0,0.0,0.0
MNAR_h,None,AYEFCWQ,20,0.0,0.0,0.0,0.0
MNAR_h,None,AYEFCWQ,25,0.0,0.0,0.0,0.0
MNAR_h,None,AMV7EQF,05,67.64705882352942,80.7017543859649,80.7017543859649,80.7017543859649
MNAR_h,None,AMV7EQF,10,76.5625,87.5,85.96491228070175,86.72566371681415
MNAR_h,None,AMV7EQF,15,69.6969696969697,83.63636363636363,80.7017543859649,82.14285714285714
MNAR_h,None,AMV7EQF,20,60.0,76.36363636363637,73.68421052631578,74.99999999999999
MNAR_h,None,AMV7EQF,25,58.57142857142858,75.92592592592592,71.9298245614035,73.87387387387388
MNAR_h,None,AZIK4ZA,05,100.0,100.0,100.0,100.0
MNAR_h,None,AZIK4ZA,10,90.9090909090909,95.23809523809523,95.23809523809523,95.23809523809523
MNAR_h,None,AZIK4ZA,15,81.15942028985508,90.32258064516128,88.88888888888889,89.6
MNAR_h,None,AZIK4ZA,20,81.15942028985508,90.32258064516128,88.88888888888889,89.6
MNAR_h,None,AZIK4ZA,25,78.57142857142857,88.70967741935483,87.3015873015873,88.0
MNAR_h,None,AJWW3IY,05,92.76315789473685,96.57534246575342,95.91836734693877,96.24573378839591
MNAR_h,None,AJWW3IY,10,84.90566037735849,91.83673469387756,91.83673469387756,91.83673469387756
MNAR_h,None,AJWW3IY,15,75.30120481927712,86.80555555555556,85.03401360544217,85.91065292096219
MNAR_h,None,AJWW3IY,20,72.61904761904762,85.3146853146853,82.99319727891157,84.13793103448276
MNAR_h,None,AJWW3IY,25,65.14285714285715,80.28169014084507,77.55102040816327,78.89273356401384
MNAR_h,None,AX6281V,05,73.25581395348837,81.81818181818183,87.5,84.56375838926175
MNAR_h,None,AX6281V,10,64.1025641025641,89.28571428571429,69.44444444444444,78.125
MNAR_h,None,AX6281V,15,45.67901234567901,80.43478260869566,51.388888888888886,62.71186440677965
MNAR_h,None,AX6281V,20,37.64705882352941,71.11111111111111,44.44444444444444,54.700854700854705
MNAR_h,None,AX6281V,25,22.340425531914892,48.837209302325576,29.166666666666668,36.52173913043478
MNAR_h,None,AYWIEKR,05,63.30935251798561,69.84126984126983,87.12871287128714,77.53303964757708
MNAR_h,None,AYWIEKR,10,60.416666666666664,66.92307692307692,86.13861386138613,75.32467532467533
MNAR_h,None,AYWIEKR,15,63.70370370370371,71.66666666666667,85.14851485148515,77.82805429864254
MNAR_h,None,AYWIEKR,20,59.23076923076923,72.64150943396226,76.23762376237624,74.39613526570047
MNAR_h,None,AYWIEKR,25,53.43511450381679,70.0,69.3069306930693,69.65174129353233
MNAR_h,None,ATHKM6V,05,89.74358974358975,97.22222222222221,92.10526315789474,94.59459459459458
MNAR_h,None,ATHKM6V,10,47.5,90.47619047619048,50.0,64.40677966101696
MNAR_h,None,ATHKM6V,15,17.391304347826086,50.0,21.052631578947366,29.629629629629626
MNAR_h,None,ATHKM6V,20,0.0,0.0,0.0,0.0
MNAR_h,None,ATHKM6V,25,0.0,0.0,0.0,0.0
MNAR_h,None,AFPB8J2,05,87.5,93.81443298969072,92.85714285714286,93.33333333333333
MNAR_h,None,AFPB8J2,10,85.57692307692307,93.6842105263158,90.81632653061224,92.2279792746114
MNAR_h,None,AFPB8J2,15,87.25490196078431,95.6989247311828,90.81632653061224,93.19371727748691
MNAR_h,None,AFPB8J2,20,64.34782608695652,81.31868131868131,75.51020408163265,78.3068783068783
MNAR_h,None,AFPB8J2,25,69.91150442477876,84.04255319148936,80.61224489795919,82.29166666666666
MNAR_h,None,A0VFT1N,05,86.0,97.72727272727273,87.75510204081633,92.47311827956989
MNAR_h,None,A0VFT1N,10,79.41176470588235,95.29411764705881,82.6530612244898,88.52459016393442
MNAR_h,None,A0VFT1N,15,65.38461538461539,91.8918918918919,69.38775510204081,79.06976744186046
MNAR_h,None,A0VFT1N,20,64.07766990291263,92.95774647887323,67.3469387755102,78.10650887573965
MNAR_h,None,A0VFT1N,25,53.84615384615385,90.32258064516128,57.14285714285714,70.0
MNAR_h,None,AURCTAK,05,90.19607843137256,95.83333333333334,93.87755102040816,94.84536082474227
MNAR_h,None,AURCTAK,10,78.18181818181819,87.75510204081633,87.75510204081633,87.75510204081631
MNAR_h,None,AURCTAK,15,49.18032786885246,71.42857142857143,61.224489795918366,65.93406593406593
MNAR_h,None,AURCTAK,20,27.77777777777778,75.0,30.612244897959183,43.47826086956522
MNAR_h,None,AURCTAK,25,10.526315789473683,42.857142857142854,12.244897959183673,19.047619047619047
MNAR_h,None,A36HR6Y,05,0.0,0.0,0.0,0.0
MNAR_h,None,A36HR6Y,10,0.0,0.0,0.0,0.0
MNAR_h,None,A36HR6Y,15,0.0,0.0,0.0,0.0
MNAR_h,None,A36HR6Y,20,0.0,0.0,0.0,0.0
MNAR_h,None,A36HR6Y,25,0.0,0.0,0.0,0.0
MNAR_h,None,A4E0D03,05,73.52941176470588,81.9672131147541,87.71929824561403,84.74576271186439
MNAR_h,None,A4E0D03,10,51.66666666666667,91.17647058823529,54.385964912280706,68.13186813186813
MNAR_h,None,A4E0D03,15,34.72222222222222,62.5,43.859649122807014,51.546391752577314
MNAR_h,None,A4E0D03,20,50.0,58.666666666666664,77.19298245614034,66.66666666666666
MNAR_h,None,A4E0D03,25,34.375,45.83333333333333,57.89473684210527,51.162790697674424
MNAR_h,None,AJMQUVV,05,60.60606060606061,74.07407407407408,76.92307692307693,75.47169811320754
MNAR_h,None,AJMQUVV,10,55.23809523809524,68.23529411764706,74.35897435897436,71.16564417177914
MNAR_h,None,AJMQUVV,15,41.17647058823529,54.44444444444444,62.82051282051282,58.333333333333336
MNAR_h,None,AJMQUVV,20,34.74576271186441,50.617283950617285,52.56410256410257,51.572327044025165
MNAR_h,None,AJMQUVV,25,30.57851239669421,46.25,47.43589743589743,46.835443037974684
MNAR_h,None,A4G0044,05,93.90243902439023,97.46835443037975,96.25,96.85534591194968
MNAR_h,None,A4G0044,10,70.96774193548387,83.54430379746836,82.5,83.01886792452831
MNAR_h,None,A4G0044,15,57.99999999999999,74.35897435897436,72.5,73.41772151898734
MNAR_h,None,A4G0044,20,46.728971962616825,64.93506493506493,62.5,63.69426751592356
MNAR_h,None,A4G0044,25,41.66666666666667,61.64383561643836,56.25,58.82352941176471
MNAR_h,None,AIFDJZB,05,93.54838709677419,93.54838709677419,100.0,96.66666666666666
MNAR_h,None,AIFDJZB,10,93.54838709677419,93.54838709677419,100.0,96.66666666666666
MNAR_h,None,AIFDJZB,15,57.99999999999999,57.99999999999999,100.0,73.41772151898734
MNAR_h,None,AIFDJZB,20,50.0,53.06122448979592,89.65517241379311,66.66666666666666
MNAR_h,None,AIFDJZB,25,53.191489361702125,58.139534883720934,86.20689655172413,69.44444444444446
MNAR_h,None,AQC0L71,05,90.2439024390244,92.5,97.36842105263158,94.87179487179489
MNAR_h,None,AQC0L71,10,89.74358974358975,97.22222222222221,92.10526315789474,94.59459459459458
MNAR_h,None,AQC0L71,15,92.3076923076923,97.2972972972973,94.73684210526315,95.99999999999999
MNAR_h,None,AQC0L71,20,52.63157894736842,100.0,52.63157894736842,68.96551724137932
MNAR_h,None,AQC0L71,25,48.717948717948715,95.0,50.0,65.51724137931035
MNAR_h,None,A7EM0B6,05,79.48717948717949,79.48717948717949,100.0,88.57142857142858
MNAR_h,None,A7EM0B6,10,45.09803921568628,53.48837209302325,74.19354838709677,62.16216216216216
MNAR_h,None,A7EM0B6,15,47.72727272727273,61.76470588235294,67.74193548387096,64.61538461538461
MNAR_h,None,A7EM0B6,20,0.0,0.0,0.0,0.0
MNAR_h,None,A7EM0B6,25,38.88888888888889,73.68421052631578,45.16129032258064,56.00000000000001
MNAR_h,Mean,A1ZJ41O,05,96.07843137254902,100.0,96.07843137254902,98.0
MNAR_h,Mean,A1ZJ41O,10,78.43137254901961,100.0,78.43137254901961,87.91208791208793
MNAR_h,Mean,A1ZJ41O,15,58.82352941176471,100.0,58.82352941176471,74.07407407407408
MNAR_h,Mean,A1ZJ41O,20,52.94117647058824,100.0,52.94117647058824,69.23076923076924
MNAR_h,Mean,A1ZJ41O,25,45.09803921568628,100.0,45.09803921568628,62.16216216216216
MNAR_h,Mean,AKXN5ZZ,05,90.98712446351931,95.4954954954955,95.06726457399103,95.28089887640448
MNAR_h,Mean,AKXN5ZZ,10,89.69957081545064,95.4337899543379,93.72197309417041,94.57013574660634
MNAR_h,Mean,AKXN5ZZ,15,94.22222222222221,99.06542056074767,95.06726457399103,97.02517162471396
MNAR_h,Mean,AKXN5ZZ,20,93.33333333333333,99.05660377358491,94.17040358744396,96.55172413793105
MNAR_h,Mean,AKXN5ZZ,25,79.05982905982906,94.38775510204081,82.95964125560538,88.3054892601432
MNAR_h,Mean,AAXAA7Z,05,99.1304347826087,99.1304347826087,100.0,99.56331877729258
MNAR_h,Mean,AAXAA7Z,10,99.1304347826087,99.1304347826087,100.0,99.56331877729258
MNAR_h,Mean,AAXAA7Z,15,98.26086956521739,99.12280701754386,99.12280701754386,99.12280701754386
MNAR_h,Mean,AAXAA7Z,20,91.59663865546219,95.6140350877193,95.6140350877193,95.6140350877193
MNAR_h,Mean,AAXAA7Z,25,90.0,94.73684210526315,94.73684210526315,94.73684210526315
MNAR_h,Mean,AA2KP1S,05,70.66666666666667,86.88524590163934,79.1044776119403,82.8125
MNAR_h,Mean,AA2KP1S,10,61.038961038961034,82.45614035087719,70.1492537313433,75.80645161290323
MNAR_h,Mean,AA2KP1S,15,49.275362318840585,94.44444444444444,50.74626865671642,66.01941747572816
MNAR_h,Mean,AA2KP1S,20,19.402985074626866,100.0,19.402985074626866,32.5
MNAR_h,Mean,AA2KP1S,25,0.0,0.0,0.0,0.0
MNAR_h,Mean,APGIB2T,05,97.46835443037975,98.71794871794873,98.71794871794873,98.71794871794873
MNAR_h,Mean,APGIB2T,10,97.46835443037975,98.71794871794873,98.71794871794873,98.71794871794873
MNAR_h,Mean,APGIB2T,15,86.41975308641975,95.8904109589041,89.74358974358975,92.71523178807948
MNAR_h,Mean,APGIB2T,20,74.39024390243902,93.84615384615384,78.2051282051282,85.3146853146853
MNAR_h,Mean,APGIB2T,25,53.65853658536586,91.66666666666666,56.41025641025641,69.84126984126982
MNAR_h,Mean,AHYIJDV,05,60.86956521739131,82.35294117647058,70.0,75.67567567567566
MNAR_h,Mean,AHYIJDV,10,37.03703703703704,58.82352941176471,50.0,54.05405405405405
MNAR_h,Mean,AHYIJDV,15,38.333333333333336,53.48837209302325,57.49999999999999,55.42168674698795
MNAR_h,Mean,AHYIJDV,20,40.32258064516129,53.191489361702125,62.5,57.47126436781609
MNAR_h,Mean,AHYIJDV,25,32.78688524590164,48.78048780487805,50.0,49.382716049382715
MNAR_h,Mean,ASFODQR,05,100.0,100.0,100.0,100.0
MNAR_h,Mean,ASFODQR,10,100.0,100.0,100.0,100.0
MNAR_h,Mean,ASFODQR,15,100.0,100.0,100.0,100.0
MNAR_h,Mean,ASFODQR,20,100.0,100.0,100.0,100.0
MNAR_h,Mean,ASFODQR,25,90.17857142857143,97.11538461538461,92.66055045871559,94.83568075117371
MNAR_h,Mean,AUY8KYW,05,96.07843137254902,100.0,96.07843137254902,98.0
MNAR_h,Mean,AUY8KYW,10,92.15686274509804,100.0,92.15686274509804,95.91836734693878
MNAR_h,Mean,AUY8KYW,15,52.94117647058824,100.0,52.94117647058824,69.23076923076924
MNAR_h,Mean,AUY8KYW,20,39.21568627450981,100.0,39.21568627450981,56.33802816901409
MNAR_h,Mean,AUY8KYW,25,35.294117647058826,100.0,35.294117647058826,52.17391304347826
MNAR_h,Mean,A3OU183,05,85.71428571428571,96.7741935483871,88.23529411764706,92.3076923076923
MNAR_h,Mean,A3OU183,10,64.7887323943662,93.87755102040816,67.64705882352942,78.63247863247864
MNAR_h,Mean,A3OU183,15,33.82352941176471,100.0,33.82352941176471,50.54945054945055
MNAR_h,Mean,A3OU183,20,10.294117647058822,100.0,10.294117647058822,18.666666666666664
MNAR_h,Mean,A3OU183,25,0.0,0.0,0.0,0.0
MNAR_h,Mean,AOYM4KG,05,96.7741935483871,98.36065573770492,98.36065573770492,98.36065573770492
MNAR_h,Mean,AOYM4KG,10,78.46153846153847,92.72727272727272,83.60655737704919,87.93103448275862
MNAR_h,Mean,AOYM4KG,15,63.07692307692307,91.11111111111111,67.21311475409836,77.35849056603773
MNAR_h,Mean,AOYM4KG,20,53.03030303030303,87.5,57.377049180327866,69.3069306930693
MNAR_h,Mean,AOYM4KG,25,28.985507246376812,71.42857142857143,32.78688524590164,44.9438202247191
MNAR_h,Mean,AV2GF3B,05,90.0990099009901,96.80851063829788,92.85714285714286,94.79166666666666
MNAR_h,Mean,AV2GF3B,10,74.52830188679245,90.80459770114942,80.61224489795919,85.4054054054054
MNAR_h,Mean,AV2GF3B,15,22.413793103448278,59.09090909090909,26.53061224489796,36.61971830985916
MNAR_h,Mean,AV2GF3B,20,24.074074074074073,72.22222222222221,26.53061224489796,38.80597014925374
MNAR_h,Mean,AV2GF3B,25,15.238095238095239,69.56521739130434,16.3265306122449,26.446280991735538
MNAR_h,Mean,A0NVTRV,05,38.46153846153847,55.55555555555556,55.55555555555556,55.55555555555556
MNAR_h,Mean,A0NVTRV,10,35.0,51.85185185185185,51.85185185185185,51.85185185185185
MNAR_h,Mean,A0NVTRV,15,25.581395348837212,40.74074074074074,40.74074074074074,40.74074074074074
MNAR_h,Mean,A0NVTRV,20,25.581395348837212,40.74074074074074,40.74074074074074,40.74074074074074
MNAR_h,Mean,A0NVTRV,25,33.33333333333333,50.0,50.0,50.0
MNAR_h,Mean,A1K5DRI,05,95.65217391304348,95.65217391304348,100.0,97.77777777777777
MNAR_h,Mean,A1K5DRI,10,97.77777777777777,97.77777777777777,100.0,98.87640449438202
MNAR_h,Mean,A1K5DRI,15,95.55555555555556,97.72727272727273,97.72727272727273,97.72727272727273
MNAR_h,Mean,A1K5DRI,20,86.36363636363636,100.0,86.36363636363636,92.68292682926828
MNAR_h,Mean,A1K5DRI,25,81.81818181818183,100.0,81.81818181818183,90.0
MNAR_h,Mean,AYEFCWQ,05,0.0,0.0,0.0,0.0
MNAR_h,Mean,AYEFCWQ,10,0.0,0.0,0.0,0.0
MNAR_h,Mean,AYEFCWQ,15,0.0,0.0,0.0,0.0
MNAR_h,Mean,AYEFCWQ,20,0.0,0.0,0.0,0.0
MNAR_h,Mean,AYEFCWQ,25,0.0,0.0,0.0,0.0
MNAR_h,Mean,AMV7EQF,05,83.87096774193549,91.22807017543859,91.22807017543859,91.22807017543859
MNAR_h,Mean,AMV7EQF,10,83.87096774193549,91.22807017543859,91.22807017543859,91.22807017543859
MNAR_h,Mean,AMV7EQF,15,80.95238095238095,89.47368421052632,89.47368421052632,89.47368421052632
MNAR_h,Mean,AMV7EQF,20,80.95238095238095,89.47368421052632,89.47368421052632,89.47368421052632
MNAR_h,Mean,AMV7EQF,25,75.38461538461539,85.96491228070175,85.96491228070175,85.96491228070175
MNAR_h,Mean,AZIK4ZA,05,100.0,100.0,100.0,100.0
MNAR_h,Mean,AZIK4ZA,10,93.75,98.36065573770492,95.23809523809523,96.77419354838709
MNAR_h,Mean,AZIK4ZA,15,93.75,98.36065573770492,95.23809523809523,96.77419354838709
MNAR_h,Mean,AZIK4ZA,20,88.05970149253731,93.65079365079364,93.65079365079364,93.65079365079364
MNAR_h,Mean,AZIK4ZA,25,89.39393939393939,95.16129032258065,93.65079365079364,94.39999999999999
MNAR_h,Mean,AJWW3IY,05,92.15686274509804,95.91836734693877,95.91836734693877,95.91836734693877
MNAR_h,Mean,AJWW3IY,10,90.9090909090909,95.23809523809523,95.23809523809523,95.23809523809523
MNAR_h,Mean,AJWW3IY,15,89.1025641025641,93.91891891891892,94.5578231292517,94.23728813559322
MNAR_h,Mean,AJWW3IY,20,89.6774193548387,94.5578231292517,94.5578231292517,94.5578231292517
MNAR_h,Mean,AJWW3IY,25,89.1025641025641,93.91891891891892,94.5578231292517,94.23728813559322
MNAR_h,Mean,AX6281V,05,81.94444444444444,100.0,81.94444444444444,90.07633587786259
MNAR_h,Mean,AX6281V,10,62.5,100.0,62.5,76.92307692307693
MNAR_h,Mean,AX6281V,15,48.61111111111111,100.0,48.61111111111111,65.42056074766354
MNAR_h,Mean,AX6281V,20,29.166666666666668,100.0,29.166666666666668,45.16129032258064
MNAR_h,Mean,AX6281V,25,21.052631578947366,80.0,22.22222222222222,34.78260869565218
MNAR_h,Mean,AYWIEKR,05,71.54471544715447,80.0,87.12871287128714,83.41232227488152
MNAR_h,Mean,AYWIEKR,10,67.17557251908397,74.57627118644068,87.12871287128714,80.36529680365295
MNAR_h,Mean,AYWIEKR,15,66.41221374045801,74.35897435897436,86.13861386138613,79.8165137614679
MNAR_h,Mean,AYWIEKR,20,60.431654676258994,68.85245901639344,83.16831683168317,75.33632286995517
MNAR_h,Mean,AYWIEKR,25,56.934306569343065,68.42105263157895,77.22772277227723,72.55813953488371
MNAR_h,Mean,ATHKM6V,05,88.37209302325581,88.37209302325581,100.0,93.82716049382717
MNAR_h,Mean,ATHKM6V,10,57.89473684210527,100.0,57.89473684210527,73.33333333333334
MNAR_h,Mean,ATHKM6V,15,5.263157894736842,100.0,5.263157894736842,10.0
MNAR_h,Mean,ATHKM6V,20,0.0,0.0,0.0,0.0
MNAR_h,Mean,ATHKM6V,25,0.0,0.0,0.0,0.0
MNAR_h,Mean,AFPB8J2,05,88.3495145631068,94.79166666666666,92.85714285714286,93.81443298969072
MNAR_h,Mean,AFPB8J2,10,88.3495145631068,94.79166666666666,92.85714285714286,93.81443298969072
MNAR_h,Mean,AFPB8J2,15,91.91919191919192,98.91304347826086,92.85714285714286,95.78947368421052
MNAR_h,Mean,AFPB8J2,20,93.87755102040816,100.0,93.87755102040816,96.84210526315789
MNAR_h,Mean,AFPB8J2,25,87.12871287128714,96.7032967032967,89.79591836734694,93.12169312169313
MNAR_h,Mean,A0VFT1N,05,94.89795918367348,100.0,94.89795918367348,97.38219895287958
MNAR_h,Mean,A0VFT1N,10,90.81632653061224,100.0,90.81632653061224,95.18716577540107
MNAR_h,Mean,A0VFT1N,15,90.9090909090909,98.9010989010989,91.83673469387756,95.23809523809524
MNAR_h,Mean,A0VFT1N,20,81.1881188118812,96.47058823529412,83.6734693877551,89.61748633879782
MNAR_h,Mean,A0VFT1N,25,72.27722772277228,96.05263157894737,74.48979591836735,83.9080459770115
MNAR_h,Mean,AURCTAK,05,100.0,100.0,100.0,100.0
MNAR_h,Mean,AURCTAK,10,90.0,97.82608695652173,91.83673469387756,94.73684210526316
MNAR_h,Mean,AURCTAK,15,62.96296296296296,87.17948717948718,69.38775510204081,77.27272727272728
MNAR_h,Mean,AURCTAK,20,28.846153846153843,83.33333333333334,30.612244897959183,44.776119402985074
MNAR_h,Mean,AURCTAK,25,9.433962264150944,55.55555555555556,10.204081632653061,17.24137931034483
MNAR_h,Mean,A36HR6Y,05,0.0,0.0,0.0,0.0
MNAR_h,Mean,A36HR6Y,10,0.0,0.0,0.0,0.0
MNAR_h,Mean,A36HR6Y,15,0.0,0.0,0.0,0.0
MNAR_h,Mean,A36HR6Y,20,0.0,0.0,0.0,0.0
MNAR_h,Mean,A36HR6Y,25,0.0,0.0,0.0,0.0
MNAR_h,Mean,A4E0D03,05,98.27586206896551,98.27586206896551,100.0,99.13043478260869
MNAR_h,Mean,A4E0D03,10,76.92307692307693,86.20689655172413,87.71929824561403,86.95652173913044
MNAR_h,Mean,A4E0D03,15,48.05194805194805,64.91228070175438,64.91228070175438,64.91228070175438
MNAR_h,Mean,A4E0D03,20,35.16483516483517,48.484848484848484,56.14035087719298,52.032520325203244
MNAR_h,Mean,A4E0D03,25,29.78723404255319,43.07692307692308,49.122807017543856,45.90163934426229
MNAR_h,Mean,AJMQUVV,05,75.82417582417582,84.14634146341463,88.46153846153845,86.25
MNAR_h,Mean,AJMQUVV,10,68.75,78.57142857142857,84.61538461538461,81.48148148148148
MNAR_h,Mean,AJMQUVV,15,55.769230769230774,69.04761904761905,74.35897435897436,71.60493827160495
MNAR_h,Mean,AJMQUVV,20,51.886792452830186,66.26506024096386,70.51282051282051,68.32298136645963
MNAR_h,Mean,AJMQUVV,25,48.214285714285715,61.36363636363637,69.23076923076923,65.06024096385543
MNAR_h,Mean,A4G0044,05,92.7710843373494,96.25,96.25,96.25000000000001
MNAR_h,Mean,A4G0044,10,79.7752808988764,88.75,88.75,88.75
MNAR_h,Mean,A4G0044,15,66.66666666666666,80.0,80.0,80.00000000000001
MNAR_h,Mean,A4G0044,20,61.61616161616161,76.25,76.25,76.25
MNAR_h,Mean,A4G0044,25,51.45631067961165,69.73684210526315,66.25,67.94871794871794
MNAR_h,Mean,AIFDJZB,05,100.0,100.0,100.0,100.0
MNAR_h,Mean,AIFDJZB,10,100.0,100.0,100.0,100.0
MNAR_h,Mean,AIFDJZB,15,96.66666666666667,96.66666666666667,100.0,98.3050847457627
MNAR_h,Mean,AIFDJZB,20,96.66666666666667,96.66666666666667,100.0,98.3050847457627
MNAR_h,Mean,AIFDJZB,25,96.55172413793103,100.0,96.55172413793103,98.24561403508771
MNAR_h,Mean,AQC0L71,05,97.36842105263158,100.0,97.36842105263158,98.66666666666666
MNAR_h,Mean,AQC0L71,10,89.47368421052632,100.0,89.47368421052632,94.44444444444444
MNAR_h,Mean,AQC0L71,15,78.94736842105263,100.0,78.94736842105263,88.23529411764706
MNAR_h,Mean,AQC0L71,20,50.0,100.0,50.0,66.66666666666666
MNAR_h,Mean,AQC0L71,25,26.31578947368421,100.0,26.31578947368421,41.66666666666667
MNAR_h,Mean,A7EM0B6,05,100.0,100.0,100.0,100.0
MNAR_h,Mean,A7EM0B6,10,93.75,96.7741935483871,96.7741935483871,96.7741935483871
MNAR_h,Mean,A7EM0B6,15,75.0,96.0,77.41935483870968,85.71428571428571
MNAR_h,Mean,A7EM0B6,20,48.38709677419355,100.0,48.38709677419355,65.21739130434783
MNAR_h,Mean,A7EM0B6,25,48.484848484848484,88.88888888888889,51.61290322580645,65.3061224489796
MNAR_h,LR,A1ZJ41O,05,94.11764705882352,100.0,94.11764705882352,96.96969696969697
MNAR_h,LR,A1ZJ41O,10,86.27450980392157,100.0,86.27450980392157,92.63157894736842
MNAR_h,LR,A1ZJ41O,15,70.58823529411765,100.0,70.58823529411765,82.75862068965517
MNAR_h,LR,A1ZJ41O,20,58.82352941176471,100.0,58.82352941176471,74.07407407407408
MNAR_h,LR,A1ZJ41O,25,49.01960784313725,100.0,49.01960784313725,65.78947368421052
MNAR_h,LR,AKXN5ZZ,05,96.05263157894737,97.76785714285714,98.20627802690582,97.98657718120806
MNAR_h,LR,AKXN5ZZ,10,93.44978165938865,97.27272727272728,95.96412556053812,96.61399548532731
MNAR_h,LR,AKXN5ZZ,15,92.54385964912281,97.68518518518519,94.61883408071749,96.12756264236901
MNAR_h,LR,AKXN5ZZ,20,93.85964912280701,97.71689497716895,95.96412556053812,96.83257918552036
MNAR_h,LR,AKXN5ZZ,25,92.47787610619469,98.58490566037736,93.72197309417041,96.09195402298852
MNAR_h,LR,AAXAA7Z,05,100.0,100.0,100.0,100.0
MNAR_h,LR,AAXAA7Z,10,98.26086956521739,99.12280701754386,99.12280701754386,99.12280701754386
MNAR_h,LR,AAXAA7Z,15,98.26086956521739,99.12280701754386,99.12280701754386,99.12280701754386
MNAR_h,LR,AAXAA7Z,20,94.87179487179486,97.36842105263158,97.36842105263158,97.36842105263158
MNAR_h,LR,AAXAA7Z,25,94.0677966101695,96.52173913043478,97.36842105263158,96.94323144104806
MNAR_h,LR,AA2KP1S,05,78.66666666666666,88.05970149253731,88.05970149253731,88.05970149253731
MNAR_h,LR,AA2KP1S,10,72.0,87.09677419354838,80.59701492537313,83.72093023255813
MNAR_h,LR,AA2KP1S,15,69.33333333333334,86.66666666666667,77.61194029850746,81.88976377952756
MNAR_h,LR,AA2KP1S,20,69.86301369863014,89.47368421052632,76.11940298507463,82.25806451612904
MNAR_h,LR,AA2KP1S,25,70.4225352112676,92.5925925925926,74.6268656716418,82.64462809917356
MNAR_h,LR,APGIB2T,05,97.46835443037975,98.71794871794873,98.71794871794873,98.71794871794873
MNAR_h,LR,APGIB2T,10,97.46835443037975,98.71794871794873,98.71794871794873,98.71794871794873
MNAR_h,LR,APGIB2T,15,92.5,97.36842105263158,94.87179487179486,96.10389610389612
MNAR_h,LR,APGIB2T,20,90.0,97.2972972972973,92.3076923076923,94.73684210526315
MNAR_h,LR,APGIB2T,25,74.07407407407408,95.23809523809523,76.92307692307693,85.10638297872339
MNAR_h,LR,AHYIJDV,05,77.27272727272727,89.47368421052632,85.0,87.17948717948718
MNAR_h,LR,AHYIJDV,10,59.57446808510638,80.0,70.0,74.66666666666666
MNAR_h,LR,AHYIJDV,15,42.30769230769231,64.70588235294117,55.00000000000001,59.45945945945946
MNAR_h,LR,AHYIJDV,20,47.05882352941176,68.57142857142857,60.0,64.0
MNAR_h,LR,AHYIJDV,25,55.319148936170215,78.78787878787878,65.0,71.23287671232875
MNAR_h,LR,ASFODQR,05,100.0,100.0,100.0,100.0
MNAR_h,LR,ASFODQR,10,100.0,100.0,100.0,100.0
MNAR_h,LR,ASFODQR,15,100.0,100.0,100.0,100.0
MNAR_h,LR,ASFODQR,20,100.0,100.0,100.0,100.0
MNAR_h,LR,ASFODQR,25,100.0,100.0,100.0,100.0
MNAR_h,LR,AUY8KYW,05,96.07843137254902,100.0,96.07843137254902,98.0
MNAR_h,LR,AUY8KYW,10,86.27450980392157,100.0,86.27450980392157,92.63157894736842
MNAR_h,LR,AUY8KYW,15,66.66666666666666,100.0,66.66666666666666,80.0
MNAR_h,LR,AUY8KYW,20,66.66666666666666,100.0,66.66666666666666,80.0
MNAR_h,LR,AUY8KYW,25,45.09803921568628,100.0,45.09803921568628,62.16216216216216
MNAR_h,LR,A3OU183,05,88.57142857142857,96.875,91.17647058823529,93.93939393939394
MNAR_h,LR,A3OU183,10,82.35294117647058,100.0,82.35294117647058,90.32258064516128
MNAR_h,LR,A3OU183,15,70.58823529411765,100.0,70.58823529411765,82.75862068965517
MNAR_h,LR,A3OU183,20,52.94117647058824,100.0,52.94117647058824,69.23076923076924
MNAR_h,LR,A3OU183,25,33.82352941176471,100.0,33.82352941176471,50.54945054945055
MNAR_h,LR,AOYM4KG,05,98.36065573770492,100.0,98.36065573770492,99.17355371900827
MNAR_h,LR,AOYM4KG,10,79.6875,94.44444444444444,83.60655737704919,88.69565217391305
MNAR_h,LR,AOYM4KG,15,65.15151515151516,89.58333333333334,70.49180327868852,78.89908256880733
MNAR_h,LR,AOYM4KG,20,59.09090909090909,88.63636363636364,63.934426229508205,74.2857142857143
MNAR_h,LR,AOYM4KG,25,54.6875,92.10526315789474,57.377049180327866,70.70707070707071
MNAR_h,LR,AV2GF3B,05,96.96969696969697,98.96907216494846,97.95918367346938,98.46153846153847
MNAR_h,LR,AV2GF3B,10,94.94949494949495,98.94736842105263,95.91836734693877,97.40932642487047
MNAR_h,LR,AV2GF3B,15,91.0,97.84946236559139,92.85714285714286,95.28795811518324
MNAR_h,LR,AV2GF3B,20,88.88888888888889,98.87640449438202,89.79591836734694,94.11764705882354
MNAR_h,LR,AV2GF3B,25,85.71428571428571,100.0,85.71428571428571,92.3076923076923
MNAR_h,LR,A0NVTRV,05,43.47826086956522,66.66666666666666,55.55555555555556,60.606060606060595
MNAR_h,LR,A0NVTRV,10,42.25352112676056,63.829787234042556,55.55555555555556,59.4059405940594
MNAR_h,LR,A0NVTRV,15,39.473684210526315,57.692307692307686,55.55555555555556,56.60377358490566
MNAR_h,LR,A0NVTRV,20,38.46153846153847,55.55555555555556,55.55555555555556,55.55555555555556
MNAR_h,LR,A0NVTRV,25,38.46153846153847,55.55555555555556,55.55555555555556,55.55555555555556
MNAR_h,LR,A1K5DRI,05,95.65217391304348,95.65217391304348,100.0,97.77777777777777
MNAR_h,LR,A1K5DRI,10,95.65217391304348,95.65217391304348,100.0,97.77777777777777
MNAR_h,LR,A1K5DRI,15,95.65217391304348,95.65217391304348,100.0,97.77777777777777
MNAR_h,LR,A1K5DRI,20,95.55555555555556,97.72727272727273,97.72727272727273,97.72727272727273
MNAR_h,LR,A1K5DRI,25,95.55555555555556,97.72727272727273,97.72727272727273,97.72727272727273
MNAR_h,LR,AYEFCWQ,05,0.0,0.0,0.0,0.0
MNAR_h,LR,AYEFCWQ,10,0.0,0.0,0.0,0.0
MNAR_h,LR,AYEFCWQ,15,0.0,0.0,0.0,0.0
MNAR_h,LR,AYEFCWQ,20,0.0,0.0,0.0,0.0
MNAR_h,LR,AYEFCWQ,25,0.0,0.0,0.0,0.0
MNAR_h,LR,AMV7EQF,05,88.52459016393442,93.10344827586206,94.73684210526315,93.91304347826087
MNAR_h,LR,AMV7EQF,10,83.87096774193549,91.22807017543859,91.22807017543859,91.22807017543859
MNAR_h,LR,AMV7EQF,15,82.53968253968253,89.65517241379311,91.22807017543859,90.43478260869566
MNAR_h,LR,AMV7EQF,20,82.53968253968253,89.65517241379311,91.22807017543859,90.43478260869566
MNAR_h,LR,AMV7EQF,25,83.87096774193549,91.22807017543859,91.22807017543859,91.22807017543859
MNAR_h,LR,AZIK4ZA,05,100.0,100.0,100.0,100.0
MNAR_h,LR,AZIK4ZA,10,96.82539682539682,100.0,96.82539682539682,98.38709677419354
MNAR_h,LR,AZIK4ZA,15,93.75,98.36065573770492,95.23809523809523,96.77419354838709
MNAR_h,LR,AZIK4ZA,20,88.05970149253731,93.65079365079364,93.65079365079364,93.65079365079364
MNAR_h,LR,AZIK4ZA,25,90.76923076923077,96.72131147540983,93.65079365079364,95.16129032258064
MNAR_h,LR,AJWW3IY,05,96.0,97.95918367346938,97.95918367346938,97.95918367346938
MNAR_h,LR,AJWW3IY,10,94.70198675496688,97.27891156462584,97.27891156462584,97.27891156462584
MNAR_h,LR,AJWW3IY,15,94.70198675496688,97.27891156462584,97.27891156462584,97.27891156462584
MNAR_h,LR,AJWW3IY,20,94.70198675496688,97.27891156462584,97.27891156462584,97.27891156462584
MNAR_h,LR,AJWW3IY,25,92.15686274509804,95.91836734693877,95.91836734693877,95.91836734693877
MNAR_h,LR,AX6281V,05,87.83783783783784,97.01492537313433,90.27777777777779,93.52517985611512
MNAR_h,LR,AX6281V,10,68.05555555555556,100.0,68.05555555555556,80.99173553719008
MNAR_h,LR,AX6281V,15,58.333333333333336,100.0,58.333333333333336,73.68421052631578
MNAR_h,LR,AX6281V,20,52.77777777777778,100.0,52.77777777777778,69.0909090909091
MNAR_h,LR,AX6281V,25,52.77777777777778,100.0,52.77777777777778,69.0909090909091
MNAR_h,LR,AYWIEKR,05,88.28828828828829,90.74074074074075,97.02970297029702,93.77990430622009
MNAR_h,LR,AYWIEKR,10,75.21367521367522,84.61538461538461,87.12871287128714,85.85365853658537
MNAR_h,LR,AYWIEKR,15,73.33333333333333,82.2429906542056,87.12871287128714,84.61538461538461
MNAR_h,LR,AYWIEKR,20,66.92307692307692,75.0,86.13861386138613,80.18433179723503
MNAR_h,LR,AYWIEKR,25,63.23529411764706,71.07438016528926,85.14851485148515,77.47747747747748
MNAR_h,LR,ATHKM6V,05,84.44444444444444,84.44444444444444,100.0,91.56626506024097
MNAR_h,LR,ATHKM6V,10,88.37209302325581,88.37209302325581,100.0,93.82716049382717
MNAR_h,LR,ATHKM6V,15,56.41025641025641,95.65217391304348,57.89473684210527,72.13114754098359
MNAR_h,LR,ATHKM6V,20,0.0,0.0,0.0,0.0
MNAR_h,LR,ATHKM6V,25,0.0,0.0,0.0,0.0
MNAR_h,LR,AFPB8J2,05,92.07920792079209,96.875,94.89795918367348,95.87628865979381
MNAR_h,LR,AFPB8J2,10,88.3495145631068,94.79166666666666,92.85714285714286,93.81443298969072
MNAR_h,LR,AFPB8J2,15,91.0,97.84946236559139,92.85714285714286,95.28795811518324
MNAR_h,LR,AFPB8J2,20,94.89795918367348,100.0,94.89795918367348,97.38219895287958
MNAR_h,LR,AFPB8J2,25,93.87755102040816,100.0,93.87755102040816,96.84210526315789
MNAR_h,LR,A0VFT1N,05,98.9795918367347,100.0,98.9795918367347,99.48717948717947
MNAR_h,LR,A0VFT1N,10,95.91836734693877,100.0,95.91836734693877,97.91666666666666
MNAR_h,LR,A0VFT1N,15,95.91836734693877,100.0,95.91836734693877,97.91666666666666
MNAR_h,LR,A0VFT1N,20,95.91836734693877,100.0,95.91836734693877,97.91666666666666
MNAR_h,LR,A0VFT1N,25,92.85714285714286,100.0,92.85714285714286,96.2962962962963
MNAR_h,LR,AURCTAK,05,100.0,100.0,100.0,100.0
MNAR_h,LR,AURCTAK,10,94.0,97.91666666666666,95.91836734693877,96.90721649484536
MNAR_h,LR,AURCTAK,15,76.92307692307693,93.02325581395348,81.63265306122449,86.95652173913044
MNAR_h,LR,AURCTAK,20,58.490566037735846,88.57142857142857,63.26530612244898,73.80952380952381
MNAR_h,LR,AURCTAK,25,44.230769230769226,88.46153846153845,46.93877551020408,61.33333333333333
MNAR_h,LR,A36HR6Y,05,22.22222222222222,100.0,22.22222222222222,36.36363636363636
MNAR_h,LR,A36HR6Y,10,0.0,0.0,0.0,0.0
MNAR_h,LR,A36HR6Y,15,0.0,0.0,0.0,0.0
MNAR_h,LR,A36HR6Y,20,0.0,0.0,0.0,0.0
MNAR_h,LR,A36HR6Y,25,0.0,0.0,0.0,0.0
MNAR_h,LR,A4E0D03,05,96.61016949152543,96.61016949152543,100.0,98.27586206896551
MNAR_h,LR,A4E0D03,10,87.3015873015873,90.1639344262295,96.49122807017544,93.22033898305084
MNAR_h,LR,A4E0D03,15,80.3030303030303,85.48387096774194,92.98245614035088,89.07563025210085
MNAR_h,LR,A4E0D03,20,63.013698630136986,74.19354838709677,80.7017543859649,77.3109243697479
MNAR_h,LR,A4E0D03,25,56.57894736842105,69.35483870967742,75.43859649122807,72.26890756302521
MNAR_h,LR,AJMQUVV,05,80.45977011494253,88.60759493670885,89.74358974358975,89.17197452229298
MNAR_h,LR,AJMQUVV,10,70.2127659574468,80.48780487804879,84.61538461538461,82.5
MNAR_h,LR,AJMQUVV,15,65.625,77.77777777777779,80.76923076923077,79.24528301886792
MNAR_h,LR,AJMQUVV,20,64.58333333333334,77.5,79.48717948717949,78.48101265822785
MNAR_h,LR,AJMQUVV,25,63.0,74.11764705882354,80.76923076923077,77.30061349693251
MNAR_h,LR,A4G0044,05,97.53086419753086,98.75,98.75,98.75
MNAR_h,LR,A4G0044,10,86.04651162790698,92.5,92.5,92.5
MNAR_h,LR,A4G0044,15,79.7752808988764,88.75,88.75,88.75
MNAR_h,LR,A4G0044,20,75.82417582417582,86.25,86.25,86.25
MNAR_h,LR,A4G0044,25,68.42105263157895,81.25,81.25,81.25
MNAR_h,LR,AIFDJZB,05,100.0,100.0,100.0,100.0
MNAR_h,LR,AIFDJZB,10,100.0,100.0,100.0,100.0
MNAR_h,LR,AIFDJZB,15,96.66666666666667,96.66666666666667,100.0,98.3050847457627
MNAR_h,LR,AIFDJZB,20,96.66666666666667,96.66666666666667,100.0,98.3050847457627
MNAR_h,LR,AIFDJZB,25,93.33333333333333,96.55172413793103,96.55172413793103,96.55172413793103
MNAR_h,LR,AQC0L71,05,100.0,100.0,100.0,100.0
MNAR_h,LR,AQC0L71,10,97.36842105263158,100.0,97.36842105263158,98.66666666666666
MNAR_h,LR,AQC0L71,15,94.73684210526315,100.0,94.73684210526315,97.2972972972973
MNAR_h,LR,AQC0L71,20,84.21052631578947,100.0,84.21052631578947,91.42857142857143
MNAR_h,LR,AQC0L71,25,71.05263157894737,100.0,71.05263157894737,83.07692307692308
MNAR_h,LR,A7EM0B6,05,100.0,100.0,100.0,100.0
MNAR_h,LR,A7EM0B6,10,96.875,96.875,100.0,98.4126984126984
MNAR_h,LR,A7EM0B6,15,93.93939393939394,93.93939393939394,100.0,96.875
MNAR_h,LR,A7EM0B6,20,75.0,96.0,77.41935483870968,85.71428571428571
MNAR_h,LR,A7EM0B6,25,74.19354838709677,100.0,74.19354838709677,85.18518518518519
MNAR_h,HT,A1ZJ41O,05,94.11764705882352,100.0,94.11764705882352,96.96969696969697
MNAR_h,HT,A1ZJ41O,10,88.23529411764706,100.0,88.23529411764706,93.75
MNAR_h,HT,A1ZJ41O,15,74.50980392156863,100.0,74.50980392156863,85.39325842696628
MNAR_h,HT,A1ZJ41O,20,58.82352941176471,100.0,58.82352941176471,74.07407407407408
MNAR_h,HT,A1ZJ41O,25,52.94117647058824,100.0,52.94117647058824,69.23076923076924
MNAR_h,HT,AKXN5ZZ,05,94.73684210526315,97.73755656108597,96.8609865470852,97.2972972972973
MNAR_h,HT,AKXN5ZZ,10,92.57641921397381,97.24770642201835,95.06726457399103,96.14512471655328
MNAR_h,HT,AKXN5ZZ,15,90.8695652173913,96.75925925925925,93.72197309417041,95.21640091116174
MNAR_h,HT,AKXN5ZZ,20,91.73913043478261,96.78899082568807,94.61883408071749,95.69160997732425
MNAR_h,HT,AKXN5ZZ,25,92.44444444444444,99.04761904761905,93.27354260089686,96.07390300230948
MNAR_h,HT,AAXAA7Z,05,100.0,100.0,100.0,100.0
MNAR_h,HT,AAXAA7Z,10,99.1304347826087,99.1304347826087,100.0,99.56331877729258
MNAR_h,HT,AAXAA7Z,15,99.1304347826087,99.1304347826087,100.0,99.56331877729258
MNAR_h,HT,AAXAA7Z,20,94.87179487179486,97.36842105263158,97.36842105263158,97.36842105263158
MNAR_h,HT,AAXAA7Z,25,93.22033898305084,96.49122807017544,96.49122807017544,96.49122807017544
MNAR_h,HT,AA2KP1S,05,78.66666666666666,88.05970149253731,88.05970149253731,88.05970149253731
MNAR_h,HT,AA2KP1S,10,68.42105263157895,85.24590163934425,77.61194029850746,81.24999999999999
MNAR_h,HT,AA2KP1S,15,67.10526315789474,85.0,76.11940298507463,80.31496062992126
MNAR_h,HT,AA2KP1S,20,67.6056338028169,92.3076923076923,71.64179104477611,80.67226890756302
MNAR_h,HT,AA2KP1S,25,63.76811594202898,95.65217391304348,65.67164179104478,77.87610619469028
MNAR_h,HT,APGIB2T,05,97.46835443037975,98.71794871794873,98.71794871794873,98.71794871794873
MNAR_h,HT,APGIB2T,10,97.46835443037975,98.71794871794873,98.71794871794873,98.71794871794873
MNAR_h,HT,APGIB2T,15,92.5,97.36842105263158,94.87179487179486,96.10389610389612
MNAR_h,HT,APGIB2T,20,88.75,97.26027397260275,91.02564102564102,94.03973509933775
MNAR_h,HT,APGIB2T,25,75.30864197530865,95.3125,78.2051282051282,85.91549295774648
MNAR_h,HT,AHYIJDV,05,77.27272727272727,89.47368421052632,85.0,87.17948717948718
MNAR_h,HT,AHYIJDV,10,55.10204081632652,75.0,67.5,71.05263157894738
MNAR_h,HT,AHYIJDV,15,46.15384615384615,66.66666666666666,60.0,63.1578947368421
MNAR_h,HT,AHYIJDV,20,62.745098039215684,74.4186046511628,80.0,77.10843373493975
MNAR_h,HT,AHYIJDV,25,50.877192982456144,63.04347826086957,72.5,67.44186046511628
MNAR_h,HT,ASFODQR,05,100.0,100.0,100.0,100.0
MNAR_h,HT,ASFODQR,10,100.0,100.0,100.0,100.0
MNAR_h,HT,ASFODQR,15,100.0,100.0,100.0,100.0
MNAR_h,HT,ASFODQR,20,100.0,100.0,100.0,100.0
MNAR_h,HT,ASFODQR,25,100.0,100.0,100.0,100.0
MNAR_h,HT,AUY8KYW,05,98.0392156862745,100.0,98.0392156862745,99.009900990099
MNAR_h,HT,AUY8KYW,10,86.27450980392157,100.0,86.27450980392157,92.63157894736842
MNAR_h,HT,AUY8KYW,15,62.745098039215684,100.0,62.745098039215684,77.10843373493977
MNAR_h,HT,AUY8KYW,20,58.82352941176471,100.0,58.82352941176471,74.07407407407408
MNAR_h,HT,AUY8KYW,25,45.09803921568628,100.0,45.09803921568628,62.16216216216216
MNAR_h,HT,A3OU183,05,90.0,96.92307692307692,92.64705882352942,94.73684210526316
MNAR_h,HT,A3OU183,10,82.35294117647058,100.0,82.35294117647058,90.32258064516128
MNAR_h,HT,A3OU183,15,67.64705882352942,100.0,67.64705882352942,80.70175438596492
MNAR_h,HT,A3OU183,20,58.82352941176471,100.0,58.82352941176471,74.07407407407408
MNAR_h,HT,A3OU183,25,29.411764705882355,100.0,29.411764705882355,45.45454545454545
MNAR_h,HT,AOYM4KG,05,98.36065573770492,100.0,98.36065573770492,99.17355371900827
MNAR_h,HT,AOYM4KG,10,79.6875,94.44444444444444,83.60655737704919,88.69565217391305
MNAR_h,HT,AOYM4KG,15,66.15384615384615,91.48936170212765,70.49180327868852,79.62962962962963
MNAR_h,HT,AOYM4KG,20,59.09090909090909,88.63636363636364,63.934426229508205,74.2857142857143
MNAR_h,HT,AOYM4KG,25,56.92307692307692,90.2439024390244,60.65573770491803,72.54901960784315
MNAR_h,HT,AV2GF3B,05,97.97979797979798,98.9795918367347,98.9795918367347,98.9795918367347
MNAR_h,HT,AV2GF3B,10,74.52830188679245,90.80459770114942,80.61224489795919,85.4054054054054
MNAR_h,HT,AV2GF3B,15,66.35514018691589,88.75,72.44897959183673,79.7752808988764
MNAR_h,HT,AV2GF3B,20,63.8095238095238,90.54054054054053,68.36734693877551,77.90697674418605
MNAR_h,HT,AV2GF3B,25,61.0,96.82539682539682,62.244897959183675,75.77639751552796
MNAR_h,HT,A0NVTRV,05,43.47826086956522,66.66666666666666,55.55555555555556,60.606060606060595
MNAR_h,HT,A0NVTRV,10,40.54054054054054,60.0,55.55555555555556,57.6923076923077
MNAR_h,HT,A0NVTRV,15,38.46153846153847,55.55555555555556,55.55555555555556,55.55555555555556
MNAR_h,HT,A0NVTRV,20,38.46153846153847,55.55555555555556,55.55555555555556,55.55555555555556
MNAR_h,HT,A0NVTRV,25,36.708860759493675,53.70370370370371,53.70370370370371,53.70370370370371
MNAR_h,HT,A1K5DRI,05,95.65217391304348,95.65217391304348,100.0,97.77777777777777
MNAR_h,HT,A1K5DRI,10,95.65217391304348,95.65217391304348,100.0,97.77777777777777
MNAR_h,HT,A1K5DRI,15,95.65217391304348,95.65217391304348,100.0,97.77777777777777
MNAR_h,HT,A1K5DRI,20,95.55555555555556,97.72727272727273,97.72727272727273,97.72727272727273
MNAR_h,HT,A1K5DRI,25,93.33333333333333,97.67441860465115,95.45454545454545,96.55172413793103
MNAR_h,HT,AYEFCWQ,05,5.797101449275362,100.0,5.797101449275362,10.95890410958904
MNAR_h,HT,AYEFCWQ,10,0.0,0.0,0.0,0.0
MNAR_h,HT,AYEFCWQ,15,0.0,0.0,0.0,0.0
MNAR_h,HT,AYEFCWQ,20,0.0,0.0,0.0,0.0
MNAR_h,HT,AYEFCWQ,25,0.0,0.0,0.0,0.0
MNAR_h,HT,AMV7EQF,05,88.52459016393442,93.10344827586206,94.73684210526315,93.91304347826087
MNAR_h,HT,AMV7EQF,10,83.87096774193549,91.22807017543859,91.22807017543859,91.22807017543859
MNAR_h,HT,AMV7EQF,15,83.87096774193549,91.22807017543859,91.22807017543859,91.22807017543859
MNAR_h,HT,AMV7EQF,20,83.87096774193549,91.22807017543859,91.22807017543859,91.22807017543859
MNAR_h,HT,AMV7EQF,25,80.95238095238095,89.47368421052632,89.47368421052632,89.47368421052632
MNAR_h,HT,AZIK4ZA,05,100.0,100.0,100.0,100.0
MNAR_h,HT,AZIK4ZA,10,95.3125,98.38709677419355,96.82539682539682,97.6
MNAR_h,HT,AZIK4ZA,15,93.75,98.36065573770492,95.23809523809523,96.77419354838709
MNAR_h,HT,AZIK4ZA,20,88.05970149253731,93.65079365079364,93.65079365079364,93.65079365079364
MNAR_h,HT,AZIK4ZA,25,89.39393939393939,95.16129032258065,93.65079365079364,94.39999999999999
MNAR_h,HT,AJWW3IY,05,96.0,97.95918367346938,97.95918367346938,97.95918367346938
MNAR_h,HT,AJWW3IY,10,94.70198675496688,97.27891156462584,97.27891156462584,97.27891156462584
MNAR_h,HT,AJWW3IY,15,94.70198675496688,97.27891156462584,97.27891156462584,97.27891156462584
MNAR_h,HT,AJWW3IY,20,94.70198675496688,97.27891156462584,97.27891156462584,97.27891156462584
MNAR_h,HT,AJWW3IY,25,96.0,97.95918367346938,97.95918367346938,97.95918367346938
MNAR_h,HT,AX6281V,05,87.83783783783784,97.01492537313433,90.27777777777779,93.52517985611512
MNAR_h,HT,AX6281V,10,69.44444444444444,100.0,69.44444444444444,81.9672131147541
MNAR_h,HT,AX6281V,15,59.72222222222222,100.0,59.72222222222222,74.78260869565216
MNAR_h,HT,AX6281V,20,50.0,100.0,50.0,66.66666666666666
MNAR_h,HT,AX6281V,25,41.66666666666667,100.0,41.66666666666667,58.82352941176471
MNAR_h,HT,AYWIEKR,05,90.0,91.66666666666666,98.01980198019803,94.73684210526315
MNAR_h,HT,AYWIEKR,10,74.57627118644068,83.80952380952381,87.12871287128714,85.4368932038835
MNAR_h,HT,AYWIEKR,15,71.54471544715447,80.0,87.12871287128714,83.41232227488152
MNAR_h,HT,AYWIEKR,20,67.96875,76.31578947368422,86.13861386138613,80.93023255813954
MNAR_h,HT,AYWIEKR,25,62.5,70.83333333333334,84.15841584158416,76.92307692307693
MNAR_h,HT,ATHKM6V,05,88.37209302325581,88.37209302325581,100.0,93.82716049382717
MNAR_h,HT,ATHKM6V,10,90.47619047619048,90.47619047619048,100.0,95.0
MNAR_h,HT,ATHKM6V,15,53.84615384615385,95.45454545454545,55.26315789473685,70.0
MNAR_h,HT,ATHKM6V,20,5.263157894736842,100.0,5.263157894736842,10.0
MNAR_h,HT,ATHKM6V,25,0.0,0.0,0.0,0.0
MNAR_h,HT,AFPB8J2,05,92.07920792079209,96.875,94.89795918367348,95.87628865979381
MNAR_h,HT,AFPB8J2,10,88.3495145631068,94.79166666666666,92.85714285714286,93.81443298969072
MNAR_h,HT,AFPB8J2,15,91.91919191919192,98.91304347826086,92.85714285714286,95.78947368421052
MNAR_h,HT,AFPB8J2,20,95.91836734693877,100.0,95.91836734693877,97.91666666666666
MNAR_h,HT,AFPB8J2,25,94.89795918367348,100.0,94.89795918367348,97.38219895287958
MNAR_h,HT,A0VFT1N,05,97.95918367346938,100.0,97.95918367346938,98.96907216494846
MNAR_h,HT,A0VFT1N,10,94.89795918367348,100.0,94.89795918367348,97.38219895287958
MNAR_h,HT,A0VFT1N,15,94.89795918367348,100.0,94.89795918367348,97.38219895287958
MNAR_h,HT,A0VFT1N,20,92.85714285714286,100.0,92.85714285714286,96.2962962962963
MNAR_h,HT,A0VFT1N,25,89.79591836734694,100.0,89.79591836734694,94.62365591397848
MNAR_h,HT,AURCTAK,05,100.0,100.0,100.0,100.0
MNAR_h,HT,AURCTAK,10,95.91836734693877,100.0,95.91836734693877,97.91666666666666
MNAR_h,HT,AURCTAK,15,80.76923076923077,93.33333333333333,85.71428571428571,89.36170212765957
MNAR_h,HT,AURCTAK,20,69.23076923076923,92.3076923076923,73.46938775510205,81.81818181818183
MNAR_h,HT,AURCTAK,25,49.056603773584904,86.66666666666667,53.06122448979592,65.82278481012658
MNAR_h,HT,A36HR6Y,05,9.090909090909092,33.33333333333333,11.11111111111111,16.666666666666664
MNAR_h,HT,A36HR6Y,10,0.0,0.0,0.0,0.0
MNAR_h,HT,A36HR6Y,15,0.0,0.0,0.0,0.0
MNAR_h,HT,A36HR6Y,20,0.0,0.0,0.0,0.0
MNAR_h,HT,A36HR6Y,25,0.0,0.0,0.0,0.0
MNAR_h,HT,A4E0D03,05,98.27586206896551,98.27586206896551,100.0,99.13043478260869
MNAR_h,HT,A4E0D03,10,93.10344827586206,98.18181818181819,94.73684210526315,96.42857142857142
MNAR_h,HT,A4E0D03,15,84.12698412698413,89.83050847457628,92.98245614035088,91.37931034482759
MNAR_h,HT,A4E0D03,20,54.666666666666664,69.49152542372882,71.9298245614035,70.68965517241381
MNAR_h,HT,A4E0D03,25,55.4054054054054,70.6896551724138,71.9298245614035,71.30434782608695
MNAR_h,HT,AJMQUVV,05,86.04651162790698,90.2439024390244,94.87179487179486,92.5
MNAR_h,HT,AJMQUVV,10,70.96774193548387,81.48148148148148,84.61538461538461,83.0188679245283
MNAR_h,HT,AJMQUVV,15,65.625,77.77777777777779,80.76923076923077,79.24528301886792
MNAR_h,HT,AJMQUVV,20,60.60606060606061,74.07407407407408,76.92307692307693,75.47169811320754
MNAR_h,HT,AJMQUVV,25,53.271028037383175,66.27906976744185,73.07692307692307,69.51219512195121
MNAR_h,HT,A4G0044,05,97.53086419753086,98.75,98.75,98.75
MNAR_h,HT,A4G0044,10,86.04651162790698,92.5,92.5,92.5
MNAR_h,HT,A4G0044,15,79.7752808988764,88.75,88.75,88.75
MNAR_h,HT,A4G0044,20,77.77777777777779,87.5,87.5,87.5
MNAR_h,HT,A4G0044,25,70.2127659574468,82.5,82.5,82.5
MNAR_h,HT,AIFDJZB,05,100.0,100.0,100.0,100.0
MNAR_h,HT,AIFDJZB,10,100.0,100.0,100.0,100.0
MNAR_h,HT,AIFDJZB,15,96.66666666666667,96.66666666666667,100.0,98.3050847457627
MNAR_h,HT,AIFDJZB,20,96.66666666666667,96.66666666666667,100.0,98.3050847457627
MNAR_h,HT,AIFDJZB,25,93.54838709677419,93.54838709677419,100.0,96.66666666666666
MNAR_h,HT,AQC0L71,05,100.0,100.0,100.0,100.0
MNAR_h,HT,AQC0L71,10,94.73684210526315,100.0,94.73684210526315,97.2972972972973
MNAR_h,HT,AQC0L71,15,89.47368421052632,100.0,89.47368421052632,94.44444444444444
MNAR_h,HT,AQC0L71,20,71.05263157894737,100.0,71.05263157894737,83.07692307692308
MNAR_h,HT,AQC0L71,25,57.89473684210527,100.0,57.89473684210527,73.33333333333334
MNAR_h,HT,A7EM0B6,05,100.0,100.0,100.0,100.0
MNAR_h,HT,A7EM0B6,10,96.875,96.875,100.0,98.4126984126984
MNAR_h,HT,A7EM0B6,15,93.93939393939394,93.93939393939394,100.0,96.875
MNAR_h,HT,A7EM0B6,20,93.93939393939394,93.93939393939394,100.0,96.875
MNAR_h,HT,A7EM0B6,25,85.71428571428571,88.23529411764706,96.7741935483871,92.3076923076923
MNAR_h,HAT,A1ZJ41O,05,94.11764705882352,100.0,94.11764705882352,96.96969696969697
MNAR_h,HAT,A1ZJ41O,10,88.23529411764706,100.0,88.23529411764706,93.75
MNAR_h,HAT,A1ZJ41O,15,80.3921568627451,100.0,80.3921568627451,89.1304347826087
MNAR_h,HAT,A1ZJ41O,20,56.86274509803921,100.0,56.86274509803921,72.5
MNAR_h,HAT,A1ZJ41O,25,52.94117647058824,100.0,52.94117647058824,69.23076923076924
MNAR_h,HAT,AKXN5ZZ,05,94.73684210526315,97.73755656108597,96.8609865470852,97.2972972972973
MNAR_h,HAT,AKXN5ZZ,10,92.6086956521739,96.81818181818181,95.51569506726457,96.16252821670427
MNAR_h,HAT,AKXN5ZZ,15,92.54385964912281,97.68518518518519,94.61883408071749,96.12756264236901
MNAR_h,HAT,AKXN5ZZ,20,92.54385964912281,97.68518518518519,94.61883408071749,96.12756264236901
MNAR_h,HAT,AKXN5ZZ,25,90.22222222222223,99.02439024390245,91.03139013452915,94.85981308411215
MNAR_h,HAT,AAXAA7Z,05,100.0,100.0,100.0,100.0
MNAR_h,HAT,AAXAA7Z,10,98.26086956521739,99.12280701754386,99.12280701754386,99.12280701754386
MNAR_h,HAT,AAXAA7Z,15,97.41379310344827,98.26086956521739,99.12280701754386,98.68995633187774
MNAR_h,HAT,AAXAA7Z,20,94.0677966101695,96.52173913043478,97.36842105263158,96.94323144104806
MNAR_h,HAT,AAXAA7Z,25,94.87179487179486,97.36842105263158,97.36842105263158,97.36842105263158
MNAR_h,HAT,AA2KP1S,05,80.82191780821918,90.76923076923077,88.05970149253731,89.39393939393939
MNAR_h,HAT,AA2KP1S,10,70.66666666666667,86.88524590163934,79.1044776119403,82.8125
MNAR_h,HAT,AA2KP1S,15,70.27027027027027,88.13559322033898,77.61194029850746,82.53968253968254
MNAR_h,HAT,AA2KP1S,20,75.71428571428571,94.64285714285714,79.1044776119403,86.17886178861788
MNAR_h,HAT,AA2KP1S,25,69.11764705882352,97.91666666666666,70.1492537313433,81.73913043478261
MNAR_h,HAT,APGIB2T,05,97.46835443037975,98.71794871794873,98.71794871794873,98.71794871794873
MNAR_h,HAT,APGIB2T,10,97.46835443037975,98.71794871794873,98.71794871794873,98.71794871794873
MNAR_h,HAT,APGIB2T,15,92.5,97.36842105263158,94.87179487179486,96.10389610389612
MNAR_h,HAT,APGIB2T,20,92.40506329113924,98.64864864864865,93.58974358974359,96.05263157894737
MNAR_h,HAT,APGIB2T,25,81.48148148148148,95.65217391304348,84.61538461538461,89.79591836734696
MNAR_h,HAT,AHYIJDV,05,73.33333333333333,86.8421052631579,82.5,84.61538461538461
MNAR_h,HAT,AHYIJDV,10,65.95744680851064,81.57894736842105,77.5,79.48717948717949
MNAR_h,HAT,AHYIJDV,15,41.17647058823529,65.625,52.5,58.333333333333336
MNAR_h,HAT,AHYIJDV,20,52.0,72.22222222222221,65.0,68.42105263157895
MNAR_h,HAT,AHYIJDV,25,43.47826086956522,76.92307692307693,50.0,60.60606060606061
MNAR_h,HAT,ASFODQR,05,100.0,100.0,100.0,100.0
MNAR_h,HAT,ASFODQR,10,100.0,100.0,100.0,100.0
MNAR_h,HAT,ASFODQR,15,100.0,100.0,100.0,100.0
MNAR_h,HAT,ASFODQR,20,100.0,100.0,100.0,100.0
MNAR_h,HAT,ASFODQR,25,100.0,100.0,100.0,100.0
MNAR_h,HAT,AUY8KYW,05,98.0392156862745,100.0,98.0392156862745,99.009900990099
MNAR_h,HAT,AUY8KYW,10,84.31372549019608,100.0,84.31372549019608,91.48936170212765
MNAR_h,HAT,AUY8KYW,15,64.70588235294117,100.0,64.70588235294117,78.57142857142858
MNAR_h,HAT,AUY8KYW,20,66.66666666666666,100.0,66.66666666666666,80.0
MNAR_h,HAT,AUY8KYW,25,45.09803921568628,100.0,45.09803921568628,62.16216216216216
MNAR_h,HAT,A3OU183,05,90.0,96.92307692307692,92.64705882352942,94.73684210526316
MNAR_h,HAT,A3OU183,10,85.29411764705883,100.0,85.29411764705883,92.06349206349206
MNAR_h,HAT,A3OU183,15,67.64705882352942,100.0,67.64705882352942,80.70175438596492
MNAR_h,HAT,A3OU183,20,45.588235294117645,100.0,45.588235294117645,62.62626262626263
MNAR_h,HAT,A3OU183,25,36.76470588235294,100.0,36.76470588235294,53.76344086021506
MNAR_h,HAT,AOYM4KG,05,98.36065573770492,100.0,98.36065573770492,99.17355371900827
MNAR_h,HAT,AOYM4KG,10,82.53968253968253,96.29629629629629,85.24590163934425,90.43478260869566
MNAR_h,HAT,AOYM4KG,15,67.6923076923077,91.66666666666666,72.1311475409836,80.73394495412843
MNAR_h,HAT,AOYM4KG,20,59.09090909090909,88.63636363636364,63.934426229508205,74.2857142857143
MNAR_h,HAT,AOYM4KG,25,53.84615384615385,89.74358974358975,57.377049180327866,70.0
MNAR_h,HAT,AV2GF3B,05,97.97979797979798,98.9795918367347,98.9795918367347,98.9795918367347
MNAR_h,HAT,AV2GF3B,10,94.0,97.91666666666666,95.91836734693877,96.90721649484536
MNAR_h,HAT,AV2GF3B,15,75.72815533980582,93.97590361445783,79.59183673469387,86.18784530386742
MNAR_h,HAT,AV2GF3B,20,70.29702970297029,95.94594594594594,72.44897959183673,82.55813953488371
MNAR_h,HAT,AV2GF3B,25,63.0,96.92307692307692,64.28571428571429,77.30061349693251
MNAR_h,HAT,A0NVTRV,05,42.857142857142854,65.21739130434783,55.55555555555556,60.0
MNAR_h,HAT,A0NVTRV,10,42.25352112676056,63.829787234042556,55.55555555555556,59.4059405940594
MNAR_h,HAT,A0NVTRV,15,39.473684210526315,57.692307692307686,55.55555555555556,56.60377358490566
MNAR_h,HAT,A0NVTRV,20,38.46153846153847,55.55555555555556,55.55555555555556,55.55555555555556
MNAR_h,HAT,A0NVTRV,25,42.25352112676056,63.829787234042556,55.55555555555556,59.4059405940594
MNAR_h,HAT,A1K5DRI,05,95.65217391304348,95.65217391304348,100.0,97.77777777777777
MNAR_h,HAT,A1K5DRI,10,95.65217391304348,95.65217391304348,100.0,97.77777777777777
MNAR_h,HAT,A1K5DRI,15,95.65217391304348,95.65217391304348,100.0,97.77777777777777
MNAR_h,HAT,A1K5DRI,20,95.55555555555556,97.72727272727273,97.72727272727273,97.72727272727273
MNAR_h,HAT,A1K5DRI,25,95.45454545454545,100.0,95.45454545454545,97.67441860465117
MNAR_h,HAT,AYEFCWQ,05,8.695652173913043,100.0,8.695652173913043,16.0
MNAR_h,HAT,AYEFCWQ,10,0.0,0.0,0.0,0.0
MNAR_h,HAT,AYEFCWQ,15,1.3888888888888888,25.0,1.4492753623188406,2.73972602739726
MNAR_h,HAT,AYEFCWQ,20,0.0,0.0,0.0,0.0
MNAR_h,HAT,AYEFCWQ,25,0.0,0.0,0.0,0.0
MNAR_h,HAT,AMV7EQF,05,90.0,94.73684210526315,94.73684210526315,94.73684210526315
MNAR_h,HAT,AMV7EQF,10,83.87096774193549,91.22807017543859,91.22807017543859,91.22807017543859
MNAR_h,HAT,AMV7EQF,15,83.87096774193549,91.22807017543859,91.22807017543859,91.22807017543859
MNAR_h,HAT,AMV7EQF,20,82.53968253968253,89.65517241379311,91.22807017543859,90.43478260869566
MNAR_h,HAT,AMV7EQF,25,79.6875,87.93103448275862,89.47368421052632,88.69565217391305
MNAR_h,HAT,AZIK4ZA,05,100.0,100.0,100.0,100.0
MNAR_h,HAT,AZIK4ZA,10,95.3125,98.38709677419355,96.82539682539682,97.6
MNAR_h,HAT,AZIK4ZA,15,93.75,98.36065573770492,95.23809523809523,96.77419354838709
MNAR_h,HAT,AZIK4ZA,20,90.9090909090909,95.23809523809523,95.23809523809523,95.23809523809523
MNAR_h,HAT,AZIK4ZA,25,90.76923076923077,96.72131147540983,93.65079365079364,95.16129032258064
MNAR_h,HAT,AJWW3IY,05,96.0,97.95918367346938,97.95918367346938,97.95918367346938
MNAR_h,HAT,AJWW3IY,10,95.36423841059603,97.2972972972973,97.95918367346938,97.6271186440678
MNAR_h,HAT,AJWW3IY,15,94.70198675496688,97.27891156462584,97.27891156462584,97.27891156462584
MNAR_h,HAT,AJWW3IY,20,94.70198675496688,97.27891156462584,97.27891156462584,97.27891156462584
MNAR_h,HAT,AJWW3IY,25,94.70198675496688,97.27891156462584,97.27891156462584,97.27891156462584
MNAR_h,HAT,AX6281V,05,90.41095890410958,98.50746268656717,91.66666666666666,94.96402877697841
MNAR_h,HAT,AX6281V,10,69.44444444444444,100.0,69.44444444444444,81.9672131147541
MNAR_h,HAT,AX6281V,15,59.72222222222222,100.0,59.72222222222222,74.78260869565216
MNAR_h,HAT,AX6281V,20,51.388888888888886,100.0,51.388888888888886,67.88990825688073
MNAR_h,HAT,AX6281V,25,36.11111111111111,100.0,36.11111111111111,53.06122448979591
MNAR_h,HAT,AYWIEKR,05,90.0,91.66666666666666,98.01980198019803,94.73684210526315
MNAR_h,HAT,AYWIEKR,10,76.06837606837607,84.76190476190476,88.11881188118812,86.40776699029126
MNAR_h,HAT,AYWIEKR,15,72.1311475409836,80.73394495412845,87.12871287128714,83.80952380952381
MNAR_h,HAT,AYWIEKR,20,64.92537313432835,72.5,86.13861386138613,78.73303167420815
MNAR_h,HAT,AYWIEKR,25,62.77372262773723,70.49180327868852,85.14851485148515,77.13004484304933
MNAR_h,HAT,ATHKM6V,05,88.37209302325581,88.37209302325581,100.0,93.82716049382717
MNAR_h,HAT,ATHKM6V,10,88.37209302325581,88.37209302325581,100.0,93.82716049382717
MNAR_h,HAT,ATHKM6V,15,58.536585365853654,88.88888888888889,63.1578947368421,73.84615384615385
MNAR_h,HAT,ATHKM6V,20,34.21052631578947,100.0,34.21052631578947,50.980392156862756
MNAR_h,HAT,ATHKM6V,25,4.3478260869565215,20.0,5.263157894736842,8.333333333333332
MNAR_h,HAT,AFPB8J2,05,92.07920792079209,96.875,94.89795918367348,95.87628865979381
MNAR_h,HAT,AFPB8J2,10,88.3495145631068,94.79166666666666,92.85714285714286,93.81443298969072
MNAR_h,HAT,AFPB8J2,15,91.91919191919192,98.91304347826086,92.85714285714286,95.78947368421052
MNAR_h,HAT,AFPB8J2,20,94.89795918367348,100.0,94.89795918367348,97.38219895287958
MNAR_h,HAT,AFPB8J2,25,89.10891089108911,96.7741935483871,91.83673469387756,94.24083769633509
MNAR_h,HAT,A0VFT1N,05,98.9795918367347,100.0,98.9795918367347,99.48717948717947
MNAR_h,HAT,A0VFT1N,10,95.91836734693877,100.0,95.91836734693877,97.91666666666666
MNAR_h,HAT,A0VFT1N,15,95.91836734693877,100.0,95.91836734693877,97.91666666666666
MNAR_h,HAT,A0VFT1N,20,95.91836734693877,100.0,95.91836734693877,97.91666666666666
MNAR_h,HAT,A0VFT1N,25,91.83673469387756,100.0,91.83673469387756,95.74468085106383
MNAR_h,HAT,AURCTAK,05,100.0,100.0,100.0,100.0
MNAR_h,HAT,AURCTAK,10,95.91836734693877,100.0,95.91836734693877,97.91666666666666
MNAR_h,HAT,AURCTAK,15,84.31372549019608,95.55555555555556,87.75510204081633,91.48936170212767
MNAR_h,HAT,AURCTAK,20,71.15384615384616,92.5,75.51020408163265,83.14606741573034
MNAR_h,HAT,AURCTAK,25,49.056603773584904,86.66666666666667,53.06122448979592,65.82278481012658
MNAR_h,HAT,A36HR6Y,05,30.0,75.0,33.33333333333333,46.15384615384615
MNAR_h,HAT,A36HR6Y,10,0.0,0.0,0.0,0.0
MNAR_h,HAT,A36HR6Y,15,0.0,0.0,0.0,0.0
MNAR_h,HAT,A36HR6Y,20,0.0,0.0,0.0,0.0
MNAR_h,HAT,A36HR6Y,25,8.333333333333332,25.0,11.11111111111111,15.384615384615383
MNAR_h,HAT,A4E0D03,05,98.27586206896551,98.27586206896551,100.0,99.13043478260869
MNAR_h,HAT,A4E0D03,10,82.25806451612904,91.07142857142857,89.47368421052632,90.2654867256637
MNAR_h,HAT,A4E0D03,15,81.81818181818183,85.71428571428571,94.73684210526315,90.0
MNAR_h,HAT,A4E0D03,20,59.45945945945946,72.1311475409836,77.19298245614034,74.57627118644066
MNAR_h,HAT,A4E0D03,25,52.56410256410257,66.12903225806451,71.9298245614035,68.9075630252101
MNAR_h,HAT,AJMQUVV,05,83.72093023255815,90.0,92.3076923076923,91.13924050632912
MNAR_h,HAT,AJMQUVV,10,70.96774193548387,81.48148148148148,84.61538461538461,83.0188679245283
MNAR_h,HAT,AJMQUVV,15,65.625,77.77777777777779,80.76923076923077,79.24528301886792
MNAR_h,HAT,AJMQUVV,20,65.625,77.77777777777779,80.76923076923077,79.24528301886792
MNAR_h,HAT,AJMQUVV,25,62.13592233009708,71.91011235955057,82.05128205128204,76.64670658682635
MNAR_h,HAT,A4G0044,05,97.53086419753086,98.75,98.75,98.75
MNAR_h,HAT,A4G0044,10,90.47619047619048,95.0,95.0,95.0
MNAR_h,HAT,A4G0044,15,83.9080459770115,91.25,91.25,91.25
MNAR_h,HAT,A4G0044,20,77.77777777777779,87.5,87.5,87.5
MNAR_h,HAT,A4G0044,25,70.2127659574468,82.5,82.5,82.5
MNAR_h,HAT,AIFDJZB,05,100.0,100.0,100.0,100.0
MNAR_h,HAT,AIFDJZB,10,100.0,100.0,100.0,100.0
MNAR_h,HAT,AIFDJZB,15,96.66666666666667,96.66666666666667,100.0,98.3050847457627
MNAR_h,HAT,AIFDJZB,20,96.66666666666667,96.66666666666667,100.0,98.3050847457627
MNAR_h,HAT,AIFDJZB,25,93.33333333333333,96.55172413793103,96.55172413793103,96.55172413793103
MNAR_h,HAT,AQC0L71,05,100.0,100.0,100.0,100.0
MNAR_h,HAT,AQC0L71,10,97.36842105263158,100.0,97.36842105263158,98.66666666666666
MNAR_h,HAT,AQC0L71,15,94.73684210526315,100.0,94.73684210526315,97.2972972972973
MNAR_h,HAT,AQC0L71,20,84.21052631578947,100.0,84.21052631578947,91.42857142857143
MNAR_h,HAT,AQC0L71,25,68.42105263157895,100.0,68.42105263157895,81.25000000000001
MNAR_h,HAT,A7EM0B6,05,100.0,100.0,100.0,100.0
MNAR_h,HAT,A7EM0B6,10,86.11111111111111,86.11111111111111,100.0,92.53731343283582
MNAR_h,HAT,A7EM0B6,15,96.875,96.875,100.0,98.4126984126984
MNAR_h,HAT,A7EM0B6,20,74.19354838709677,100.0,74.19354838709677,85.18518518518519
MNAR_h,HAT,A7EM0B6,25,67.74193548387096,100.0,67.74193548387096,80.76923076923077
MNAR_h,MLP,A1ZJ41O,05,94.11764705882352,100.0,94.11764705882352,96.96969696969697
MNAR_h,MLP,A1ZJ41O,10,88.23529411764706,100.0,88.23529411764706,93.75
MNAR_h,MLP,A1ZJ41O,15,74.50980392156863,100.0,74.50980392156863,85.39325842696628
MNAR_h,MLP,A1ZJ41O,20,60.78431372549019,100.0,60.78431372549019,75.60975609756096
MNAR_h,MLP,A1ZJ41O,25,52.94117647058824,100.0,52.94117647058824,69.23076923076924
MNAR_h,MLP,AKXN5ZZ,05,94.78260869565217,96.88888888888889,97.75784753363229,97.32142857142856
MNAR_h,MLP,AKXN5ZZ,10,91.73913043478261,96.78899082568807,94.61883408071749,95.69160997732425
MNAR_h,MLP,AKXN5ZZ,15,96.0,99.08256880733946,96.8609865470852,97.9591836734694
MNAR_h,MLP,AKXN5ZZ,20,93.01310043668121,97.26027397260275,95.51569506726457,96.38009049773754
MNAR_h,MLP,AKXN5ZZ,25,86.08695652173914,96.58536585365853,88.78923766816143,92.52336448598132
MNAR_h,MLP,AAXAA7Z,05,100.0,100.0,100.0,100.0
MNAR_h,MLP,AAXAA7Z,10,100.0,100.0,100.0,100.0
MNAR_h,MLP,AAXAA7Z,15,98.26086956521739,99.12280701754386,99.12280701754386,99.12280701754386
MNAR_h,MLP,AAXAA7Z,20,98.26086956521739,99.12280701754386,99.12280701754386,99.12280701754386
MNAR_h,MLP,AAXAA7Z,25,96.55172413793103,98.24561403508771,98.24561403508771,98.24561403508771
MNAR_h,MLP,AA2KP1S,05,73.33333333333333,87.3015873015873,82.08955223880598,84.61538461538461
MNAR_h,MLP,AA2KP1S,10,68.42105263157895,85.24590163934425,77.61194029850746,81.24999999999999
MNAR_h,MLP,AA2KP1S,15,68.91891891891892,87.93103448275862,76.11940298507463,81.60000000000001
MNAR_h,MLP,AA2KP1S,20,71.83098591549296,92.72727272727272,76.11940298507463,83.60655737704917
MNAR_h,MLP,AA2KP1S,25,68.11594202898551,95.91836734693877,70.1492537313433,81.0344827586207
MNAR_h,MLP,APGIB2T,05,97.46835443037975,98.71794871794873,98.71794871794873,98.71794871794873
MNAR_h,MLP,APGIB2T,10,97.46835443037975,98.71794871794873,98.71794871794873,98.71794871794873
MNAR_h,MLP,APGIB2T,15,90.0,97.2972972972973,92.3076923076923,94.73684210526315
MNAR_h,MLP,APGIB2T,20,80.48780487804879,94.28571428571428,84.61538461538461,89.1891891891892
MNAR_h,MLP,APGIB2T,25,67.90123456790124,94.82758620689656,70.51282051282051,80.88235294117648
MNAR_h,MLP,AHYIJDV,05,77.27272727272727,89.47368421052632,85.0,87.17948717948718
MNAR_h,MLP,AHYIJDV,10,61.702127659574465,80.55555555555556,72.5,76.31578947368422
MNAR_h,MLP,AHYIJDV,15,54.166666666666664,76.47058823529412,65.0,70.27027027027027
MNAR_h,MLP,AHYIJDV,20,50.0,71.42857142857143,62.5,66.66666666666666
MNAR_h,MLP,AHYIJDV,25,55.10204081632652,75.0,67.5,71.05263157894738
MNAR_h,MLP,ASFODQR,05,100.0,100.0,100.0,100.0
MNAR_h,MLP,ASFODQR,10,100.0,100.0,100.0,100.0
MNAR_h,MLP,ASFODQR,15,100.0,100.0,100.0,100.0
MNAR_h,MLP,ASFODQR,20,100.0,100.0,100.0,100.0
MNAR_h,MLP,ASFODQR,25,100.0,100.0,100.0,100.0
MNAR_h,MLP,AUY8KYW,05,98.0392156862745,100.0,98.0392156862745,99.009900990099
MNAR_h,MLP,AUY8KYW,10,86.27450980392157,100.0,86.27450980392157,92.63157894736842
MNAR_h,MLP,AUY8KYW,15,52.94117647058824,100.0,52.94117647058824,69.23076923076924
MNAR_h,MLP,AUY8KYW,20,68.62745098039215,100.0,68.62745098039215,81.3953488372093
MNAR_h,MLP,AUY8KYW,25,39.21568627450981,100.0,39.21568627450981,56.33802816901409
MNAR_h,MLP,A3OU183,05,94.20289855072464,98.48484848484848,95.58823529411765,97.01492537313432
MNAR_h,MLP,A3OU183,10,89.70588235294117,100.0,89.70588235294117,94.57364341085272
MNAR_h,MLP,A3OU183,15,73.52941176470588,100.0,73.52941176470588,84.74576271186442
MNAR_h,MLP,A3OU183,20,61.76470588235294,100.0,61.76470588235294,76.36363636363637
MNAR_h,MLP,A3OU183,25,39.705882352941174,100.0,39.705882352941174,56.84210526315789
MNAR_h,MLP,AOYM4KG,05,98.36065573770492,100.0,98.36065573770492,99.17355371900827
MNAR_h,MLP,AOYM4KG,10,91.93548387096774,98.27586206896551,93.44262295081968,95.79831932773108
MNAR_h,MLP,AOYM4KG,15,73.84615384615385,92.3076923076923,78.68852459016394,84.95575221238938
MNAR_h,MLP,AOYM4KG,20,61.53846153846154,90.9090909090909,65.57377049180327,76.1904761904762
MNAR_h,MLP,AOYM4KG,25,56.92307692307692,90.2439024390244,60.65573770491803,72.54901960784315
MNAR_h,MLP,AV2GF3B,05,94.0,97.91666666666666,95.91836734693877,96.90721649484536
MNAR_h,MLP,AV2GF3B,10,88.11881188118812,96.73913043478261,90.81632653061224,93.68421052631578
MNAR_h,MLP,AV2GF3B,15,41.44144144144144,77.96610169491525,46.93877551020408,58.59872611464969
MNAR_h,MLP,AV2GF3B,20,36.11111111111111,79.59183673469387,39.795918367346935,53.06122448979592
MNAR_h,MLP,AV2GF3B,25,24.761904761904763,78.78787878787878,26.53061224489796,39.69465648854962
MNAR_h,MLP,A0NVTRV,05,42.25352112676056,63.829787234042556,55.55555555555556,59.4059405940594
MNAR_h,MLP,A0NVTRV,10,40.0,58.82352941176471,55.55555555555556,57.14285714285715
MNAR_h,MLP,A0NVTRV,15,38.46153846153847,55.55555555555556,55.55555555555556,55.55555555555556
MNAR_h,MLP,A0NVTRV,20,38.46153846153847,55.55555555555556,55.55555555555556,55.55555555555556
MNAR_h,MLP,A0NVTRV,25,38.46153846153847,55.55555555555556,55.55555555555556,55.55555555555556
MNAR_h,MLP,A1K5DRI,05,95.65217391304348,95.65217391304348,100.0,97.77777777777777
MNAR_h,MLP,A1K5DRI,10,95.65217391304348,95.65217391304348,100.0,97.77777777777777
MNAR_h,MLP,A1K5DRI,15,97.77777777777777,97.77777777777777,100.0,98.87640449438202
MNAR_h,MLP,A1K5DRI,20,97.72727272727273,100.0,97.72727272727273,98.85057471264368
MNAR_h,MLP,A1K5DRI,25,95.45454545454545,100.0,95.45454545454545,97.67441860465117
MNAR_h,MLP,AYEFCWQ,05,0.0,0.0,0.0,0.0
MNAR_h,MLP,AYEFCWQ,10,0.0,0.0,0.0,0.0
MNAR_h,MLP,AYEFCWQ,15,0.0,0.0,0.0,0.0
MNAR_h,MLP,AYEFCWQ,20,0.0,0.0,0.0,0.0
MNAR_h,MLP,AYEFCWQ,25,0.0,0.0,0.0,0.0
MNAR_h,MLP,AMV7EQF,05,88.52459016393442,93.10344827586206,94.73684210526315,93.91304347826087
MNAR_h,MLP,AMV7EQF,10,82.53968253968253,89.65517241379311,91.22807017543859,90.43478260869566
MNAR_h,MLP,AMV7EQF,15,83.87096774193549,91.22807017543859,91.22807017543859,91.22807017543859
MNAR_h,MLP,AMV7EQF,20,82.53968253968253,89.65517241379311,91.22807017543859,90.43478260869566
MNAR_h,MLP,AMV7EQF,25,79.6875,87.93103448275862,89.47368421052632,88.69565217391305
MNAR_h,MLP,AZIK4ZA,05,100.0,100.0,100.0,100.0
MNAR_h,MLP,AZIK4ZA,10,96.82539682539682,100.0,96.82539682539682,98.38709677419354
MNAR_h,MLP,AZIK4ZA,15,93.75,98.36065573770492,95.23809523809523,96.77419354838709
MNAR_h,MLP,AZIK4ZA,20,88.05970149253731,93.65079365079364,93.65079365079364,93.65079365079364
MNAR_h,MLP,AZIK4ZA,25,89.39393939393939,95.16129032258065,93.65079365079364,94.39999999999999
MNAR_h,MLP,AJWW3IY,05,94.70198675496688,97.27891156462584,97.27891156462584,97.27891156462584
MNAR_h,MLP,AJWW3IY,10,93.42105263157895,96.5986394557823,96.5986394557823,96.5986394557823
MNAR_h,MLP,AJWW3IY,15,91.55844155844156,95.27027027027027,95.91836734693877,95.59322033898306
MNAR_h,MLP,AJWW3IY,20,92.15686274509804,95.91836734693877,95.91836734693877,95.91836734693877
MNAR_h,MLP,AJWW3IY,25,90.9090909090909,95.23809523809523,95.23809523809523,95.23809523809523
MNAR_h,MLP,AX6281V,05,93.05555555555556,100.0,93.05555555555556,96.40287769784173
MNAR_h,MLP,AX6281V,10,75.0,100.0,75.0,85.71428571428571
MNAR_h,MLP,AX6281V,15,59.72222222222222,100.0,59.72222222222222,74.78260869565216
MNAR_h,MLP,AX6281V,20,52.77777777777778,100.0,52.77777777777778,69.0909090909091
MNAR_h,MLP,AX6281V,25,52.77777777777778,100.0,52.77777777777778,69.0909090909091
MNAR_h,MLP,AYWIEKR,05,80.17241379310344,86.11111111111111,92.07920792079209,88.9952153110048
MNAR_h,MLP,AYWIEKR,10,70.96774193548387,79.27927927927928,87.12871287128714,83.01886792452831
MNAR_h,MLP,AYWIEKR,15,70.16129032258065,79.0909090909091,86.13861386138613,82.46445497630333
MNAR_h,MLP,AYWIEKR,20,61.15107913669065,69.10569105691057,84.15841584158416,75.89285714285714
MNAR_h,MLP,AYWIEKR,25,59.285714285714285,68.0327868852459,82.17821782178217,74.43946188340807
MNAR_h,MLP,ATHKM6V,05,90.47619047619048,90.47619047619048,100.0,95.0
MNAR_h,MLP,ATHKM6V,10,84.44444444444444,84.44444444444444,100.0,91.56626506024097
MNAR_h,MLP,ATHKM6V,15,60.0,92.3076923076923,63.1578947368421,74.99999999999999
MNAR_h,MLP,ATHKM6V,20,28.947368421052634,100.0,28.947368421052634,44.89795918367347
MNAR_h,MLP,ATHKM6V,25,0.0,0.0,0.0,0.0
MNAR_h,MLP,AFPB8J2,05,88.3495145631068,94.79166666666666,92.85714285714286,93.81443298969072
MNAR_h,MLP,AFPB8J2,10,88.3495145631068,94.79166666666666,92.85714285714286,93.81443298969072
MNAR_h,MLP,AFPB8J2,15,91.0,97.84946236559139,92.85714285714286,95.28795811518324
MNAR_h,MLP,AFPB8J2,20,91.91919191919192,98.91304347826086,92.85714285714286,95.78947368421052
MNAR_h,MLP,AFPB8J2,25,90.0,97.82608695652173,91.83673469387756,94.73684210526316
MNAR_h,MLP,A0VFT1N,05,97.95918367346938,100.0,97.95918367346938,98.96907216494846
MNAR_h,MLP,A0VFT1N,10,92.85714285714286,100.0,92.85714285714286,96.2962962962963
MNAR_h,MLP,A0VFT1N,15,95.91836734693877,100.0,95.91836734693877,97.91666666666666
MNAR_h,MLP,A0VFT1N,20,93.87755102040816,100.0,93.87755102040816,96.84210526315789
MNAR_h,MLP,A0VFT1N,25,92.85714285714286,100.0,92.85714285714286,96.2962962962963
MNAR_h,MLP,AURCTAK,05,100.0,100.0,100.0,100.0
MNAR_h,MLP,AURCTAK,10,96.0,97.95918367346938,97.95918367346938,97.95918367346938
MNAR_h,MLP,AURCTAK,15,88.0,97.77777777777777,89.79591836734694,93.61702127659575
MNAR_h,MLP,AURCTAK,20,78.43137254901961,95.23809523809523,81.63265306122449,87.91208791208791
MNAR_h,MLP,AURCTAK,25,68.62745098039215,94.5945945945946,71.42857142857143,81.3953488372093
MNAR_h,MLP,A36HR6Y,05,0.0,0.0,0.0,0.0
MNAR_h,MLP,A36HR6Y,10,0.0,0.0,0.0,0.0
MNAR_h,MLP,A36HR6Y,15,0.0,0.0,0.0,0.0
MNAR_h,MLP,A36HR6Y,20,0.0,0.0,0.0,0.0
MNAR_h,MLP,A36HR6Y,25,0.0,0.0,0.0,0.0
MNAR_h,MLP,A4E0D03,05,96.61016949152543,96.61016949152543,100.0,98.27586206896551
MNAR_h,MLP,A4E0D03,10,88.13559322033898,96.29629629629629,91.22807017543859,93.69369369369369
MNAR_h,MLP,A4E0D03,15,69.6969696969697,83.63636363636363,80.7017543859649,82.14285714285714
MNAR_h,MLP,A4E0D03,20,53.94736842105263,68.33333333333333,71.9298245614035,70.08547008547009
MNAR_h,MLP,A4E0D03,25,49.36708860759494,63.934426229508205,68.42105263157895,66.10169491525426
MNAR_h,MLP,AJMQUVV,05,77.52808988764045,86.25,88.46153846153845,87.34177215189874
MNAR_h,MLP,AJMQUVV,10,67.36842105263158,79.01234567901234,82.05128205128204,80.50314465408806
MNAR_h,MLP,AJMQUVV,15,64.58333333333334,77.5,79.48717948717949,78.48101265822785
MNAR_h,MLP,AJMQUVV,20,66.3157894736842,78.75,80.76923076923077,79.74683544303798
MNAR_h,MLP,AJMQUVV,25,52.83018867924528,66.66666666666666,71.7948717948718,69.1358024691358
MNAR_h,MLP,A4G0044,05,95.1219512195122,97.5,97.5,97.5
MNAR_h,MLP,A4G0044,10,79.7752808988764,88.75,88.75,88.75
MNAR_h,MLP,A4G0044,15,75.82417582417582,86.25,86.25,86.25
MNAR_h,MLP,A4G0044,20,66.66666666666666,80.0,80.0,80.00000000000001
MNAR_h,MLP,A4G0044,25,61.61616161616161,76.25,76.25,76.25
MNAR_h,MLP,AIFDJZB,05,100.0,100.0,100.0,100.0
MNAR_h,MLP,AIFDJZB,10,100.0,100.0,100.0,100.0
MNAR_h,MLP,AIFDJZB,15,96.66666666666667,96.66666666666667,100.0,98.3050847457627
MNAR_h,MLP,AIFDJZB,20,96.66666666666667,96.66666666666667,100.0,98.3050847457627
MNAR_h,MLP,AIFDJZB,25,93.33333333333333,96.55172413793103,96.55172413793103,96.55172413793103
MNAR_h,MLP,AQC0L71,05,100.0,100.0,100.0,100.0
MNAR_h,MLP,AQC0L71,10,92.10526315789474,100.0,92.10526315789474,95.8904109589041
MNAR_h,MLP,AQC0L71,15,89.47368421052632,100.0,89.47368421052632,94.44444444444444
MNAR_h,MLP,AQC0L71,20,68.42105263157895,100.0,68.42105263157895,81.25000000000001
MNAR_h,MLP,AQC0L71,25,60.526315789473685,100.0,60.526315789473685,75.40983606557377
MNAR_h,MLP,A7EM0B6,05,100.0,100.0,100.0,100.0
MNAR_h,MLP,A7EM0B6,10,100.0,100.0,100.0,100.0
MNAR_h,MLP,A7EM0B6,15,100.0,100.0,100.0,100.0
MNAR_h,MLP,A7EM0B6,20,87.09677419354838,100.0,87.09677419354838,93.10344827586206
MNAR_h,MLP,A7EM0B6,25,74.19354838709677,100.0,74.19354838709677,85.18518518518519
