mechanism,patient,missing_rate,imputer,mean_rmse,med_rmse,ac_time,it_time,memory
MCAR,A1ZJ41O,10,mean,8.92,7.0,325.71,0.0004,3779.01
MCAR,A1ZJ41O,10,reg_opt_00001,3.95,2.0,550.01,0.0007,4749.89
MCAR,A1ZJ41O,10,tree_gp_10000,3.44,2.0,647.19,0.0008,5412.98
MCAR,A1ZJ41O,10,mlp_opt_0001,6.08,4.0,2466.81,0.0031,10747.64
MCAR,A1ZJ41O,15,mean,8.92,7.0,325.26,0.0004,3779.21
MCAR,A1ZJ41O,15,reg_opt_00001,3.99,2.0,546.08,0.0007,4721.05
MCAR,A1ZJ41O,15,tree_gp_10000,3.38,2.0,651.52,0.0008,5514.46
MCAR,A1ZJ41O,15,mlp_opt_0001,6.11,4.0,2468.86,0.0031,10694.51
MCAR,A1ZJ41O,5,mean,8.94,7.0,306.28,0.0004,3778.79
MCAR,A1ZJ41O,5,reg_opt_00001,3.9,2.0,548.91,0.0007,4780.57
MCAR,A1ZJ41O,5,tree_gp_10000,3.29,2.0,689.63,0.0009,5468.98
MCAR,A1ZJ41O,5,mlp_opt_0001,6.04,4.0,2543.71,0.0032,10802.36
MCAR,A1ZJ41O,25,mean,8.89,7.0,319.63,0.0004,3779.59
MCAR,A1ZJ41O,25,reg_opt_00001,4.09,2.0,518.24,0.0006,4666.19
MCAR,A1ZJ41O,25,tree_gp_10000,3.5,2.0,614.96,0.0008,5271.9
MCAR,A1ZJ41O,25,mlp_opt_0001,6.2,4.0,2420.35,0.003,10594.82
MCAR,A1ZJ41O,20,mean,8.9,7.0,309.62,0.0004,3779.41
MCAR,A1ZJ41O,20,reg_opt_00001,4.04,2.0,531.29,0.0007,4693.2
MCAR,A1ZJ41O,20,tree_gp_10000,3.44,2.0,623.31,0.0008,5325.65
MCAR,A1ZJ41O,20,mlp_opt_0001,6.15,4.0,2452.09,0.0031,10642.9
MCAR,AKXN5ZZ,20,mean,9.09,8.0,330.47,0.0004,3917.32
MCAR,AKXN5ZZ,20,reg_opt_00001,3.82,3.0,536.87,0.0006,4863.67
MCAR,AKXN5ZZ,20,tree_gp_10000,3.31,2.0,653.63,0.0008,5326.56
MCAR,AKXN5ZZ,20,mlp_opt_0001,6.12,5.0,2429.84,0.0029,11032.39
MCAR,AKXN5ZZ,25,mean,9.1,8.0,310.12,0.0004,3917.51
MCAR,AKXN5ZZ,25,reg_opt_00001,3.87,3.0,517.61,0.0006,4836.56
MCAR,AKXN5ZZ,25,tree_gp_10000,3.3,2.0,609.32,0.0007,5314.94
MCAR,AKXN5ZZ,25,mlp_opt_0001,6.19,5.0,2435.99,0.0029,10980.31
MCAR,AKXN5ZZ,10,mean,9.14,8.0,319.07,0.0004,3916.9
MCAR,AKXN5ZZ,10,reg_opt_00001,3.73,3.0,579.82,0.0007,4923.52
MCAR,AKXN5ZZ,10,tree_gp_10000,3.15,2.0,641.23,0.0008,5312.93
MCAR,AKXN5ZZ,10,mlp_opt_0001,5.98,5.0,2547.89,0.0031,11139.61
MCAR,AKXN5ZZ,15,mean,9.11,8.0,329.46,0.0004,3917.11
MCAR,AKXN5ZZ,15,reg_opt_00001,3.78,3.0,529.97,0.0006,4893.26
MCAR,AKXN5ZZ,15,tree_gp_10000,3.24,2.0,625.82,0.0008,5321.01
MCAR,AKXN5ZZ,15,mlp_opt_0001,6.01,5.0,2513.97,0.003,11083.37
MCAR,AKXN5ZZ,5,mean,9.14,8.0,352.05,0.0004,3916.67
MCAR,AKXN5ZZ,5,reg_opt_00001,3.66,3.0,554.44,0.0007,4954.92
MCAR,AKXN5ZZ,5,tree_gp_10000,3.11,2.0,667.03,0.0008,5360.62
MCAR,AKXN5ZZ,5,mlp_opt_0001,5.88,5.0,2667.02,0.0032,11195.99
MCAR,AAXAA7Z,10,mean,11.78,9.0,239.73,0.0004,2955.18
MCAR,AAXAA7Z,10,reg_opt_00001,5.17,3.0,387.96,0.0006,3714.69
MCAR,AAXAA7Z,10,tree_gp_10000,4.46,2.0,522.42,0.0008,4009.54
MCAR,AAXAA7Z,10,mlp_opt_0001,8.33,5.0,1813.14,0.0029,8404.86
MCAR,AAXAA7Z,5,mean,11.81,9.0,220.75,0.0004,2955.01
MCAR,AAXAA7Z,5,reg_opt_00001,5.1,3.0,438.82,0.0007,3738.52
MCAR,AAXAA7Z,5,tree_gp_10000,4.39,2.0,495.5,0.0008,4087.02
MCAR,AAXAA7Z,5,mlp_opt_0001,8.26,5.0,1863.01,0.003,8449.05
MCAR,AAXAA7Z,25,mean,11.91,9.0,236.98,0.0004,2955.64
MCAR,AAXAA7Z,25,reg_opt_00001,5.42,3.0,396.72,0.0006,3649.0
MCAR,AAXAA7Z,25,tree_gp_10000,4.65,2.0,455.75,0.0007,3878.92
MCAR,AAXAA7Z,25,mlp_opt_0001,8.62,5.0,1806.94,0.0029,8282.87
MCAR,AAXAA7Z,20,mean,11.9,9.0,250.51,0.0004,2955.49
MCAR,AAXAA7Z,20,reg_opt_00001,5.34,3.0,396.38,0.0006,3670.0
MCAR,AAXAA7Z,20,tree_gp_10000,4.6,2.0,482.87,0.0008,3972.46
MCAR,AAXAA7Z,20,mlp_opt_0001,8.53,5.0,1836.43,0.0029,8321.65
MCAR,AAXAA7Z,15,mean,11.85,9.0,228.77,0.0004,2955.34
MCAR,AAXAA7Z,15,reg_opt_00001,5.26,3.0,372.81,0.0006,3691.97
MCAR,AAXAA7Z,15,tree_gp_10000,4.53,2.0,504.53,0.0008,3945.11
MCAR,AAXAA7Z,15,mlp_opt_0001,8.46,5.0,1881.09,0.003,8361.39
MCAR,AA2KP1S,5,mean,8.38,7.0,323.08,0.0004,3811.83
MCAR,AA2KP1S,5,reg_opt_00001,3.91,2.0,545.61,0.0007,4822.44
MCAR,AA2KP1S,5,tree_gp_10000,3.42,2.0,628.76,0.0008,5246.79
MCAR,AA2KP1S,5,mlp_opt_0001,6.31,5.0,2418.28,0.003,10894.56
MCAR,AA2KP1S,20,mean,8.41,7.0,304.01,0.0004,3812.45
MCAR,AA2KP1S,20,reg_opt_00001,4.05,3.0,498.03,0.0006,4734.16
MCAR,AA2KP1S,20,tree_gp_10000,3.55,2.0,607.67,0.0008,5255.67
MCAR,AA2KP1S,20,mlp_opt_0001,6.49,5.0,2331.35,0.0029,10736.28
MCAR,AA2KP1S,10,mean,8.41,7.0,299.03,0.0004,3812.05
MCAR,AA2KP1S,10,reg_opt_00001,3.96,2.0,495.65,0.0006,4791.01
MCAR,AA2KP1S,10,tree_gp_10000,3.42,2.0,649.21,0.0008,5449.83
MCAR,AA2KP1S,10,mlp_opt_0001,6.39,5.0,2421.39,0.003,10841.94
MCAR,AA2KP1S,15,mean,8.39,7.0,309.67,0.0004,3812.25
MCAR,AA2KP1S,15,reg_opt_00001,4.0,3.0,532.47,0.0007,4762.47
MCAR,AA2KP1S,15,tree_gp_10000,3.46,2.0,640.61,0.0008,5259.78
MCAR,AA2KP1S,15,mlp_opt_0001,6.43,5.0,2399.63,0.003,10787.08
MCAR,AA2KP1S,25,mean,8.4,7.0,328.14,0.0004,3812.64
MCAR,AA2KP1S,25,reg_opt_00001,4.09,3.0,535.04,0.0007,4707.16
MCAR,AA2KP1S,25,tree_gp_10000,3.56,2.0,570.06,0.0007,5163.48
MCAR,AA2KP1S,25,mlp_opt_0001,6.52,5.0,2358.06,0.0029,10687.9
MCAR,APGIB2T,10,mean,8.65,8.0,67.31,0.0004,721.4
MCAR,APGIB2T,10,reg_opt_00001,5.15,4.0,92.21,0.0006,906.61
MCAR,APGIB2T,10,tree_gp_10000,4.66,3.0,131.08,0.0009,941.64
MCAR,APGIB2T,10,mlp_opt_0001,7.62,6.0,436.84,0.0029,2051.33
MCAR,APGIB2T,5,mean,8.67,8.0,66.27,0.0004,721.36
MCAR,APGIB2T,5,reg_opt_00001,5.16,4.0,92.87,0.0006,912.57
MCAR,APGIB2T,5,tree_gp_10000,4.59,3.0,116.44,0.0008,948.32
MCAR,APGIB2T,5,mlp_opt_0001,7.66,6.0,444.06,0.0029,2062.63
MCAR,APGIB2T,15,mean,8.65,8.0,51.19,0.0003,721.44
MCAR,APGIB2T,15,reg_opt_00001,5.2,4.0,88.07,0.0006,901.26
MCAR,APGIB2T,15,tree_gp_10000,4.67,3.0,105.92,0.0007,937.74
MCAR,APGIB2T,15,mlp_opt_0001,2.9,2.0,438.8,0.0029,2041.64
MCAR,APGIB2T,20,mean,8.67,8.0,60.13,0.0004,721.48
MCAR,APGIB2T,20,reg_opt_00001,5.27,4.0,88.07,0.0006,895.89
MCAR,APGIB2T,20,tree_gp_10000,4.72,3.0,99.64,0.0007,931.94
MCAR,APGIB2T,20,mlp_opt_0001,7.71,6.0,446.26,0.0029,2031.74
MCAR,APGIB2T,25,mean,8.64,8.0,51.3,0.0003,721.51
MCAR,APGIB2T,25,reg_opt_00001,5.33,4.0,96.17,0.0006,890.78
MCAR,APGIB2T,25,tree_gp_10000,4.75,3.0,99.96,0.0007,926.54
MCAR,APGIB2T,25,mlp_opt_0001,7.73,6.0,465.54,0.0031,2022.71
MCAR,AHYIJDV,10,mean,9.87,7.0,255.63,0.0004,3258.74
MCAR,AHYIJDV,10,reg_opt_00001,4.19,3.0,401.32,0.0006,4096.3
MCAR,AHYIJDV,10,tree_gp_10000,3.64,2.0,494.12,0.0007,4695.34
MCAR,AHYIJDV,10,mlp_opt_0001,1.92,1.0,1977.62,0.0029,9266.95
MCAR,AHYIJDV,15,mean,9.91,7.0,263.45,0.0004,3258.91
MCAR,AHYIJDV,15,reg_opt_00001,4.25,3.0,441.08,0.0006,4071.15
MCAR,AHYIJDV,15,tree_gp_10000,3.7,2.0,508.41,0.0007,4588.25
MCAR,AHYIJDV,15,mlp_opt_0001,7.03,5.0,1967.06,0.0029,9222.39
MCAR,AHYIJDV,25,mean,9.9,7.0,262.27,0.0004,3259.24
MCAR,AHYIJDV,25,reg_opt_00001,4.36,3.0,445.37,0.0006,4023.36
MCAR,AHYIJDV,25,tree_gp_10000,3.77,2.0,475.49,0.0007,4414.0
MCAR,AHYIJDV,25,mlp_opt_0001,7.16,5.0,2014.24,0.0029,9136.75
MCAR,AHYIJDV,5,mean,9.87,7.0,302.8,0.0004,3258.55
MCAR,AHYIJDV,5,reg_opt_00001,4.13,2.0,451.18,0.0007,4122.56
MCAR,AHYIJDV,5,tree_gp_10000,3.62,2.0,549.27,0.0008,4768.5
MCAR,AHYIJDV,5,mlp_opt_0001,1.89,1.0,2151.52,0.0031,9315.59
MCAR,AHYIJDV,20,mean,9.9,7.0,246.72,0.0004,3259.08
MCAR,AHYIJDV,20,reg_opt_00001,4.3,3.0,406.13,0.0006,4047.1
MCAR,AHYIJDV,20,tree_gp_10000,3.75,2.0,523.83,0.0008,4601.88
MCAR,AHYIJDV,20,mlp_opt_0001,7.09,5.0,2128.12,0.0031,9178.26
MCAR,ASFODQR,25,mean,17.14,14.0,538.39,0.0004,6747.27
MCAR,ASFODQR,25,reg_opt_00001,5.78,3.0,870.16,0.0006,8330.21
MCAR,ASFODQR,25,tree_gp_10000,5.06,3.0,1040.02,0.0007,9398.6
MCAR,ASFODQR,25,mlp_opt_0001,10.76,6.0,4100.79,0.0029,18913.43
MCAR,ASFODQR,15,mean,17.14,14.0,554.08,0.0004,6746.59
MCAR,ASFODQR,15,reg_opt_00001,5.62,3.0,858.41,0.0006,8428.05
MCAR,ASFODQR,15,tree_gp_10000,4.87,3.0,1042.0,0.0007,9271.98
MCAR,ASFODQR,15,mlp_opt_0001,10.49,6.0,4246.87,0.003,19090.64
MCAR,ASFODQR,10,mean,17.16,14.0,572.4,0.0004,6746.22
MCAR,ASFODQR,10,reg_opt_00001,5.53,3.0,904.32,0.0006,8479.92
MCAR,ASFODQR,10,tree_gp_10000,4.79,3.0,1093.91,0.0008,9634.13
MCAR,ASFODQR,10,mlp_opt_0001,10.36,6.0,4327.97,0.003,19185.68
MCAR,ASFODQR,5,mean,17.14,14.0,552.57,0.0004,6745.84
MCAR,ASFODQR,5,reg_opt_00001,5.44,3.0,973.35,0.0007,8534.37
MCAR,ASFODQR,5,tree_gp_10000,4.71,3.0,1155.61,0.0008,9725.37
MCAR,ASFODQR,5,mlp_opt_0001,10.26,6.0,4411.55,0.0031,19285.75
MCAR,ASFODQR,20,mean,17.14,14.0,497.63,0.0003,6746.94
MCAR,ASFODQR,20,reg_opt_00001,5.7,3.0,915.92,0.0006,8378.0
MCAR,ASFODQR,20,tree_gp_10000,4.96,3.0,1020.75,0.0007,9450.22
MCAR,ASFODQR,20,mlp_opt_0001,10.62,6.0,4288.17,0.003,19000.0
MCAR,AUY8KYW,10,mean,12.34,10.0,372.53,0.0004,4394.75
MCAR,AUY8KYW,10,reg_opt_00001,5.64,4.0,592.33,0.0006,5524.36
MCAR,AUY8KYW,10,tree_gp_10000,4.73,3.0,740.77,0.0008,6299.44
MCAR,AUY8KYW,10,mlp_opt_0001,8.9,6.0,2707.43,0.0029,12498.38
MCAR,AUY8KYW,15,mean,12.34,10.0,331.95,0.0004,4394.99
MCAR,AUY8KYW,15,reg_opt_00001,5.71,4.0,602.11,0.0006,5490.4
MCAR,AUY8KYW,15,tree_gp_10000,4.79,3.0,648.77,0.0007,6304.74
MCAR,AUY8KYW,15,mlp_opt_0001,8.99,6.0,2707.23,0.0029,12436.81
MCAR,AUY8KYW,25,mean,12.34,10.0,365.87,0.0004,4395.43
MCAR,AUY8KYW,25,reg_opt_00001,5.85,4.0,589.73,0.0006,5426.61
MCAR,AUY8KYW,25,tree_gp_10000,4.93,3.0,736.4,0.0008,6041.39
MCAR,AUY8KYW,25,mlp_opt_0001,2.75,2.0,2684.46,0.0029,12321.61
MCAR,AUY8KYW,20,mean,12.34,10.0,375.11,0.0004,4395.22
MCAR,AUY8KYW,20,reg_opt_00001,5.78,4.0,579.26,0.0006,5457.85
MCAR,AUY8KYW,20,tree_gp_10000,4.85,3.0,696.35,0.0007,6032.68
MCAR,AUY8KYW,20,mlp_opt_0001,2.7,2.0,2725.64,0.0029,12378.34
MCAR,AUY8KYW,5,mean,12.34,10.0,360.88,0.0004,4394.5
MCAR,AUY8KYW,5,reg_opt_00001,5.6,4.0,601.28,0.0006,5559.43
MCAR,AUY8KYW,5,tree_gp_10000,4.66,3.0,686.88,0.0007,6177.5
MCAR,AUY8KYW,5,mlp_opt_0001,8.82,6.0,2848.48,0.0031,12564.7
MCAR,A3OU183,15,mean,7.35,6.0,29.0,0.0004,355.37
MCAR,A3OU183,15,reg_opt_00001,5.26,4.0,48.14,0.0006,443.93
MCAR,A3OU183,15,tree_gp_10000,4.62,3.0,54.49,0.0007,458.32
MCAR,A3OU183,15,mlp_opt_0001,3.03,2.0,219.64,0.0029,1005.64
MCAR,A3OU183,5,mean,7.4,6.0,26.6,0.0004,355.33
MCAR,A3OU183,5,reg_opt_00001,5.12,4.0,51.29,0.0007,449.54
MCAR,A3OU183,5,tree_gp_10000,4.52,3.0,57.27,0.0008,464.42
MCAR,A3OU183,5,mlp_opt_0001,2.92,2.0,228.85,0.003,1015.85
MCAR,A3OU183,10,mean,7.33,6.0,29.58,0.0004,355.35
MCAR,A3OU183,10,reg_opt_00001,5.19,4.0,51.72,0.0007,446.68
MCAR,A3OU183,10,tree_gp_10000,4.59,3.0,59.22,0.0008,461.55
MCAR,A3OU183,10,mlp_opt_0001,2.98,2.0,225.07,0.003,1010.69
MCAR,A3OU183,25,mean,7.4,6.0,29.28,0.0004,355.4
MCAR,A3OU183,25,reg_opt_00001,5.4,4.0,48.69,0.0006,438.76
MCAR,A3OU183,25,tree_gp_10000,4.74,3.0,53.05,0.0007,451.52
MCAR,A3OU183,25,mlp_opt_0001,7.5,6.0,218.95,0.0029,996.35
MCAR,A3OU183,20,mean,7.36,6.0,27.45,0.0004,355.39
MCAR,A3OU183,20,reg_opt_00001,5.32,4.0,47.77,0.0006,441.2
MCAR,A3OU183,20,tree_gp_10000,4.66,3.0,56.07,0.0007,455.31
MCAR,A3OU183,20,mlp_opt_0001,7.46,6.0,223.42,0.003,1000.92
MCAR,AOYM4KG,10,mean,12.49,9.0,56.69,0.0004,693.66
MCAR,AOYM4KG,10,reg_opt_00001,8.02,4.0,97.99,0.0007,871.94
MCAR,AOYM4KG,10,tree_gp_10000,7.14,3.0,109.42,0.0007,905.4
MCAR,AOYM4KG,10,mlp_opt_0001,3.91,1.0,436.98,0.003,1972.32
MCAR,AOYM4KG,5,mean,12.6,9.0,59.18,0.0004,693.62
MCAR,AOYM4KG,5,reg_opt_00001,8.04,4.0,98.88,0.0007,877.52
MCAR,AOYM4KG,5,tree_gp_10000,7.24,3.0,111.81,0.0008,909.71
MCAR,AOYM4KG,5,mlp_opt_0001,3.88,1.0,447.21,0.003,1982.68
MCAR,AOYM4KG,20,mean,12.46,9.0,57.22,0.0004,693.73
MCAR,AOYM4KG,20,reg_opt_00001,8.18,4.0,91.07,0.0006,861.44
MCAR,AOYM4KG,20,tree_gp_10000,7.3,3.0,106.95,0.0007,895.78
MCAR,AOYM4KG,20,mlp_opt_0001,11.24,8.0,433.19,0.003,1953.84
MCAR,AOYM4KG,25,mean,12.41,9.0,55.19,0.0004,693.76
MCAR,AOYM4KG,25,reg_opt_00001,8.26,4.0,90.67,0.0006,856.51
MCAR,AOYM4KG,25,tree_gp_10000,7.4,4.0,101.7,0.0007,891.88
MCAR,AOYM4KG,25,mlp_opt_0001,4.14,2.0,428.46,0.0029,1944.69
MCAR,AOYM4KG,15,mean,12.44,9.0,54.46,0.0004,693.69
MCAR,AOYM4KG,15,reg_opt_00001,8.09,4.0,90.94,0.0006,866.54
MCAR,AOYM4KG,15,tree_gp_10000,7.19,3.0,109.27,0.0007,898.66
MCAR,AOYM4KG,15,mlp_opt_0001,3.97,1.0,443.15,0.003,1962.44
MCAR,AV2GF3B,15,mean,11.18,8.0,25.46,0.0003,366.95
MCAR,AV2GF3B,15,reg_opt_00001,6.13,4.0,43.99,0.0006,458.41
MCAR,AV2GF3B,15,tree_gp_10000,5.73,4.0,55.66,0.0007,472.43
MCAR,AV2GF3B,15,mlp_opt_0001,9.34,7.0,213.31,0.0028,1038.35
MCAR,AV2GF3B,5,mean,10.89,8.0,26.14,0.0003,366.91
MCAR,AV2GF3B,5,reg_opt_00001,5.92,4.0,49.65,0.0006,464.1
MCAR,AV2GF3B,5,tree_gp_10000,5.49,3.0,64.71,0.0008,479.38
MCAR,AV2GF3B,5,mlp_opt_0001,9.15,7.0,223.07,0.0029,1049.09
MCAR,AV2GF3B,20,mean,11.24,8.0,26.0,0.0003,366.97
MCAR,AV2GF3B,20,reg_opt_00001,6.2,4.0,48.7,0.0006,455.68
MCAR,AV2GF3B,20,tree_gp_10000,5.8,4.0,59.28,0.0008,469.3
MCAR,AV2GF3B,20,mlp_opt_0001,9.51,7.0,221.6,0.0029,1033.59
MCAR,AV2GF3B,10,mean,11.1,8.0,25.69,0.0003,366.93
MCAR,AV2GF3B,10,reg_opt_00001,5.94,4.0,47.79,0.0006,461.23
MCAR,AV2GF3B,10,tree_gp_10000,5.57,4.0,54.71,0.0007,475.75
MCAR,AV2GF3B,10,mlp_opt_0001,9.25,7.0,236.89,0.0031,1043.51
MCAR,AV2GF3B,25,mean,11.29,8.0,33.85,0.0004,366.99
MCAR,AV2GF3B,25,reg_opt_00001,6.28,4.0,42.75,0.0006,453.08
MCAR,AV2GF3B,25,tree_gp_10000,5.82,4.0,52.63,0.0007,465.82
MCAR,AV2GF3B,25,mlp_opt_0001,9.06,6.0,241.34,0.0031,1028.89
MCAR,A0NVTRV,10,mean,8.51,7.0,123.69,0.0003,1760.35
MCAR,A0NVTRV,10,reg_opt_00001,3.08,2.0,266.94,0.0007,2212.7
MCAR,A0NVTRV,10,tree_gp_10000,2.69,2.0,262.69,0.0007,2340.62
MCAR,A0NVTRV,10,mlp_opt_0001,5.29,4.0,1060.05,0.0028,5005.72
MCAR,A0NVTRV,5,mean,8.47,7.0,149.67,0.0004,1760.25
MCAR,A0NVTRV,5,reg_opt_00001,3.0,2.0,220.37,0.0006,2226.96
MCAR,A0NVTRV,5,tree_gp_10000,2.61,2.0,262.56,0.0007,2352.23
MCAR,A0NVTRV,5,mlp_opt_0001,5.17,4.0,1091.96,0.0029,5032.97
MCAR,A0NVTRV,25,mean,8.54,7.0,125.37,0.0003,1760.62
MCAR,A0NVTRV,25,reg_opt_00001,3.21,2.0,216.95,0.0006,2173.72
MCAR,A0NVTRV,25,tree_gp_10000,2.78,2.0,270.46,0.0007,2341.61
MCAR,A0NVTRV,25,mlp_opt_0001,5.58,4.0,1053.93,0.0028,4935.5
MCAR,A0NVTRV,20,mean,8.53,7.0,132.22,0.0004,1760.54
MCAR,A0NVTRV,20,reg_opt_00001,3.17,2.0,215.15,0.0006,2185.78
MCAR,A0NVTRV,20,tree_gp_10000,2.73,2.0,272.0,0.0007,2371.1
MCAR,A0NVTRV,20,mlp_opt_0001,5.47,4.0,1131.14,0.003,4956.64
MCAR,A0NVTRV,15,mean,8.53,7.0,161.57,0.0004,1760.44
MCAR,A0NVTRV,15,reg_opt_00001,3.12,2.0,220.94,0.0006,2199.26
MCAR,A0NVTRV,15,tree_gp_10000,2.72,2.0,282.72,0.0008,2345.97
MCAR,A0NVTRV,15,mlp_opt_0001,5.39,4.0,1168.52,0.0031,4980.97
MCAR,A1K5DRI,5,mean,11.11,10.0,349.22,0.0004,4198.6
MCAR,A1K5DRI,5,reg_opt_00001,4.1,3.0,625.16,0.0007,5311.75
MCAR,A1K5DRI,5,tree_gp_10000,3.55,2.0,680.71,0.0008,5919.93
MCAR,A1K5DRI,5,mlp_opt_0001,6.96,5.0,2614.72,0.0029,12003.0
MCAR,A1K5DRI,15,mean,11.12,10.0,353.54,0.0004,4199.07
MCAR,A1K5DRI,15,reg_opt_00001,4.19,3.0,575.92,0.0006,5243.65
MCAR,A1K5DRI,15,tree_gp_10000,3.67,2.0,655.75,0.0007,5668.17
MCAR,A1K5DRI,15,mlp_opt_0001,7.09,5.0,2610.84,0.0029,11882.1
MCAR,A1K5DRI,20,mean,11.12,10.0,339.33,0.0004,4199.29
MCAR,A1K5DRI,20,reg_opt_00001,4.24,3.0,535.2,0.0006,5214.64
MCAR,A1K5DRI,20,tree_gp_10000,3.69,2.0,653.94,0.0007,5752.41
MCAR,A1K5DRI,20,mlp_opt_0001,7.19,5.0,2580.82,0.0029,11825.68
MCAR,A1K5DRI,25,mean,11.12,10.0,323.15,0.0004,4199.5
MCAR,A1K5DRI,25,reg_opt_00001,4.3,3.0,553.63,0.0006,5184.49
MCAR,A1K5DRI,25,tree_gp_10000,3.81,2.0,670.6,0.0008,5794.73
MCAR,A1K5DRI,25,mlp_opt_0001,7.26,5.0,2636.2,0.003,11771.91
MCAR,A1K5DRI,10,mean,11.14,10.0,318.66,0.0004,4198.84
MCAR,A1K5DRI,10,reg_opt_00001,4.15,3.0,550.46,0.0006,5277.39
MCAR,A1K5DRI,10,tree_gp_10000,3.61,2.0,675.66,0.0008,5852.46
MCAR,A1K5DRI,10,mlp_opt_0001,7.02,5.0,2796.68,0.0032,11940.8
MCAR,AYEFCWQ,10,mean,11.19,10.0,461.93,0.0004,5416.21
MCAR,AYEFCWQ,10,reg_opt_00001,4.59,3.0,710.5,0.0006,6808.28
MCAR,AYEFCWQ,10,tree_gp_10000,4.02,3.0,954.99,0.0008,8031.47
MCAR,AYEFCWQ,10,mlp_opt_0001,1.91,1.0,3321.33,0.0029,15403.39
MCAR,AYEFCWQ,5,mean,11.22,10.0,470.67,0.0004,5415.9
MCAR,AYEFCWQ,5,reg_opt_00001,4.53,3.0,735.11,0.0006,6851.35
MCAR,AYEFCWQ,5,tree_gp_10000,3.95,3.0,911.3,0.0008,8098.86
MCAR,AYEFCWQ,5,mlp_opt_0001,1.87,1.0,3464.67,0.003,15485.9
MCAR,AYEFCWQ,15,mean,11.2,10.0,459.72,0.0004,5416.5
MCAR,AYEFCWQ,15,reg_opt_00001,4.65,3.0,690.62,0.0006,6766.47
MCAR,AYEFCWQ,15,tree_gp_10000,4.07,3.0,889.66,0.0008,7900.38
MCAR,AYEFCWQ,15,mlp_opt_0001,1.85,1.0,3376.39,0.0029,15322.42
MCAR,AYEFCWQ,25,mean,11.18,10.0,429.65,0.0004,5417.05
MCAR,AYEFCWQ,25,reg_opt_00001,4.75,3.0,751.86,0.0007,6687.33
MCAR,AYEFCWQ,25,tree_gp_10000,4.16,3.0,798.69,0.0007,7600.28
MCAR,AYEFCWQ,25,mlp_opt_0001,6.95,5.0,3335.39,0.0029,15185.5
MCAR,AYEFCWQ,20,mean,11.18,10.0,452.12,0.0004,5416.78
MCAR,AYEFCWQ,20,reg_opt_00001,4.69,3.0,718.4,0.0006,6726.42
MCAR,AYEFCWQ,20,tree_gp_10000,4.1,3.0,869.28,0.0008,7719.88
MCAR,AYEFCWQ,20,mlp_opt_0001,6.89,5.0,3423.23,0.003,15255.93
MCAR,AMV7EQF,15,mean,13.75,13.0,313.74,0.0004,4108.12
MCAR,AMV7EQF,15,reg_opt_00001,5.1,3.0,558.31,0.0006,5131.63
MCAR,AMV7EQF,15,tree_gp_10000,4.38,3.0,623.86,0.0007,5722.17
MCAR,AMV7EQF,15,mlp_opt_0001,7.85,6.0,2523.5,0.0029,11625.3
MCAR,AMV7EQF,20,mean,13.75,13.0,349.94,0.0004,4108.34
MCAR,AMV7EQF,20,reg_opt_00001,5.15,3.0,536.8,0.0006,5101.54
MCAR,AMV7EQF,20,tree_gp_10000,4.47,3.0,634.62,0.0007,5644.76
MCAR,AMV7EQF,20,mlp_opt_0001,7.94,6.0,2540.34,0.0029,11569.67
MCAR,AMV7EQF,10,mean,13.79,13.0,328.48,0.0004,4107.9
MCAR,AMV7EQF,10,reg_opt_00001,5.04,3.0,574.34,0.0007,5163.66
MCAR,AMV7EQF,10,tree_gp_10000,4.32,3.0,656.93,0.0008,5783.8
MCAR,AMV7EQF,10,mlp_opt_0001,6.45,4.0,2627.3,0.003,11683.38
MCAR,AMV7EQF,25,mean,13.73,13.0,333.9,0.0004,4108.54
MCAR,AMV7EQF,25,reg_opt_00001,5.18,3.0,539.69,0.0006,5072.43
MCAR,AMV7EQF,25,tree_gp_10000,4.59,3.0,627.11,0.0007,5586.95
MCAR,AMV7EQF,25,mlp_opt_0001,7.96,6.0,2547.49,0.0029,11517.65
MCAR,AMV7EQF,5,mean,13.74,13.0,340.44,0.0004,4107.66
MCAR,AMV7EQF,5,reg_opt_00001,4.93,3.0,611.16,0.0007,5196.64
MCAR,AMV7EQF,5,tree_gp_10000,4.27,3.0,675.42,0.0008,5712.9
MCAR,AMV7EQF,5,mlp_opt_0001,7.56,5.0,2719.52,0.0031,11741.8
MCAR,AZIK4ZA,25,mean,16.06,13.0,263.95,0.0004,3496.31
MCAR,AZIK4ZA,25,reg_opt_00001,5.15,3.0,462.96,0.0006,4316.54
MCAR,AZIK4ZA,25,tree_gp_10000,4.26,2.0,515.86,0.0007,4727.02
MCAR,AZIK4ZA,25,mlp_opt_0001,9.92,7.0,2060.61,0.0028,9801.9
MCAR,AZIK4ZA,20,mean,16.08,13.0,264.67,0.0004,3496.14
MCAR,AZIK4ZA,20,reg_opt_00001,5.07,3.0,480.78,0.0007,4339.92
MCAR,AZIK4ZA,20,tree_gp_10000,4.14,2.0,568.35,0.0008,4745.32
MCAR,AZIK4ZA,20,mlp_opt_0001,9.77,7.0,2145.89,0.0029,9846.41
MCAR,AZIK4ZA,10,mean,16.07,13.0,285.53,0.0004,3495.77
MCAR,AZIK4ZA,10,reg_opt_00001,4.89,3.0,513.65,0.0007,4394.27
MCAR,AZIK4ZA,10,tree_gp_10000,3.99,2.0,599.03,0.0008,4734.96
MCAR,AZIK4ZA,10,mlp_opt_0001,9.46,6.0,2229.77,0.003,9940.78
MCAR,AZIK4ZA,15,mean,16.08,13.0,259.75,0.0004,3495.96
MCAR,AZIK4ZA,15,reg_opt_00001,4.97,3.0,467.26,0.0006,4367.33
MCAR,AZIK4ZA,15,tree_gp_10000,4.11,2.0,531.76,0.0007,4688.67
MCAR,AZIK4ZA,15,mlp_opt_0001,1.91,1.0,2201.14,0.003,9892.61
MCAR,AZIK4ZA,5,mean,16.08,13.0,292.93,0.0004,3495.57
MCAR,AZIK4ZA,5,reg_opt_00001,4.81,3.0,460.76,0.0006,4422.35
MCAR,AZIK4ZA,5,tree_gp_10000,3.94,2.0,610.07,0.0008,4809.75
MCAR,AZIK4ZA,5,mlp_opt_0001,9.47,6.0,2295.95,0.0031,9992.39
MCAR,AJWW3IY,5,mean,10.58,9.0,276.33,0.0004,3305.79
MCAR,AJWW3IY,5,reg_opt_00001,3.85,2.0,420.26,0.0006,4181.92
MCAR,AJWW3IY,5,tree_gp_10000,3.32,2.0,561.43,0.0008,4521.22
MCAR,AJWW3IY,5,mlp_opt_0001,6.44,5.0,2047.1,0.0029,9452.39
MCAR,AJWW3IY,20,mean,10.58,9.0,280.31,0.0004,3306.33
MCAR,AJWW3IY,20,reg_opt_00001,3.99,3.0,424.66,0.0006,4105.66
MCAR,AJWW3IY,20,tree_gp_10000,3.55,2.0,546.1,0.0008,4510.44
MCAR,AJWW3IY,20,mlp_opt_0001,6.66,5.0,1987.79,0.0028,9311.63
MCAR,AJWW3IY,25,mean,10.58,9.0,290.37,0.0004,3306.49
MCAR,AJWW3IY,25,reg_opt_00001,4.05,3.0,408.98,0.0006,4082.13
MCAR,AJWW3IY,25,tree_gp_10000,3.56,2.0,562.46,0.0008,4362.53
MCAR,AJWW3IY,25,mlp_opt_0001,6.83,5.0,1961.0,0.0028,9269.94
MCAR,AJWW3IY,15,mean,10.59,9.0,275.51,0.0004,3306.16
MCAR,AJWW3IY,15,reg_opt_00001,3.94,2.0,450.51,0.0006,4130.19
MCAR,AJWW3IY,15,tree_gp_10000,3.44,2.0,500.41,0.0007,4425.48
MCAR,AJWW3IY,15,mlp_opt_0001,6.57,5.0,2046.34,0.0029,9356.4
MCAR,AJWW3IY,10,mean,10.59,9.0,261.71,0.0004,3305.98
MCAR,AJWW3IY,10,reg_opt_00001,3.87,2.0,522.78,0.0007,4155.74
MCAR,AJWW3IY,10,tree_gp_10000,3.36,2.0,525.12,0.0008,4492.83
MCAR,AJWW3IY,10,mlp_opt_0001,6.46,5.0,2116.96,0.003,9402.89
MCAR,AX6281V,15,mean,11.65,10.0,257.62,0.0004,3213.79
MCAR,AX6281V,15,reg_opt_00001,3.95,2.0,414.44,0.0006,4014.68
MCAR,AX6281V,15,tree_gp_10000,3.38,2.0,495.97,0.0007,4345.78
MCAR,AX6281V,15,mlp_opt_0001,1.85,1.0,1938.18,0.0029,9093.69
MCAR,AX6281V,25,mean,11.67,10.0,297.38,0.0004,3214.11
MCAR,AX6281V,25,reg_opt_00001,4.08,2.0,417.07,0.0006,3968.07
MCAR,AX6281V,25,tree_gp_10000,3.51,2.0,464.44,0.0007,4319.87
MCAR,AX6281V,25,mlp_opt_0001,7.2,5.0,1892.95,0.0028,9010.78
MCAR,AX6281V,5,mean,11.71,10.0,281.41,0.0004,3213.43
MCAR,AX6281V,5,reg_opt_00001,3.86,2.0,404.99,0.0006,4065.47
MCAR,AX6281V,5,tree_gp_10000,3.34,2.0,584.91,0.0009,4503.82
MCAR,AX6281V,5,mlp_opt_0001,1.78,1.0,2013.84,0.003,9187.4
MCAR,AX6281V,20,mean,11.65,10.0,263.66,0.0004,3213.96
MCAR,AX6281V,20,reg_opt_00001,4.01,2.0,420.01,0.0006,3990.72
MCAR,AX6281V,20,tree_gp_10000,3.46,2.0,507.03,0.0007,4357.62
MCAR,AX6281V,20,mlp_opt_0001,1.89,1.0,1943.56,0.0029,9050.98
MCAR,AX6281V,10,mean,11.66,10.0,257.95,0.0004,3213.62
MCAR,AX6281V,10,reg_opt_00001,3.91,2.0,453.59,0.0007,4039.64
MCAR,AX6281V,10,tree_gp_10000,3.37,2.0,594.54,0.0009,4450.68
MCAR,AX6281V,10,mlp_opt_0001,1.81,1.0,2021.99,0.003,9139.14
MCAR,AYWIEKR,5,mean,11.18,9.0,338.77,0.0004,4100.51
MCAR,AYWIEKR,5,reg_opt_00001,4.48,3.0,553.17,0.0006,5186.79
MCAR,AYWIEKR,5,tree_gp_10000,3.8,2.0,639.71,0.0007,5857.65
MCAR,AYWIEKR,5,mlp_opt_0001,7.29,5.0,2583.12,0.003,11723.89
MCAR,AYWIEKR,20,mean,11.16,9.0,333.29,0.0004,4101.18
MCAR,AYWIEKR,20,reg_opt_00001,4.68,3.0,558.68,0.0006,5092.62
MCAR,AYWIEKR,20,tree_gp_10000,4.08,3.0,649.12,0.0007,5717.85
MCAR,AYWIEKR,20,mlp_opt_0001,7.51,5.0,2485.86,0.0029,11549.5
MCAR,AYWIEKR,25,mean,11.18,9.0,307.92,0.0004,4101.38
MCAR,AYWIEKR,25,reg_opt_00001,4.75,3.0,543.93,0.0006,5063.68
MCAR,AYWIEKR,25,tree_gp_10000,4.08,3.0,673.61,0.0008,5635.22
MCAR,AYWIEKR,25,mlp_opt_0001,7.53,5.0,2477.7,0.0029,11497.47
MCAR,AYWIEKR,15,mean,11.16,9.0,360.11,0.0004,4100.97
MCAR,AYWIEKR,15,reg_opt_00001,4.61,3.0,539.11,0.0006,5123.1
MCAR,AYWIEKR,15,tree_gp_10000,3.96,3.0,618.41,0.0007,5707.65
MCAR,AYWIEKR,15,mlp_opt_0001,7.44,5.0,2565.88,0.003,11605.31
MCAR,AYWIEKR,10,mean,11.15,9.0,358.02,0.0004,4100.74
MCAR,AYWIEKR,10,reg_opt_00001,4.53,3.0,565.79,0.0007,5154.75
MCAR,AYWIEKR,10,tree_gp_10000,3.87,2.0,674.2,0.0008,5844.03
MCAR,AYWIEKR,10,mlp_opt_0001,7.29,5.0,2667.48,0.0031,11663.32
MCAR,ATHKM6V,20,mean,6.96,6.0,155.58,0.0003,2174.44
MCAR,ATHKM6V,20,reg_opt_00001,3.53,2.0,319.8,0.0007,2699.67
MCAR,ATHKM6V,20,tree_gp_10000,3.02,2.0,352.05,0.0008,2858.13
MCAR,ATHKM6V,20,mlp_opt_0001,1.71,1.0,1270.92,0.0028,6123.5
MCAR,ATHKM6V,10,mean,6.93,6.0,162.07,0.0004,2174.21
MCAR,ATHKM6V,10,reg_opt_00001,3.42,2.0,318.62,0.0007,2732.11
MCAR,ATHKM6V,10,tree_gp_10000,2.91,2.0,387.09,0.0008,2899.03
MCAR,ATHKM6V,10,mlp_opt_0001,1.65,1.0,1323.36,0.0029,6182.6
MCAR,ATHKM6V,15,mean,6.94,6.0,153.97,0.0003,2174.32
MCAR,ATHKM6V,15,reg_opt_00001,3.47,2.0,286.0,0.0006,2716.01
MCAR,ATHKM6V,15,tree_gp_10000,2.94,2.0,356.3,0.0008,2898.11
MCAR,ATHKM6V,15,mlp_opt_0001,1.69,1.0,1341.37,0.0029,6153.18
MCAR,ATHKM6V,5,mean,6.93,5.0,153.36,0.0003,2174.08
MCAR,ATHKM6V,5,reg_opt_00001,3.4,2.0,273.45,0.0006,2750.51
MCAR,ATHKM6V,5,tree_gp_10000,2.89,2.0,373.68,0.0008,2883.63
MCAR,ATHKM6V,5,mlp_opt_0001,1.62,1.0,1407.15,0.0031,6213.96
MCAR,ATHKM6V,25,mean,6.95,6.0,182.69,0.0004,2174.54
MCAR,ATHKM6V,25,reg_opt_00001,3.57,2.0,253.75,0.0006,2684.73
MCAR,ATHKM6V,25,tree_gp_10000,3.06,2.0,308.0,0.0007,2843.73
MCAR,ATHKM6V,25,mlp_opt_0001,1.78,1.0,1387.97,0.003,6095.6
MCAR,AFPB8J2,20,mean,9.79,8.0,306.75,0.0004,3600.94
MCAR,AFPB8J2,20,reg_opt_00001,4.34,3.0,439.41,0.0006,4471.52
MCAR,AFPB8J2,20,tree_gp_10000,3.74,3.0,605.41,0.0008,4875.24
MCAR,AFPB8J2,20,mlp_opt_0001,6.33,5.0,2132.38,0.0028,10141.1
MCAR,AFPB8J2,10,mean,9.8,8.0,271.78,0.0004,3600.56
MCAR,AFPB8J2,10,reg_opt_00001,4.24,3.0,489.79,0.0006,4524.99
MCAR,AFPB8J2,10,tree_gp_10000,3.61,2.0,568.89,0.0007,4913.18
MCAR,AFPB8J2,10,mlp_opt_0001,6.18,5.0,2220.05,0.0029,10239.64
MCAR,AFPB8J2,25,mean,9.78,8.0,305.09,0.0004,3601.11
MCAR,AFPB8J2,25,reg_opt_00001,4.38,3.0,486.86,0.0006,4444.95
MCAR,AFPB8J2,25,tree_gp_10000,3.75,3.0,536.78,0.0007,4885.34
MCAR,AFPB8J2,25,mlp_opt_0001,6.41,5.0,2190.68,0.0029,10095.14
MCAR,AFPB8J2,5,mean,9.75,8.0,280.52,0.0004,3600.35
MCAR,AFPB8J2,5,reg_opt_00001,4.18,3.0,479.86,0.0006,4554.58
MCAR,AFPB8J2,5,tree_gp_10000,3.57,2.0,541.91,0.0007,4882.74
MCAR,AFPB8J2,5,mlp_opt_0001,6.1,5.0,2355.58,0.0031,10293.53
MCAR,AFPB8J2,15,mean,9.79,8.0,260.66,0.0003,3600.75
MCAR,AFPB8J2,15,reg_opt_00001,4.29,3.0,477.2,0.0006,4498.24
MCAR,AFPB8J2,15,tree_gp_10000,3.65,2.0,565.97,0.0007,4837.92
MCAR,AFPB8J2,15,mlp_opt_0001,6.27,5.0,2370.96,0.0031,10189.72
MCAR,A0VFT1N,15,mean,13.27,11.0,356.8,0.0004,4136.17
MCAR,A0VFT1N,15,reg_opt_00001,4.14,3.0,564.13,0.0006,5165.49
MCAR,A0VFT1N,15,tree_gp_10000,3.57,2.0,681.01,0.0008,5672.56
MCAR,A0VFT1N,15,mlp_opt_0001,7.78,5.0,2524.04,0.0029,11704.21
MCAR,A0VFT1N,20,mean,13.28,11.0,336.22,0.0004,4136.38
MCAR,A0VFT1N,20,reg_opt_00001,4.2,3.0,560.27,0.0006,5135.96
MCAR,A0VFT1N,20,tree_gp_10000,3.63,2.0,660.92,0.0008,5650.58
MCAR,A0VFT1N,20,mlp_opt_0001,7.88,5.0,2498.64,0.0029,11646.97
MCAR,A0VFT1N,5,mean,13.19,11.0,308.41,0.0004,4135.71
MCAR,A0VFT1N,5,reg_opt_00001,4.0,2.0,616.34,0.0007,5231.96
MCAR,A0VFT1N,5,tree_gp_10000,3.46,2.0,719.09,0.0008,5821.27
MCAR,A0VFT1N,5,mlp_opt_0001,7.49,5.0,2642.1,0.003,11825.09
MCAR,A0VFT1N,10,mean,13.24,11.0,316.55,0.0004,4135.94
MCAR,A0VFT1N,10,reg_opt_00001,4.07,2.0,573.54,0.0007,5197.95
MCAR,A0VFT1N,10,tree_gp_10000,3.52,2.0,669.85,0.0008,5876.46
MCAR,A0VFT1N,10,mlp_opt_0001,7.65,5.0,2629.39,0.003,11763.62
MCAR,A0VFT1N,25,mean,13.28,11.0,339.65,0.0004,4136.59
MCAR,A0VFT1N,25,reg_opt_00001,4.26,3.0,524.41,0.0006,5106.97
MCAR,A0VFT1N,25,tree_gp_10000,3.64,2.0,649.92,0.0007,5630.87
MCAR,A0VFT1N,25,mlp_opt_0001,8.01,6.0,2584.23,0.003,11595.52
MCAR,AURCTAK,5,mean,9.71,8.0,39.71,0.0003,564.51
MCAR,AURCTAK,5,reg_opt_00001,6.5,5.0,87.63,0.0007,714.02
MCAR,AURCTAK,5,tree_gp_10000,5.77,4.0,83.18,0.0007,739.54
MCAR,AURCTAK,5,mlp_opt_0001,8.85,7.0,349.35,0.0029,1614.04
MCAR,AURCTAK,25,mean,9.73,8.0,41.11,0.0003,564.63
MCAR,AURCTAK,25,reg_opt_00001,6.82,5.0,70.43,0.0006,697.06
MCAR,AURCTAK,25,tree_gp_10000,6.1,4.0,79.25,0.0007,720.71
MCAR,AURCTAK,25,mlp_opt_0001,7.97,6.0,339.65,0.0028,1582.98
MCAR,AURCTAK,10,mean,9.67,8.0,46.69,0.0004,564.54
MCAR,AURCTAK,10,reg_opt_00001,6.6,5.0,69.65,0.0006,709.64
MCAR,AURCTAK,10,tree_gp_10000,5.89,4.0,84.63,0.0007,734.65
MCAR,AURCTAK,10,mlp_opt_0001,7.47,5.0,362.51,0.003,1605.51
MCAR,AURCTAK,15,mean,9.72,8.0,41.69,0.0003,564.57
MCAR,AURCTAK,15,reg_opt_00001,6.69,5.0,72.54,0.0006,705.03
MCAR,AURCTAK,15,tree_gp_10000,5.95,4.0,93.48,0.0008,730.9
MCAR,AURCTAK,15,mlp_opt_0001,8.66,7.0,368.88,0.0031,1597.7
MCAR,AURCTAK,20,mean,9.74,8.0,40.2,0.0003,564.6
MCAR,AURCTAK,20,reg_opt_00001,6.76,5.0,67.1,0.0006,701.08
MCAR,AURCTAK,20,tree_gp_10000,6.03,4.0,82.71,0.0007,726.78
MCAR,AURCTAK,20,mlp_opt_0001,8.92,7.0,364.8,0.0031,1590.12
MCAR,A36HR6Y,15,mean,9.35,7.0,181.19,0.0004,1968.44
MCAR,A36HR6Y,15,reg_opt_00001,4.45,3.0,276.82,0.0007,2458.93
MCAR,A36HR6Y,15,tree_gp_10000,3.91,3.0,281.15,0.0007,2591.04
MCAR,A36HR6Y,15,mlp_opt_0001,6.7,5.0,1153.25,0.0028,5570.17
MCAR,A36HR6Y,5,mean,9.34,7.0,148.07,0.0004,1968.22
MCAR,A36HR6Y,5,reg_opt_00001,4.37,3.0,263.89,0.0006,2490.09
MCAR,A36HR6Y,5,tree_gp_10000,3.77,3.0,293.65,0.0007,2682.67
MCAR,A36HR6Y,5,mlp_opt_0001,6.65,5.0,1207.71,0.0029,5627.04
MCAR,A36HR6Y,10,mean,9.36,7.0,138.3,0.0003,1968.33
MCAR,A36HR6Y,10,reg_opt_00001,4.41,3.0,252.96,0.0006,2474.27
MCAR,A36HR6Y,10,tree_gp_10000,3.89,3.0,304.72,0.0007,2660.75
MCAR,A36HR6Y,10,mlp_opt_0001,6.51,5.0,1195.15,0.0029,5597.72
MCAR,A36HR6Y,20,mean,9.33,7.0,161.69,0.0004,1968.54
MCAR,A36HR6Y,20,reg_opt_00001,4.48,3.0,272.93,0.0007,2443.8
MCAR,A36HR6Y,20,tree_gp_10000,3.97,3.0,316.54,0.0008,2594.51
MCAR,A36HR6Y,20,mlp_opt_0001,6.81,5.0,1265.57,0.003,5543.87
MCAR,A36HR6Y,25,mean,9.35,7.0,139.51,0.0003,1968.64
MCAR,A36HR6Y,25,reg_opt_00001,4.53,3.0,239.65,0.0006,2430.55
MCAR,A36HR6Y,25,tree_gp_10000,3.99,3.0,305.82,0.0007,2580.53
MCAR,A36HR6Y,25,mlp_opt_0001,6.94,5.0,1322.77,0.0032,5519.27
MCAR,A4E0D03,25,mean,11.69,11.0,299.89,0.0004,3485.55
MCAR,A4E0D03,25,reg_opt_00001,4.13,3.0,449.92,0.0006,4302.94
MCAR,A4E0D03,25,tree_gp_10000,3.47,2.0,544.19,0.0007,4610.76
MCAR,A4E0D03,25,mlp_opt_0001,6.83,5.0,2070.44,0.0028,9770.72
MCAR,A4E0D03,15,mean,11.7,11.0,302.68,0.0004,3485.2
MCAR,A4E0D03,15,reg_opt_00001,4.03,3.0,438.81,0.0006,4352.8
MCAR,A4E0D03,15,tree_gp_10000,3.39,2.0,538.64,0.0007,4716.76
MCAR,A4E0D03,15,mlp_opt_0001,6.66,5.0,2132.78,0.0029,9862.87
MCAR,A4E0D03,20,mean,11.7,11.0,296.14,0.0004,3485.38
MCAR,A4E0D03,20,reg_opt_00001,4.09,3.0,468.74,0.0006,4327.48
MCAR,A4E0D03,20,tree_gp_10000,3.41,2.0,551.13,0.0007,4642.82
MCAR,A4E0D03,20,mlp_opt_0001,6.74,5.0,2141.31,0.0029,9815.78
MCAR,A4E0D03,5,mean,11.72,11.0,305.09,0.0004,3484.81
MCAR,A4E0D03,5,reg_opt_00001,3.92,3.0,474.03,0.0006,4408.77
MCAR,A4E0D03,5,tree_gp_10000,3.31,2.0,520.74,0.0007,4791.49
MCAR,A4E0D03,5,mlp_opt_0001,6.5,5.0,2245.08,0.003,9961.92
MCAR,A4E0D03,10,mean,11.72,11.0,287.95,0.0004,3485.01
MCAR,A4E0D03,10,reg_opt_00001,3.97,3.0,484.25,0.0007,4380.37
MCAR,A4E0D03,10,tree_gp_10000,3.37,2.0,562.97,0.0008,4757.66
MCAR,A4E0D03,10,mlp_opt_0001,6.59,5.0,2269.42,0.0031,9911.71
MCAR,AJMQUVV,5,mean,12.18,11.0,330.35,0.0004,4245.53
MCAR,AJMQUVV,5,reg_opt_00001,4.39,3.0,567.26,0.0006,5371.13
MCAR,AJMQUVV,5,tree_gp_10000,3.94,3.0,719.25,0.0008,5787.09
MCAR,AJMQUVV,5,mlp_opt_0001,4.89,3.0,2649.97,0.003,12138.3
MCAR,AJMQUVV,15,mean,12.19,11.0,341.28,0.0004,4246.01
MCAR,AJMQUVV,15,reg_opt_00001,4.51,3.0,574.9,0.0006,5302.96
MCAR,AJMQUVV,15,tree_gp_10000,4.06,3.0,662.78,0.0007,5689.99
MCAR,AJMQUVV,15,mlp_opt_0001,4.29,3.0,2636.04,0.0029,12015.5
MCAR,AJMQUVV,20,mean,12.2,11.0,329.89,0.0004,4246.23
MCAR,AJMQUVV,20,reg_opt_00001,4.55,3.0,556.42,0.0006,5272.32
MCAR,AJMQUVV,20,tree_gp_10000,4.08,3.0,672.59,0.0007,5740.07
MCAR,AJMQUVV,20,mlp_opt_0001,429.44,5.0,2607.42,0.0029,11959.11
MCAR,AJMQUVV,25,mean,12.2,11.0,346.88,0.0004,4246.44
MCAR,AJMQUVV,25,reg_opt_00001,4.6,3.0,572.53,0.0006,5242.75
MCAR,AJMQUVV,25,tree_gp_10000,4.11,3.0,671.95,0.0007,5687.57
MCAR,AJMQUVV,25,mlp_opt_0001,3.22,2.0,2614.35,0.0029,11904.63
MCAR,AJMQUVV,10,mean,12.17,11.0,330.77,0.0004,4245.78
MCAR,AJMQUVV,10,reg_opt_00001,4.46,3.0,604.26,0.0007,5337.07
MCAR,AJMQUVV,10,tree_gp_10000,3.99,3.0,703.31,0.0008,5862.98
MCAR,AJMQUVV,10,mlp_opt_0001,4.4,3.0,2728.25,0.003,12073.15
MCAR,A4G0044,10,mean,10.52,8.0,48.2,0.0004,587.52
MCAR,A4G0044,10,reg_opt_00001,7.03,5.0,81.35,0.0007,738.27
MCAR,A4G0044,10,tree_gp_10000,6.14,4.0,96.65,0.0008,765.24
MCAR,A4G0044,10,mlp_opt_0001,3.8,2.0,367.55,0.003,1671.11
MCAR,A4G0044,25,mean,10.6,9.0,47.37,0.0004,587.61
MCAR,A4G0044,25,reg_opt_00001,7.34,5.0,80.55,0.0006,725.48
MCAR,A4G0044,25,tree_gp_10000,6.32,4.0,88.73,0.0007,750.26
MCAR,A4G0044,25,mlp_opt_0001,10.38,8.0,352.54,0.0028,1647.32
MCAR,A4G0044,20,mean,10.62,9.0,43.75,0.0004,587.58
MCAR,A4G0044,20,reg_opt_00001,7.27,5.0,77.58,0.0006,729.57
MCAR,A4G0044,20,tree_gp_10000,6.3,4.0,88.04,0.0007,754.4
MCAR,A4G0044,20,mlp_opt_0001,10.38,8.0,357.48,0.0029,1654.71
MCAR,A4G0044,5,mean,10.46,8.0,48.81,0.0004,587.48
MCAR,A4G0044,5,reg_opt_00001,6.91,4.0,80.02,0.0006,743.03
MCAR,A4G0044,5,tree_gp_10000,6.06,4.0,96.29,0.0008,769.94
MCAR,A4G0044,5,mlp_opt_0001,3.7,2.0,379.26,0.0031,1679.83
MCAR,A4G0044,15,mean,10.58,9.0,49.45,0.0004,587.55
MCAR,A4G0044,15,reg_opt_00001,7.14,5.0,78.67,0.0006,733.96
MCAR,A4G0044,15,tree_gp_10000,6.2,4.0,94.92,0.0008,760.11
MCAR,A4G0044,15,mlp_opt_0001,9.21,7.0,375.65,0.003,1662.77
MCAR,AIFDJZB,25,mean,15.41,12.0,466.45,0.0004,5892.97
MCAR,AIFDJZB,25,reg_opt_00001,6.06,3.0,802.15,0.0006,7275.17
MCAR,AIFDJZB,25,tree_gp_10000,5.09,3.0,902.67,0.0007,8370.07
MCAR,AIFDJZB,25,mlp_opt_0001,11.42,8.0,3563.12,0.0029,16520.71
MCAR,AIFDJZB,5,mean,15.33,12.0,514.71,0.0004,5891.71
MCAR,AIFDJZB,5,reg_opt_00001,5.67,3.0,838.63,0.0007,7453.37
MCAR,AIFDJZB,5,tree_gp_10000,4.7,3.0,1016.91,0.0008,8429.01
MCAR,AIFDJZB,5,mlp_opt_0001,1.99,1.0,3802.14,0.0031,16843.51
MCAR,AIFDJZB,15,mean,15.37,12.0,483.47,0.0004,5892.37
MCAR,AIFDJZB,15,reg_opt_00001,5.86,3.0,809.28,0.0006,7360.68
MCAR,AIFDJZB,15,tree_gp_10000,4.95,3.0,939.27,0.0008,8186.44
MCAR,AIFDJZB,15,mlp_opt_0001,11.11,7.0,3721.86,0.003,16673.77
MCAR,AIFDJZB,10,mean,15.36,12.0,501.92,0.0004,5892.05
MCAR,AIFDJZB,10,reg_opt_00001,5.75,3.0,788.3,0.0006,7405.99
MCAR,AIFDJZB,10,tree_gp_10000,4.89,3.0,980.69,0.0008,8236.39
MCAR,AIFDJZB,10,mlp_opt_0001,10.84,7.0,3789.26,0.003,16758.22
MCAR,AIFDJZB,20,mean,15.41,12.0,478.76,0.0004,5892.68
MCAR,AIFDJZB,20,reg_opt_00001,5.96,3.0,796.14,0.0006,7315.43
MCAR,AIFDJZB,20,tree_gp_10000,5.0,3.0,945.21,0.0008,8305.15
MCAR,AIFDJZB,20,mlp_opt_0001,11.27,7.0,3697.98,0.003,16593.06
MCAR,AQC0L71,5,mean,8.12,6.0,174.34,0.0003,2441.55
MCAR,AQC0L71,5,reg_opt_00001,3.89,3.0,340.38,0.0007,3087.83
MCAR,AQC0L71,5,tree_gp_10000,3.29,2.0,402.22,0.0008,3264.07
MCAR,AQC0L71,5,mlp_opt_0001,5.87,4.0,1522.37,0.0029,6981.24
MCAR,AQC0L71,25,mean,8.13,6.0,204.51,0.0004,2442.07
MCAR,AQC0L71,25,reg_opt_00001,4.07,3.0,331.87,0.0006,3014.43
MCAR,AQC0L71,25,tree_gp_10000,3.51,2.0,387.59,0.0008,3203.41
MCAR,AQC0L71,25,mlp_opt_0001,6.2,5.0,1459.21,0.0028,6846.22
MCAR,AQC0L71,20,mean,8.11,6.0,206.05,0.0004,2441.95
MCAR,AQC0L71,20,reg_opt_00001,4.02,3.0,319.94,0.0006,3032.01
MCAR,AQC0L71,20,tree_gp_10000,3.49,2.0,347.4,0.0007,3211.83
MCAR,AQC0L71,20,mlp_opt_0001,6.13,5.0,1491.27,0.0029,6877.68
MCAR,AQC0L71,15,mean,8.11,6.0,215.5,0.0004,2441.83
MCAR,AQC0L71,15,reg_opt_00001,3.98,3.0,311.37,0.0006,3050.26
MCAR,AQC0L71,15,tree_gp_10000,3.4,2.0,398.87,0.0008,3210.74
MCAR,AQC0L71,15,mlp_opt_0001,6.08,5.0,1544.0,0.003,6909.49
MCAR,AQC0L71,10,mean,8.11,6.0,190.35,0.0004,2441.69
MCAR,AQC0L71,10,reg_opt_00001,3.92,3.0,303.54,0.0006,3068.05
MCAR,AQC0L71,10,tree_gp_10000,3.35,2.0,409.69,0.0008,3257.04
MCAR,AQC0L71,10,mlp_opt_0001,6.01,5.0,1628.5,0.0032,6944.19
MCAR,A7EM0B6,5,mean,10.81,9.0,235.25,0.0004,3037.81
MCAR,A7EM0B6,5,reg_opt_00001,4.61,3.0,407.98,0.0006,3843.24
MCAR,A7EM0B6,5,tree_gp_10000,3.91,2.0,464.82,0.0007,4201.39
MCAR,A7EM0B6,5,mlp_opt_0001,7.38,5.0,1880.43,0.0029,8685.64
MCAR,A7EM0B6,25,mean,10.83,9.0,233.46,0.0004,3038.45
MCAR,A7EM0B6,25,reg_opt_00001,4.82,3.0,417.39,0.0006,3751.27
MCAR,A7EM0B6,25,tree_gp_10000,4.13,2.0,450.3,0.0007,4047.75
MCAR,A7EM0B6,25,mlp_opt_0001,2.05,1.0,1831.68,0.0029,8518.31
MCAR,A7EM0B6,20,mean,10.83,9.0,274.78,0.0004,3038.3
MCAR,A7EM0B6,20,reg_opt_00001,4.76,3.0,379.48,0.0006,3772.78
MCAR,A7EM0B6,20,tree_gp_10000,4.06,2.0,466.65,0.0007,4030.57
MCAR,A7EM0B6,20,mlp_opt_0001,7.54,5.0,1867.62,0.0029,8555.85
MCAR,A7EM0B6,10,mean,10.86,9.0,229.66,0.0004,3037.98
MCAR,A7EM0B6,10,reg_opt_00001,4.67,3.0,410.52,0.0006,3818.48
MCAR,A7EM0B6,10,tree_gp_10000,4.01,2.0,496.21,0.0008,4193.17
MCAR,A7EM0B6,10,mlp_opt_0001,7.45,5.0,1927.8,0.003,8640.27
MCAR,A7EM0B6,15,mean,10.83,9.0,229.5,0.0004,3038.15
MCAR,A7EM0B6,15,reg_opt_00001,4.71,3.0,421.49,0.0007,3794.89
MCAR,A7EM0B6,15,tree_gp_10000,4.0,2.0,487.31,0.0008,4058.65
MCAR,A7EM0B6,15,mlp_opt_0001,7.47,5.0,2039.32,0.0032,8596.37
MAR_l,A1ZJ41O,5,mean,8.33,7.0,405.76,0.0005,3776.88
MAR_l,A1ZJ41O,5,reg_opt_00001,8.39,6.0,728.24,0.0009,4775.13
MAR_l,A1ZJ41O,5,tree_gp_10000,14.32,9.0,861.58,0.0011,5491.32
MAR_l,A1ZJ41O,5,mlp_opt_0001,7.54,6.0,3025.69,0.0038,10799.96
MAR_l,A1ZJ41O,25,mean,9.1,8.0,405.55,0.0005,3771.6
MAR_l,A1ZJ41O,25,reg_opt_00001,8.47,6.0,668.14,0.0008,4644.75
MAR_l,A1ZJ41O,25,tree_gp_10000,11.36,8.0,785.08,0.001,5093.76
MAR_l,A1ZJ41O,25,mlp_opt_0001,8.87,8.0,2865.75,0.0036,10573.7
MAR_l,A1ZJ41O,10,mean,8.24,7.0,396.05,0.0005,3775.57
MAR_l,A1ZJ41O,10,reg_opt_00001,7.85,6.0,712.41,0.0009,4736.26
MAR_l,A1ZJ41O,10,tree_gp_10000,16.02,11.0,833.94,0.001,5314.95
MAR_l,A1ZJ41O,10,mlp_opt_0001,7.78,7.0,2994.92,0.0038,10737.81
MAR_l,A1ZJ41O,15,mean,8.47,7.0,404.42,0.0005,3774.96
MAR_l,A1ZJ41O,15,reg_opt_00001,7.85,6.0,689.49,0.0009,4706.99
MAR_l,A1ZJ41O,15,tree_gp_10000,11.29,8.0,812.44,0.001,5168.81
MAR_l,A1ZJ41O,15,mlp_opt_0001,8.2,7.0,2955.01,0.0037,10678.53
MAR_l,A1ZJ41O,20,mean,8.77,8.0,391.58,0.0005,3773.42
MAR_l,A1ZJ41O,20,reg_opt_00001,8.1,6.0,681.53,0.0009,4675.69
MAR_l,A1ZJ41O,20,tree_gp_10000,18.75,14.0,795.4,0.001,5237.82
MAR_l,A1ZJ41O,20,mlp_opt_0001,8.61,8.0,2917.45,0.0037,10624.61
MAR_l,AKXN5ZZ,15,mean,9.98,10.0,417.8,0.0005,3911.14
MAR_l,AKXN5ZZ,15,reg_opt_00001,14.81,15.0,695.15,0.0008,4877.72
MAR_l,AKXN5ZZ,15,tree_gp_10000,11.11,7.0,838.66,0.001,5403.86
MAR_l,AKXN5ZZ,15,mlp_opt_0001,8.45,8.0,3012.87,0.0036,11065.83
MAR_l,AKXN5ZZ,10,mean,9.03,9.0,409.62,0.0005,3912.61
MAR_l,AKXN5ZZ,10,reg_opt_00001,13.18,13.0,715.84,0.0009,4912.37
MAR_l,AKXN5ZZ,10,tree_gp_10000,8.61,6.0,863.87,0.001,5452.2
MAR_l,AKXN5ZZ,10,mlp_opt_0001,7.74,8.0,3064.96,0.0037,11124.06
MAR_l,AKXN5ZZ,5,mean,8.08,8.0,405.69,0.0005,3914.57
MAR_l,AKXN5ZZ,5,reg_opt_00001,11.59,12.0,730.95,0.0009,4946.58
MAR_l,AKXN5ZZ,5,tree_gp_10000,11.1,7.0,869.16,0.0011,5358.89
MAR_l,AKXN5ZZ,5,mlp_opt_0001,7.2,7.0,3128.89,0.0038,11186.4
MAR_l,AKXN5ZZ,20,mean,10.86,11.0,416.8,0.0005,3909.59
MAR_l,AKXN5ZZ,20,reg_opt_00001,16.48,17.0,695.51,0.0008,4844.6
MAR_l,AKXN5ZZ,20,tree_gp_10000,9.29,6.0,810.86,0.001,5211.27
MAR_l,AKXN5ZZ,20,mlp_opt_0001,8.81,9.0,2990.54,0.0036,11010.34
MAR_l,AKXN5ZZ,25,mean,11.67,12.0,405.09,0.0005,3908.2
MAR_l,AKXN5ZZ,25,reg_opt_00001,18.23,19.0,685.2,0.0008,4813.31
MAR_l,AKXN5ZZ,25,tree_gp_10000,9.57,6.0,810.89,0.001,5688.56
MAR_l,AKXN5ZZ,25,mlp_opt_0001,9.19,9.0,2982.3,0.0036,10957.01
MAR_l,AAXAA7Z,10,mean,9.98,10.0,311.2,0.0005,2950.62
MAR_l,AAXAA7Z,10,reg_opt_00001,14.33,15.0,552.61,0.0009,3704.8
MAR_l,AAXAA7Z,10,tree_gp_10000,20.6,17.0,635.86,0.001,4013.7
MAR_l,AAXAA7Z,10,mlp_opt_0001,4.04,3.0,2300.19,0.0037,8388.5
MAR_l,AAXAA7Z,5,mean,8.99,9.0,314.34,0.0005,2952.73
MAR_l,AAXAA7Z,5,reg_opt_00001,12.61,13.0,558.9,0.0009,3733.29
MAR_l,AAXAA7Z,5,tree_gp_10000,20.67,11.0,665.1,0.0011,4001.83
MAR_l,AAXAA7Z,5,mlp_opt_0001,24.28,5.0,2353.18,0.0038,8443.33
MAR_l,AAXAA7Z,15,mean,11.36,12.0,314.26,0.0005,2948.57
MAR_l,AAXAA7Z,15,reg_opt_00001,16.53,17.0,522.55,0.0008,3677.57
MAR_l,AAXAA7Z,15,tree_gp_10000,19.94,13.0,632.82,0.001,3918.85
MAR_l,AAXAA7Z,15,mlp_opt_0001,6.64,6.0,2296.48,0.0037,8339.93
MAR_l,AAXAA7Z,20,mean,12.77,13.0,309.05,0.0005,2947.11
MAR_l,AAXAA7Z,20,reg_opt_00001,18.74,20.0,522.33,0.0008,3652.26
MAR_l,AAXAA7Z,20,tree_gp_10000,19.44,12.0,613.97,0.001,3858.68
MAR_l,AAXAA7Z,20,mlp_opt_0001,29.24,7.0,2268.61,0.0036,8299.84
MAR_l,AAXAA7Z,25,mean,13.9,15.0,313.26,0.0005,2945.61
MAR_l,AAXAA7Z,25,reg_opt_00001,20.66,22.0,522.38,0.0008,3628.21
MAR_l,AAXAA7Z,25,tree_gp_10000,33.19,23.0,605.23,0.001,3850.66
MAR_l,AAXAA7Z,25,mlp_opt_0001,7.56,7.0,2246.55,0.0036,8256.72
MAR_l,AA2KP1S,10,mean,5.97,6.0,405.92,0.0005,3807.14
MAR_l,AA2KP1S,10,reg_opt_00001,5.56,4.0,711.93,0.0009,4780.0
MAR_l,AA2KP1S,10,tree_gp_10000,11.91,8.0,829.89,0.001,5198.2
MAR_l,AA2KP1S,10,mlp_opt_0001,4.52,4.0,2974.03,0.0037,10824.21
MAR_l,AA2KP1S,5,mean,5.71,5.0,403.9,0.0005,3809.39
MAR_l,AA2KP1S,5,reg_opt_00001,4.79,4.0,718.13,0.0009,4815.42
MAR_l,AA2KP1S,5,tree_gp_10000,11.32,7.0,852.41,0.0011,5394.15
MAR_l,AA2KP1S,5,mlp_opt_0001,3.94,3.0,3051.01,0.0038,10889.2
MAR_l,AA2KP1S,20,mean,6.25,6.0,398.56,0.0005,3802.83
MAR_l,AA2KP1S,20,reg_opt_00001,6.09,5.0,672.02,0.0008,4712.03
MAR_l,AA2KP1S,20,tree_gp_10000,13.37,9.0,795.14,0.001,5195.97
MAR_l,AA2KP1S,20,mlp_opt_0001,4.74,4.0,2916.65,0.0036,10709.51
MAR_l,AA2KP1S,15,mean,6.01,5.0,395.86,0.0005,3805.06
MAR_l,AA2KP1S,15,reg_opt_00001,5.77,5.0,684.84,0.0009,4743.43
MAR_l,AA2KP1S,15,tree_gp_10000,12.66,9.0,817.03,0.001,5222.2
MAR_l,AA2KP1S,15,mlp_opt_0001,4.59,4.0,2952.92,0.0037,10766.56
MAR_l,AA2KP1S,25,mean,6.56,6.0,396.26,0.0005,3800.77
MAR_l,AA2KP1S,25,reg_opt_00001,6.47,5.0,657.34,0.0008,4680.52
MAR_l,AA2KP1S,25,tree_gp_10000,14.11,9.0,779.26,0.001,5124.09
MAR_l,AA2KP1S,25,mlp_opt_0001,5.01,4.0,2883.87,0.0036,10654.74
MAR_l,APGIB2T,10,mean,6.62,6.0,64.02,0.0004,720.78
MAR_l,APGIB2T,10,reg_opt_00001,7.51,6.0,125.16,0.0008,904.91
MAR_l,APGIB2T,10,tree_gp_10000,8.92,6.0,145.53,0.001,937.86
MAR_l,APGIB2T,10,mlp_opt_0001,5.87,5.0,546.15,0.0036,2050.31
MAR_l,APGIB2T,15,mean,7.21,7.0,75.85,0.0005,720.54
MAR_l,APGIB2T,15,reg_opt_00001,8.51,7.0,129.43,0.0008,898.56
MAR_l,APGIB2T,15,tree_gp_10000,9.37,7.0,150.89,0.001,928.46
MAR_l,APGIB2T,15,mlp_opt_0001,14.85,6.0,541.48,0.0036,2039.42
MAR_l,APGIB2T,5,mean,6.55,6.0,65.46,0.0004,721.03
MAR_l,APGIB2T,5,reg_opt_00001,6.79,6.0,127.75,0.0008,911.61
MAR_l,APGIB2T,5,tree_gp_10000,9.41,7.0,144.9,0.001,944.7
MAR_l,APGIB2T,5,mlp_opt_0001,5.7,5.0,560.49,0.0037,2061.17
MAR_l,APGIB2T,25,mean,9.24,9.0,68.88,0.0005,720.08
MAR_l,APGIB2T,25,reg_opt_00001,12.21,11.0,121.94,0.0008,886.81
MAR_l,APGIB2T,25,tree_gp_10000,18.37,15.0,135.4,0.0009,914.04
MAR_l,APGIB2T,25,mlp_opt_0001,7.84,8.0,547.15,0.0036,2018.04
MAR_l,APGIB2T,20,mean,8.2,8.0,74.16,0.0005,720.3
MAR_l,APGIB2T,20,reg_opt_00001,10.24,9.0,122.53,0.0008,892.47
MAR_l,APGIB2T,20,tree_gp_10000,9.38,7.0,143.4,0.0009,919.38
MAR_l,APGIB2T,20,mlp_opt_0001,7.09,7.0,556.49,0.0037,2029.06
MAR_l,AHYIJDV,15,mean,9.17,9.0,336.19,0.0005,3252.65
MAR_l,AHYIJDV,15,reg_opt_00001,11.21,10.0,575.39,0.0008,4054.34
MAR_l,AHYIJDV,15,tree_gp_10000,12.09,9.0,654.02,0.001,4644.82
MAR_l,AHYIJDV,15,mlp_opt_0001,6.84,5.0,2431.67,0.0035,9202.75
MAR_l,AHYIJDV,5,mean,7.59,7.0,297.78,0.0004,3256.32
MAR_l,AHYIJDV,5,reg_opt_00001,7.79,7.0,600.61,0.0009,4117.13
MAR_l,AHYIJDV,5,tree_gp_10000,12.17,10.0,729.24,0.0011,4716.84
MAR_l,AHYIJDV,5,mlp_opt_0001,11.1,8.0,2560.19,0.0037,9306.12
MAR_l,AHYIJDV,10,mean,8.31,8.0,358.68,0.0005,3254.59
MAR_l,AHYIJDV,10,reg_opt_00001,9.53,9.0,578.85,0.0008,4085.2
MAR_l,AHYIJDV,10,tree_gp_10000,10.69,7.0,672.66,0.001,4553.9
MAR_l,AHYIJDV,10,mlp_opt_0001,5.84,4.0,2558.54,0.0037,9257.01
MAR_l,AHYIJDV,25,mean,10.67,11.0,360.58,0.0005,3249.04
MAR_l,AHYIJDV,25,reg_opt_00001,13.87,13.0,543.48,0.0008,4000.74
MAR_l,AHYIJDV,25,tree_gp_10000,10.54,8.0,651.7,0.0009,4283.74
MAR_l,AHYIJDV,25,mlp_opt_0001,10.96,10.0,2447.13,0.0036,9108.52
MAR_l,AHYIJDV,20,mean,9.89,10.0,355.44,0.0005,3250.83
MAR_l,AHYIJDV,20,reg_opt_00001,12.47,12.0,554.62,0.0008,4028.61
MAR_l,AHYIJDV,20,tree_gp_10000,11.16,9.0,668.22,0.001,4360.3
MAR_l,AHYIJDV,20,mlp_opt_0001,6.86,5.0,2522.06,0.0037,9156.9
MAR_l,ASFODQR,20,mean,17.9,19.0,720.05,0.0005,6737.07
MAR_l,ASFODQR,20,reg_opt_00001,17.64,17.0,1223.27,0.0009,8347.24
MAR_l,ASFODQR,20,tree_gp_10000,20.07,16.0,1386.37,0.001,9664.48
MAR_l,ASFODQR,20,mlp_opt_0001,8.11,6.0,5006.69,0.0035,18966.86
MAR_l,ASFODQR,15,mean,16.14,17.0,663.3,0.0005,6738.87
MAR_l,ASFODQR,15,reg_opt_00001,14.93,14.0,1195.12,0.0008,8402.75
MAR_l,ASFODQR,15,tree_gp_10000,12.59,9.0,1512.92,0.0011,9995.49
MAR_l,ASFODQR,15,mlp_opt_0001,9.45,8.0,5087.8,0.0036,19069.59
MAR_l,ASFODQR,5,mean,12.99,13.0,665.58,0.0005,6743.06
MAR_l,ASFODQR,5,reg_opt_00001,10.28,9.0,1203.64,0.0008,8524.02
MAR_l,ASFODQR,5,tree_gp_10000,14.49,9.0,1485.96,0.001,10019.82
MAR_l,ASFODQR,5,mlp_opt_0001,7.48,6.0,5278.51,0.0037,19277.15
MAR_l,ASFODQR,25,mean,19.56,21.0,717.86,0.0005,6735.2
MAR_l,ASFODQR,25,reg_opt_00001,20.58,20.0,1169.35,0.0008,8294.31
MAR_l,ASFODQR,25,tree_gp_10000,14.92,9.0,1331.58,0.0009,9216.55
MAR_l,ASFODQR,25,mlp_opt_0001,11.1,10.0,4998.32,0.0035,18879.75
MAR_l,ASFODQR,10,mean,14.35,15.0,700.74,0.0005,6741.07
MAR_l,ASFODQR,10,reg_opt_00001,12.41,12.0,1236.15,0.0009,8460.59
MAR_l,ASFODQR,10,tree_gp_10000,15.54,12.0,1488.25,0.001,9697.93
MAR_l,ASFODQR,10,mlp_opt_0001,8.19,7.0,5232.9,0.0037,19169.6
MAR_l,AUY8KYW,20,mean,14.99,16.0,449.85,0.0005,4387.08
MAR_l,AUY8KYW,20,reg_opt_00001,22.43,23.0,766.73,0.0008,5435.49
MAR_l,AUY8KYW,20,tree_gp_10000,17.05,14.0,917.22,0.001,5976.29
MAR_l,AUY8KYW,20,mlp_opt_0001,8.53,6.0,3278.51,0.0035,12351.89
MAR_l,AUY8KYW,10,mean,12.66,13.0,425.19,0.0005,4390.41
MAR_l,AUY8KYW,10,reg_opt_00001,18.12,19.0,757.8,0.0008,5508.23
MAR_l,AUY8KYW,10,tree_gp_10000,12.26,7.0,956.71,0.001,6162.91
MAR_l,AUY8KYW,10,mlp_opt_0001,7.31,5.0,3379.12,0.0036,12487.98
MAR_l,AUY8KYW,15,mean,13.82,15.0,444.17,0.0005,4388.74
MAR_l,AUY8KYW,15,reg_opt_00001,20.4,21.0,699.9,0.0008,5471.76
MAR_l,AUY8KYW,15,tree_gp_10000,13.26,9.0,928.91,0.001,6052.35
MAR_l,AUY8KYW,15,mlp_opt_0001,8.08,7.0,3346.36,0.0036,12419.57
MAR_l,AUY8KYW,25,mean,15.98,17.0,433.88,0.0005,4385.29
MAR_l,AUY8KYW,25,reg_opt_00001,24.49,26.0,754.7,0.0008,5399.29
MAR_l,AUY8KYW,25,tree_gp_10000,12.79,9.0,890.11,0.001,5823.81
MAR_l,AUY8KYW,25,mlp_opt_0001,8.82,8.0,3314.16,0.0036,12291.64
MAR_l,AUY8KYW,5,mean,11.29,12.0,469.99,0.0005,4392.23
MAR_l,AUY8KYW,5,reg_opt_00001,16.11,17.0,806.81,0.0009,5552.56
MAR_l,AUY8KYW,5,tree_gp_10000,10.69,7.0,1002.64,0.0011,6183.56
MAR_l,AUY8KYW,5,mlp_opt_0001,6.35,6.0,3520.95,0.0038,12555.58
MAR_l,A3OU183,25,mean,10.29,10.0,38.06,0.0005,353.73
MAR_l,A3OU183,25,reg_opt_00001,12.0,12.0,60.07,0.0008,435.77
MAR_l,A3OU183,25,tree_gp_10000,19.31,17.0,71.34,0.001,447.0
MAR_l,A3OU183,25,mlp_opt_0001,9.85,10.0,251.64,0.0034,992.11
MAR_l,A3OU183,15,mean,8.51,9.0,31.54,0.0004,354.3
MAR_l,A3OU183,15,reg_opt_00001,9.31,9.0,55.87,0.0007,441.93
MAR_l,A3OU183,15,tree_gp_10000,11.58,7.0,77.45,0.001,454.27
MAR_l,A3OU183,15,mlp_opt_0001,8.91,9.0,265.34,0.0035,1002.06
MAR_l,A3OU183,5,mean,6.72,7.0,39.35,0.0005,354.95
MAR_l,A3OU183,5,reg_opt_00001,7.14,7.0,67.76,0.0009,448.68
MAR_l,A3OU183,5,tree_gp_10000,11.69,7.0,71.18,0.0009,463.32
MAR_l,A3OU183,5,mlp_opt_0001,7.74,8.0,273.72,0.0036,1013.87
MAR_l,A3OU183,10,mean,7.76,8.0,36.25,0.0005,354.62
MAR_l,A3OU183,10,reg_opt_00001,8.32,8.0,61.74,0.0008,445.29
MAR_l,A3OU183,10,tree_gp_10000,11.71,7.0,75.74,0.001,458.88
MAR_l,A3OU183,10,mlp_opt_0001,8.49,8.0,279.16,0.0037,1008.29
MAR_l,A3OU183,20,mean,9.49,10.0,33.08,0.0004,354.01
MAR_l,A3OU183,20,reg_opt_00001,10.56,11.0,61.75,0.0008,438.78
MAR_l,A3OU183,20,tree_gp_10000,12.7,8.0,71.16,0.001,450.77
MAR_l,A3OU183,20,mlp_opt_0001,4.25,3.0,273.12,0.0037,997.06
MAR_l,AOYM4KG,5,mean,10.13,10.0,65.71,0.0004,693.28
MAR_l,AOYM4KG,5,reg_opt_00001,15.73,17.0,116.16,0.0008,876.53
MAR_l,AOYM4KG,5,tree_gp_10000,9.47,6.0,142.48,0.001,907.26
MAR_l,AOYM4KG,5,mlp_opt_0001,7.0,6.0,517.9,0.0035,1981.21
MAR_l,AOYM4KG,20,mean,11.55,11.0,71.53,0.0005,692.46
MAR_l,AOYM4KG,20,reg_opt_00001,19.16,20.0,116.33,0.0008,858.06
MAR_l,AOYM4KG,20,tree_gp_10000,20.22,12.0,128.75,0.0009,895.65
MAR_l,AOYM4KG,20,mlp_opt_0001,4.12,3.0,496.75,0.0034,1949.31
MAR_l,AOYM4KG,25,mean,11.52,11.0,74.05,0.0005,692.19
MAR_l,AOYM4KG,25,reg_opt_00001,19.69,21.0,121.03,0.0008,852.46
MAR_l,AOYM4KG,25,tree_gp_10000,21.5,15.0,137.23,0.0009,884.86
MAR_l,AOYM4KG,25,mlp_opt_0001,7.96,7.0,508.51,0.0035,1940.04
MAR_l,AOYM4KG,15,mean,11.59,11.0,61.78,0.0004,692.73
MAR_l,AOYM4KG,15,reg_opt_00001,18.87,20.0,131.34,0.0009,863.92
MAR_l,AOYM4KG,15,tree_gp_10000,15.7,9.0,139.25,0.001,896.63
MAR_l,AOYM4KG,15,mlp_opt_0001,2.87,2.0,528.56,0.0036,1960.03
MAR_l,AOYM4KG,10,mean,10.84,11.0,66.03,0.0005,693.0
MAR_l,AOYM4KG,10,reg_opt_00001,17.3,18.0,132.58,0.0009,870.06
MAR_l,AOYM4KG,10,tree_gp_10000,13.61,8.0,138.56,0.0009,902.67
MAR_l,AOYM4KG,10,mlp_opt_0001,7.31,7.0,557.3,0.0038,1970.1
MAR_l,AV2GF3B,20,mean,14.02,12.0,33.66,0.0004,365.58
MAR_l,AV2GF3B,20,reg_opt_00001,8.5,7.0,65.08,0.0008,453.09
MAR_l,AV2GF3B,20,tree_gp_10000,20.17,14.0,73.56,0.001,466.27
MAR_l,AV2GF3B,20,mlp_opt_0001,7.7,6.0,266.75,0.0035,1029.92
MAR_l,AV2GF3B,25,mean,14.64,13.0,32.38,0.0004,365.3
MAR_l,AV2GF3B,25,reg_opt_00001,9.49,9.0,64.02,0.0008,450.02
MAR_l,AV2GF3B,25,tree_gp_10000,20.35,13.0,61.43,0.0008,461.43
MAR_l,AV2GF3B,25,mlp_opt_0001,12.19,11.0,264.5,0.0034,1024.08
MAR_l,AV2GF3B,15,mean,13.24,11.0,35.8,0.0005,365.88
MAR_l,AV2GF3B,15,reg_opt_00001,7.63,6.0,61.07,0.0008,456.39
MAR_l,AV2GF3B,15,tree_gp_10000,21.8,15.0,78.54,0.001,470.23
MAR_l,AV2GF3B,15,mlp_opt_0001,11.21,9.0,279.56,0.0036,1035.46
MAR_l,AV2GF3B,5,mean,11.56,8.0,36.35,0.0005,366.52
MAR_l,AV2GF3B,5,reg_opt_00001,6.16,4.0,59.24,0.0008,463.44
MAR_l,AV2GF3B,5,tree_gp_10000,20.54,14.0,74.84,0.001,478.71
MAR_l,AV2GF3B,5,mlp_opt_0001,10.18,8.0,294.72,0.0038,1048.15
MAR_l,AV2GF3B,10,mean,12.39,10.0,35.84,0.0005,366.2
MAR_l,AV2GF3B,10,reg_opt_00001,6.86,5.0,69.2,0.0009,459.72
MAR_l,AV2GF3B,10,tree_gp_10000,22.27,15.0,80.32,0.001,474.37
MAR_l,AV2GF3B,10,mlp_opt_0001,10.57,9.0,292.1,0.0038,1041.39
MAR_l,A0NVTRV,10,mean,7.64,6.0,187.78,0.0005,1756.88
MAR_l,A0NVTRV,10,reg_opt_00001,7.19,5.0,311.41,0.0008,2206.06
MAR_l,A0NVTRV,10,tree_gp_10000,15.26,10.0,381.08,0.001,2370.83
MAR_l,A0NVTRV,10,mlp_opt_0001,7.35,6.0,1307.23,0.0035,4997.2
MAR_l,A0NVTRV,5,mean,7.24,6.0,194.75,0.0005,1758.37
MAR_l,A0NVTRV,5,reg_opt_00001,6.73,5.0,307.41,0.0008,2223.32
MAR_l,A0NVTRV,5,tree_gp_10000,13.23,9.0,389.07,0.001,2368.68
MAR_l,A0NVTRV,5,mlp_opt_0001,6.84,5.0,1377.04,0.0037,5027.17
MAR_l,A0NVTRV,15,mean,7.87,7.0,170.82,0.0005,1755.7
MAR_l,A0NVTRV,15,reg_opt_00001,7.45,6.0,303.62,0.0008,2189.93
MAR_l,A0NVTRV,15,tree_gp_10000,18.55,13.0,347.0,0.0009,2364.34
MAR_l,A0NVTRV,15,mlp_opt_0001,7.76,6.0,1363.2,0.0037,4968.99
MAR_l,A0NVTRV,25,mean,7.99,7.0,189.59,0.0005,1753.46
MAR_l,A0NVTRV,25,reg_opt_00001,7.55,6.0,312.27,0.0008,2159.98
MAR_l,A0NVTRV,25,tree_gp_10000,15.5,12.0,356.91,0.001,2290.92
MAR_l,A0NVTRV,25,mlp_opt_0001,8.33,7.0,1329.72,0.0036,4916.44
MAR_l,A0NVTRV,20,mean,7.91,7.0,185.67,0.0005,1754.52
MAR_l,A0NVTRV,20,reg_opt_00001,7.54,6.0,305.18,0.0008,2174.5
MAR_l,A0NVTRV,20,tree_gp_10000,18.46,13.0,348.63,0.0009,2335.54
MAR_l,A0NVTRV,20,mlp_opt_0001,37.23,7.0,1349.66,0.0036,4941.47
MAR_l,A1K5DRI,15,mean,12.29,13.0,463.43,0.0005,4199.07
MAR_l,A1K5DRI,15,reg_opt_00001,12.78,13.0,774.87,0.0009,5234.41
MAR_l,A1K5DRI,15,tree_gp_10000,10.01,6.0,874.15,0.001,5720.69
MAR_l,A1K5DRI,15,mlp_opt_0001,9.0,8.0,3198.08,0.0036,11881.96
MAR_l,A1K5DRI,25,mean,14.96,16.0,434.03,0.0005,4199.5
MAR_l,A1K5DRI,25,reg_opt_00001,17.42,18.0,727.99,0.0008,5169.08
MAR_l,A1K5DRI,25,tree_gp_10000,8.71,5.0,820.3,0.0009,5527.35
MAR_l,A1K5DRI,25,mlp_opt_0001,10.34,10.0,3107.9,0.0035,11770.75
MAR_l,A1K5DRI,20,mean,13.69,14.0,397.3,0.0004,4199.29
MAR_l,A1K5DRI,20,reg_opt_00001,15.06,15.0,776.89,0.0009,5202.35
MAR_l,A1K5DRI,20,tree_gp_10000,9.65,6.0,877.86,0.001,5711.18
MAR_l,A1K5DRI,20,mlp_opt_0001,9.8,9.0,3157.62,0.0036,11826.15
MAR_l,A1K5DRI,10,mean,10.86,11.0,459.64,0.0005,4198.84
MAR_l,A1K5DRI,10,reg_opt_00001,10.59,10.0,752.43,0.0008,5270.02
MAR_l,A1K5DRI,10,tree_gp_10000,10.96,7.0,897.92,0.001,5873.19
MAR_l,A1K5DRI,10,mlp_opt_0001,8.01,7.0,3256.86,0.0037,11936.34
MAR_l,A1K5DRI,5,mean,9.77,10.0,471.93,0.0005,4198.6
MAR_l,A1K5DRI,5,reg_opt_00001,8.96,9.0,778.74,0.0009,5308.0
MAR_l,A1K5DRI,5,tree_gp_10000,9.88,6.0,919.24,0.001,5898.93
MAR_l,A1K5DRI,5,mlp_opt_0001,7.36,7.0,3310.35,0.0037,11999.57
MAR_l,AYEFCWQ,20,mean,11.79,11.0,581.99,0.0005,5416.78
MAR_l,AYEFCWQ,20,reg_opt_00001,9.8,8.0,936.54,0.0008,6709.62
MAR_l,AYEFCWQ,20,tree_gp_10000,28.46,13.0,1142.03,0.001,7753.08
MAR_l,AYEFCWQ,20,mlp_opt_0001,9.52,8.0,4063.49,0.0035,15248.32
MAR_l,AYEFCWQ,25,mean,12.14,11.0,547.05,0.0005,5417.05
MAR_l,AYEFCWQ,25,reg_opt_00001,10.16,8.0,948.11,0.0008,6668.57
MAR_l,AYEFCWQ,25,tree_gp_10000,29.57,15.0,1119.41,0.001,7781.96
MAR_l,AYEFCWQ,25,mlp_opt_0001,9.84,8.0,4048.63,0.0035,15182.96
MAR_l,AYEFCWQ,15,mean,11.19,10.0,561.13,0.0005,5416.5
MAR_l,AYEFCWQ,15,reg_opt_00001,9.44,7.0,948.62,0.0008,6751.44
MAR_l,AYEFCWQ,15,tree_gp_10000,26.45,10.0,1080.32,0.0009,7712.42
MAR_l,AYEFCWQ,15,mlp_opt_0001,9.12,7.0,4175.44,0.0036,15325.47
MAR_l,AYEFCWQ,5,mean,10.66,9.0,547.28,0.0005,5415.9
MAR_l,AYEFCWQ,5,reg_opt_00001,8.59,6.0,945.3,0.0008,6843.09
MAR_l,AYEFCWQ,5,tree_gp_10000,26.05,12.0,1228.95,0.0011,8109.24
MAR_l,AYEFCWQ,5,mlp_opt_0001,8.7,7.0,4307.48,0.0038,15482.73
MAR_l,AYEFCWQ,10,mean,10.92,10.0,566.44,0.0005,5416.21
MAR_l,AYEFCWQ,10,reg_opt_00001,9.18,7.0,964.82,0.0008,6793.98
MAR_l,AYEFCWQ,10,tree_gp_10000,25.26,11.0,1133.37,0.001,7967.54
MAR_l,AYEFCWQ,10,mlp_opt_0001,8.97,7.0,4258.52,0.0037,15399.96
MAR_l,AMV7EQF,25,mean,21.52,22.0,403.76,0.0005,4097.4
MAR_l,AMV7EQF,25,reg_opt_00001,24.56,23.0,738.87,0.0009,5046.21
MAR_l,AMV7EQF,25,tree_gp_10000,12.37,8.0,812.17,0.0009,5522.89
MAR_l,AMV7EQF,25,mlp_opt_0001,13.1,9.0,3020.05,0.0035,11486.21
MAR_l,AMV7EQF,10,mean,16.58,17.0,439.57,0.0005,4102.9
MAR_l,AMV7EQF,10,reg_opt_00001,16.45,15.0,725.87,0.0008,5150.78
MAR_l,AMV7EQF,10,tree_gp_10000,17.54,14.0,831.92,0.001,5810.34
MAR_l,AMV7EQF,10,mlp_opt_0001,13.49,13.0,3157.31,0.0036,11666.36
MAR_l,AMV7EQF,15,mean,17.99,19.0,425.89,0.0005,4101.18
MAR_l,AMV7EQF,15,reg_opt_00001,18.69,17.0,723.21,0.0008,5114.42
MAR_l,AMV7EQF,15,tree_gp_10000,14.87,11.0,842.56,0.001,5671.36
MAR_l,AMV7EQF,15,mlp_opt_0001,14.13,14.0,3148.06,0.0036,11603.89
MAR_l,AMV7EQF,5,mean,15.2,15.0,421.04,0.0005,4104.92
MAR_l,AMV7EQF,5,reg_opt_00001,14.12,13.0,774.09,0.0009,5187.8
MAR_l,AMV7EQF,5,tree_gp_10000,14.35,9.0,892.01,0.001,5848.05
MAR_l,AMV7EQF,5,mlp_opt_0001,12.68,13.0,3259.11,0.0038,11735.9
MAR_l,AMV7EQF,20,mean,19.66,20.0,439.95,0.0005,4099.12
MAR_l,AMV7EQF,20,reg_opt_00001,21.41,20.0,717.17,0.0008,5079.61
MAR_l,AMV7EQF,20,tree_gp_10000,17.97,15.0,883.14,0.001,5643.16
MAR_l,AMV7EQF,20,mlp_opt_0001,14.8,15.0,3127.57,0.0036,11543.79
MAR_l,AZIK4ZA,5,mean,13.97,15.0,337.03,0.0005,3492.98
MAR_l,AZIK4ZA,5,reg_opt_00001,15.79,16.0,664.4,0.0009,4416.38
MAR_l,AZIK4ZA,5,tree_gp_10000,12.88,10.0,780.65,0.0011,4746.86
MAR_l,AZIK4ZA,5,mlp_opt_0001,4.62,3.0,2713.28,0.0037,9983.2
MAR_l,AZIK4ZA,20,mean,18.62,19.0,337.23,0.0005,3487.34
MAR_l,AZIK4ZA,20,reg_opt_00001,23.33,24.0,594.23,0.0008,4321.69
MAR_l,AZIK4ZA,20,tree_gp_10000,9.07,4.0,674.34,0.0009,4601.3
MAR_l,AZIK4ZA,20,mlp_opt_0001,8.57,8.0,2621.96,0.0036,9819.8
MAR_l,AZIK4ZA,15,mean,17.13,18.0,378.65,0.0005,3489.3
MAR_l,AZIK4ZA,15,reg_opt_00001,20.61,21.0,614.42,0.0008,4351.84
MAR_l,AZIK4ZA,15,tree_gp_10000,11.98,8.0,739.39,0.001,4676.13
MAR_l,AZIK4ZA,15,mlp_opt_0001,5.6,4.0,2666.05,0.0036,9873.89
MAR_l,AZIK4ZA,10,mean,15.67,16.0,385.5,0.0005,3491.21
MAR_l,AZIK4ZA,10,reg_opt_00001,18.28,19.0,586.57,0.0008,4383.4
MAR_l,AZIK4ZA,10,tree_gp_10000,15.31,12.0,775.3,0.0011,4740.54
MAR_l,AZIK4ZA,10,mlp_opt_0001,7.66,7.0,2741.76,0.0037,9930.81
MAR_l,AZIK4ZA,25,mean,20.04,21.0,346.87,0.0005,3485.43
MAR_l,AZIK4ZA,25,reg_opt_00001,26.24,27.0,593.29,0.0008,4290.17
MAR_l,AZIK4ZA,25,tree_gp_10000,11.34,6.0,690.19,0.0009,4522.61
MAR_l,AZIK4ZA,25,mlp_opt_0001,6.13,4.0,2702.08,0.0037,9773.01
MAR_l,AJWW3IY,15,mean,12.96,13.0,367.06,0.0005,3299.22
MAR_l,AJWW3IY,15,reg_opt_00001,17.36,17.0,568.18,0.0008,4111.98
MAR_l,AJWW3IY,15,tree_gp_10000,14.01,11.0,692.81,0.001,4490.68
MAR_l,AJWW3IY,15,mlp_opt_0001,10.25,10.0,2479.8,0.0036,9338.42
MAR_l,AJWW3IY,5,mean,9.81,10.0,349.38,0.0005,3303.47
MAR_l,AJWW3IY,5,reg_opt_00001,12.2,12.0,622.29,0.0009,4176.67
MAR_l,AJWW3IY,5,tree_gp_10000,12.46,9.0,714.57,0.001,4496.08
MAR_l,AJWW3IY,5,mlp_opt_0001,7.82,8.0,2566.84,0.0037,9441.98
MAR_l,AJWW3IY,20,mean,14.36,15.0,349.42,0.0005,3297.25
MAR_l,AJWW3IY,20,reg_opt_00001,19.67,20.0,602.16,0.0009,4086.22
MAR_l,AJWW3IY,20,tree_gp_10000,13.03,9.0,623.34,0.0009,4492.18
MAR_l,AJWW3IY,20,mlp_opt_0001,10.9,11.0,2478.81,0.0036,9288.68
MAR_l,AJWW3IY,10,mean,11.26,12.0,358.52,0.0005,3301.15
MAR_l,AJWW3IY,10,reg_opt_00001,14.7,15.0,567.79,0.0008,4143.0
MAR_l,AJWW3IY,10,tree_gp_10000,12.93,9.0,697.23,0.001,4524.37
MAR_l,AJWW3IY,10,mlp_opt_0001,9.2,9.0,2612.97,0.0037,9389.88
MAR_l,AJWW3IY,25,mean,15.35,16.0,340.97,0.0005,3295.59
MAR_l,AJWW3IY,25,reg_opt_00001,21.84,22.0,538.37,0.0008,4059.16
MAR_l,AJWW3IY,25,tree_gp_10000,13.03,9.0,681.04,0.001,4440.15
MAR_l,AJWW3IY,25,mlp_opt_0001,7.66,6.0,2542.14,0.0036,9239.93
MAR_l,AX6281V,20,mean,14.31,15.0,329.09,0.0005,3205.02
MAR_l,AX6281V,20,reg_opt_00001,13.91,13.0,542.88,0.0008,3971.93
MAR_l,AX6281V,20,tree_gp_10000,13.11,9.0,643.35,0.0009,4318.62
MAR_l,AX6281V,20,mlp_opt_0001,7.23,4.0,2395.77,0.0035,9028.46
MAR_l,AX6281V,5,mean,10.36,11.0,296.56,0.0004,3211.18
MAR_l,AX6281V,5,reg_opt_00001,8.84,8.0,594.19,0.0009,4060.06
MAR_l,AX6281V,5,tree_gp_10000,11.19,7.0,709.12,0.001,4408.59
MAR_l,AX6281V,5,mlp_opt_0001,6.02,3.0,2502.67,0.0037,9178.72
MAR_l,AX6281V,25,mean,15.39,16.0,311.64,0.0005,3203.05
MAR_l,AX6281V,25,reg_opt_00001,15.65,15.0,554.35,0.0008,3945.34
MAR_l,AX6281V,25,tree_gp_10000,11.82,7.0,623.6,0.0009,4113.63
MAR_l,AX6281V,25,mlp_opt_0001,6.59,5.0,2379.61,0.0035,8978.34
MAR_l,AX6281V,10,mean,11.79,12.0,328.63,0.0005,3208.98
MAR_l,AX6281V,10,reg_opt_00001,10.29,9.0,572.23,0.0008,4027.9
MAR_l,AX6281V,10,tree_gp_10000,12.04,8.0,694.19,0.001,4287.59
MAR_l,AX6281V,10,mlp_opt_0001,5.81,4.0,2491.71,0.0037,9127.61
MAR_l,AX6281V,15,mean,13.12,14.0,349.3,0.0005,3206.97
MAR_l,AX6281V,15,reg_opt_00001,11.88,11.0,574.51,0.0008,3999.84
MAR_l,AX6281V,15,tree_gp_10000,9.41,6.0,686.56,0.001,4375.78
MAR_l,AX6281V,15,mlp_opt_0001,7.55,7.0,2469.31,0.0036,9074.32
MAR_l,AYWIEKR,25,mean,14.17,15.0,438.15,0.0005,4088.95
MAR_l,AYWIEKR,25,reg_opt_00001,19.86,21.0,692.25,0.0008,5035.79
MAR_l,AYWIEKR,25,tree_gp_10000,7.24,4.0,812.67,0.0009,5412.75
MAR_l,AYWIEKR,25,mlp_opt_0001,7.85,8.0,3013.62,0.0035,11463.59
MAR_l,AYWIEKR,10,mean,9.82,10.0,449.23,0.0005,4095.58
MAR_l,AYWIEKR,10,reg_opt_00001,13.13,13.0,749.18,0.0009,5142.21
MAR_l,AYWIEKR,10,tree_gp_10000,11.56,8.0,904.52,0.001,5747.02
MAR_l,AYWIEKR,10,mlp_opt_0001,6.06,6.0,3175.48,0.0037,11645.82
MAR_l,AYWIEKR,5,mean,8.1,8.0,433.3,0.0005,4097.95
MAR_l,AYWIEKR,5,reg_opt_00001,10.78,11.0,794.52,0.0009,5180.36
MAR_l,AYWIEKR,5,tree_gp_10000,13.46,8.0,920.84,0.0011,5831.36
MAR_l,AYWIEKR,5,mlp_opt_0001,5.03,4.0,3217.75,0.0037,11710.99
MAR_l,AYWIEKR,20,mean,12.92,13.0,411.82,0.0005,4091.02
MAR_l,AYWIEKR,20,reg_opt_00001,17.69,18.0,719.66,0.0008,5069.78
MAR_l,AYWIEKR,20,tree_gp_10000,8.87,5.0,812.94,0.0009,5576.87
MAR_l,AYWIEKR,20,mlp_opt_0001,7.44,7.0,3115.55,0.0036,11517.92
MAR_l,AYWIEKR,15,mean,11.56,12.0,411.52,0.0005,4093.13
MAR_l,AYWIEKR,15,reg_opt_00001,15.45,16.0,704.62,0.0008,5104.95
MAR_l,AYWIEKR,15,tree_gp_10000,14.0,11.0,839.18,0.001,5573.1
MAR_l,AYWIEKR,15,mlp_opt_0001,7.06,7.0,3177.69,0.0037,11578.36
MAR_l,ATHKM6V,10,mean,5.54,5.0,230.75,0.0005,2169.77
MAR_l,ATHKM6V,10,reg_opt_00001,5.67,5.0,392.14,0.0009,2724.55
MAR_l,ATHKM6V,10,tree_gp_10000,8.71,6.0,459.59,0.001,2879.43
MAR_l,ATHKM6V,10,mlp_opt_0001,7.45,4.0,1680.32,0.0037,6169.0
MAR_l,ATHKM6V,20,mean,5.98,6.0,228.72,0.0005,2166.63
MAR_l,ATHKM6V,20,reg_opt_00001,6.53,6.0,383.12,0.0008,2685.34
MAR_l,ATHKM6V,20,tree_gp_10000,11.17,9.0,443.99,0.001,2871.0
MAR_l,ATHKM6V,20,mlp_opt_0001,5.29,4.0,1635.59,0.0036,6102.94
MAR_l,ATHKM6V,5,mean,5.46,5.0,229.01,0.0005,2171.77
MAR_l,ATHKM6V,5,reg_opt_00001,5.23,4.0,399.84,0.0009,2744.47
MAR_l,ATHKM6V,5,tree_gp_10000,9.69,7.0,483.65,0.0011,2866.51
MAR_l,ATHKM6V,5,mlp_opt_0001,5.86,3.0,1718.98,0.0037,6210.5
MAR_l,ATHKM6V,15,mean,5.72,5.0,226.0,0.0005,2168.02
MAR_l,ATHKM6V,15,reg_opt_00001,5.97,5.0,388.26,0.0008,2703.91
MAR_l,ATHKM6V,15,tree_gp_10000,11.02,9.0,448.68,0.001,2843.34
MAR_l,ATHKM6V,15,mlp_opt_0001,6.47,4.0,1669.19,0.0036,6136.2
MAR_l,ATHKM6V,25,mean,6.3,6.0,222.75,0.0005,2165.37
MAR_l,ATHKM6V,25,reg_opt_00001,6.95,6.0,376.66,0.0008,2665.73
MAR_l,ATHKM6V,25,tree_gp_10000,11.1,9.0,434.03,0.0009,2827.98
MAR_l,ATHKM6V,25,mlp_opt_0001,5.01,4.0,1634.63,0.0036,6070.38
MAR_l,AFPB8J2,25,mean,11.44,11.0,311.79,0.0004,3589.48
MAR_l,AFPB8J2,25,reg_opt_00001,11.81,10.0,607.95,0.0008,4420.95
MAR_l,AFPB8J2,25,tree_gp_10000,16.53,13.0,710.81,0.0009,4985.37
MAR_l,AFPB8J2,25,mlp_opt_0001,10.51,10.0,2628.62,0.0035,10063.6
MAR_l,AFPB8J2,20,mean,10.26,10.0,361.51,0.0005,3591.41
MAR_l,AFPB8J2,20,reg_opt_00001,10.41,9.0,611.02,0.0008,4450.71
MAR_l,AFPB8J2,20,tree_gp_10000,15.1,12.0,737.93,0.001,5035.69
MAR_l,AFPB8J2,20,mlp_opt_0001,10.07,10.0,2685.48,0.0035,10115.56
MAR_l,AFPB8J2,5,mean,7.55,6.0,375.6,0.0005,3597.62
MAR_l,AFPB8J2,5,reg_opt_00001,7.79,6.0,610.03,0.0008,4548.7
MAR_l,AFPB8J2,5,tree_gp_10000,14.08,11.0,812.46,0.0011,4891.11
MAR_l,AFPB8J2,5,mlp_opt_0001,38.58,6.0,2805.81,0.0037,10286.63
MAR_l,AFPB8J2,10,mean,8.02,7.0,359.23,0.0005,3595.36
MAR_l,AFPB8J2,10,reg_opt_00001,8.27,7.0,674.6,0.0009,4514.22
MAR_l,AFPB8J2,10,tree_gp_10000,16.41,14.0,740.89,0.001,4902.37
MAR_l,AFPB8J2,10,mlp_opt_0001,8.09,8.0,2803.68,0.0037,10226.14
MAR_l,AFPB8J2,15,mean,9.11,8.0,371.38,0.0005,3593.35
MAR_l,AFPB8J2,15,reg_opt_00001,9.15,7.0,623.9,0.0008,4481.67
MAR_l,AFPB8J2,15,tree_gp_10000,17.35,14.0,758.14,0.001,5156.45
MAR_l,AFPB8J2,15,mlp_opt_0001,8.97,7.0,2794.02,0.0037,10165.48
MAR_l,A0VFT1N,5,mean,13.87,14.0,410.92,0.0005,4133.3
MAR_l,A0VFT1N,5,reg_opt_00001,13.53,13.0,765.95,0.0009,5225.85
MAR_l,A0VFT1N,5,tree_gp_10000,13.11,9.0,865.19,0.001,5742.82
MAR_l,A0VFT1N,5,mlp_opt_0001,9.71,10.0,3185.26,0.0036,11813.49
MAR_l,A0VFT1N,10,mean,15.2,16.0,471.9,0.0005,4131.32
MAR_l,A0VFT1N,10,reg_opt_00001,15.55,16.0,774.27,0.0009,5186.96
MAR_l,A0VFT1N,10,tree_gp_10000,11.19,7.0,889.75,0.001,5640.41
MAR_l,A0VFT1N,10,mlp_opt_0001,10.36,11.0,3182.01,0.0036,11750.25
MAR_l,A0VFT1N,20,mean,17.86,19.0,440.42,0.0005,4127.08
MAR_l,A0VFT1N,20,reg_opt_00001,20.23,21.0,721.22,0.0008,5114.33
MAR_l,A0VFT1N,20,tree_gp_10000,16.84,14.0,827.37,0.0009,5512.56
MAR_l,A0VFT1N,20,mlp_opt_0001,11.56,12.0,3100.84,0.0036,11624.2
MAR_l,A0VFT1N,25,mean,19.2,20.0,398.34,0.0005,4125.28
MAR_l,A0VFT1N,25,reg_opt_00001,23.22,25.0,718.57,0.0008,5080.88
MAR_l,A0VFT1N,25,tree_gp_10000,14.42,10.0,824.38,0.0009,5416.64
MAR_l,A0VFT1N,25,mlp_opt_0001,106.56,12.0,3101.07,0.0036,11562.26
MAR_l,A0VFT1N,15,mean,16.48,17.0,413.66,0.0005,4129.21
MAR_l,A0VFT1N,15,reg_opt_00001,17.8,18.0,733.2,0.0008,5149.79
MAR_l,A0VFT1N,15,tree_gp_10000,20.29,18.0,843.94,0.001,5536.39
MAR_l,A0VFT1N,15,mlp_opt_0001,11.11,11.0,3238.79,0.0037,11685.08
MAR_l,AURCTAK,10,mean,10.72,11.0,60.66,0.0005,563.92
MAR_l,AURCTAK,10,reg_opt_00001,11.45,12.0,105.31,0.0009,708.02
MAR_l,AURCTAK,10,tree_gp_10000,12.32,10.0,124.07,0.001,731.56
MAR_l,AURCTAK,10,mlp_opt_0001,5.78,5.0,416.93,0.0035,1603.69
MAR_l,AURCTAK,15,mean,12.19,13.0,56.61,0.0005,563.66
MAR_l,AURCTAK,15,reg_opt_00001,13.43,14.0,100.77,0.0008,702.97
MAR_l,AURCTAK,15,tree_gp_10000,11.21,8.0,120.94,0.001,724.85
MAR_l,AURCTAK,15,mlp_opt_0001,6.55,5.0,423.52,0.0036,1595.39
MAR_l,AURCTAK,25,mean,14.01,15.0,59.03,0.0005,563.19
MAR_l,AURCTAK,25,reg_opt_00001,17.11,18.0,91.89,0.0008,693.43
MAR_l,AURCTAK,25,tree_gp_10000,13.56,11.0,96.88,0.0008,712.41
MAR_l,AURCTAK,25,mlp_opt_0001,12.72,13.0,422.53,0.0035,1578.4
MAR_l,AURCTAK,20,mean,13.1,14.0,55.93,0.0005,563.42
MAR_l,AURCTAK,20,reg_opt_00001,15.25,16.0,100.0,0.0008,698.19
MAR_l,AURCTAK,20,tree_gp_10000,11.58,8.0,112.52,0.0009,718.82
MAR_l,AURCTAK,20,mlp_opt_0001,6.94,6.0,430.36,0.0036,1586.07
MAR_l,AURCTAK,5,mean,9.06,9.0,52.95,0.0004,564.18
MAR_l,AURCTAK,5,reg_opt_00001,9.28,10.0,104.9,0.0009,713.18
MAR_l,AURCTAK,5,tree_gp_10000,13.02,11.0,101.12,0.0008,738.11
MAR_l,AURCTAK,5,mlp_opt_0001,5.06,4.0,461.84,0.0039,1612.35
MAR_l,A36HR6Y,20,mean,14.68,15.0,185.25,0.0004,1964.15
MAR_l,A36HR6Y,20,reg_opt_00001,12.53,12.0,325.68,0.0008,2433.97
MAR_l,A36HR6Y,20,tree_gp_10000,33.64,25.0,372.74,0.0009,2553.41
MAR_l,A36HR6Y,20,mlp_opt_0001,12.36,12.0,1420.55,0.0034,5530.14
MAR_l,A36HR6Y,5,mean,9.73,9.0,223.01,0.0005,1968.23
MAR_l,A36HR6Y,5,reg_opt_00001,8.44,7.0,324.96,0.0008,2488.3
MAR_l,A36HR6Y,5,tree_gp_10000,15.07,8.0,426.99,0.001,2661.44
MAR_l,A36HR6Y,5,mlp_opt_0001,8.97,9.0,1492.81,0.0036,5624.21
MAR_l,A36HR6Y,15,mean,15.17,15.0,178.35,0.0004,1967.96
MAR_l,A36HR6Y,15,reg_opt_00001,12.07,11.0,346.27,0.0008,2453.4
MAR_l,A36HR6Y,15,tree_gp_10000,21.39,18.0,417.86,0.001,2590.3
MAR_l,A36HR6Y,15,mlp_opt_0001,12.94,12.0,1480.0,0.0036,5569.13
MAR_l,A36HR6Y,10,mean,13.09,13.0,203.42,0.0005,1968.35
MAR_l,A36HR6Y,10,reg_opt_00001,10.44,9.0,351.9,0.0008,2470.81
MAR_l,A36HR6Y,10,tree_gp_10000,27.06,10.0,387.69,0.0009,2578.26
MAR_l,A36HR6Y,10,mlp_opt_0001,11.33,11.0,1529.13,0.0037,5595.48
MAR_l,A36HR6Y,25,mean,13.52,13.0,195.34,0.0005,1961.95
MAR_l,A36HR6Y,25,reg_opt_00001,12.4,11.0,316.85,0.0008,2416.62
MAR_l,A36HR6Y,25,tree_gp_10000,28.52,18.0,377.96,0.0009,2524.51
MAR_l,A36HR6Y,25,mlp_opt_0001,11.52,11.0,1513.27,0.0036,5500.53
MAR_l,A4E0D03,5,mean,10.23,10.0,372.9,0.0005,3482.15
MAR_l,A4E0D03,5,reg_opt_00001,11.47,11.0,638.81,0.0009,4402.71
MAR_l,A4E0D03,5,tree_gp_10000,15.6,9.0,768.94,0.001,4846.31
MAR_l,A4E0D03,5,mlp_opt_0001,10.86,11.0,2707.85,0.0037,9951.69
MAR_l,A4E0D03,10,mean,11.53,12.0,380.93,0.0005,3480.14
MAR_l,A4E0D03,10,reg_opt_00001,13.61,13.0,592.5,0.0008,4369.53
MAR_l,A4E0D03,10,tree_gp_10000,15.66,9.0,759.4,0.001,4731.18
MAR_l,A4E0D03,10,mlp_opt_0001,9.42,7.0,2699.39,0.0037,9898.51
MAR_l,A4E0D03,25,mean,15.29,16.0,357.79,0.0005,3475.11
MAR_l,A4E0D03,25,reg_opt_00001,19.76,20.0,566.58,0.0008,4279.98
MAR_l,A4E0D03,25,tree_gp_10000,21.07,17.0,665.78,0.0009,4643.7
MAR_l,A4E0D03,25,mlp_opt_0001,13.85,14.0,2588.97,0.0035,9745.4
MAR_l,A4E0D03,15,mean,12.7,13.0,351.53,0.0005,3478.47
MAR_l,A4E0D03,15,reg_opt_00001,15.55,15.0,651.73,0.0009,4337.0
MAR_l,A4E0D03,15,tree_gp_10000,17.43,13.0,713.16,0.001,4709.22
MAR_l,A4E0D03,15,mlp_opt_0001,12.83,13.0,2670.48,0.0036,9842.26
MAR_l,A4E0D03,20,mean,14.0,14.0,364.47,0.0005,3476.62
MAR_l,A4E0D03,20,reg_opt_00001,17.53,18.0,588.48,0.0008,4306.63
MAR_l,A4E0D03,20,tree_gp_10000,18.69,15.0,671.14,0.0009,4656.42
MAR_l,A4E0D03,20,mlp_opt_0001,13.4,14.0,2651.55,0.0036,9793.08
MAR_l,AJMQUVV,20,mean,11.46,11.0,403.47,0.0004,4246.23
MAR_l,AJMQUVV,20,reg_opt_00001,9.8,8.0,748.98,0.0008,5260.51
MAR_l,AJMQUVV,20,tree_gp_10000,37.27,18.0,871.84,0.001,5732.81
MAR_l,AJMQUVV,20,mlp_opt_0001,11.32,9.0,3151.61,0.0035,11953.02
MAR_l,AJMQUVV,10,mean,10.22,9.0,438.88,0.0005,4245.78
MAR_l,AJMQUVV,10,reg_opt_00001,8.33,6.0,757.06,0.0008,5326.87
MAR_l,AJMQUVV,10,tree_gp_10000,31.85,13.0,937.3,0.001,5760.28
MAR_l,AJMQUVV,10,mlp_opt_0001,9.99,7.0,3250.88,0.0036,12071.36
MAR_l,AJMQUVV,25,mean,12.21,12.0,421.52,0.0005,4246.44
MAR_l,AJMQUVV,25,reg_opt_00001,10.85,9.0,706.73,0.0008,5226.27
MAR_l,AJMQUVV,25,tree_gp_10000,36.82,19.0,835.72,0.0009,5761.77
MAR_l,AJMQUVV,25,mlp_opt_0001,11.88,9.0,3146.41,0.0035,11903.18
MAR_l,AJMQUVV,5,mean,9.89,9.0,431.78,0.0005,4245.53
MAR_l,AJMQUVV,5,reg_opt_00001,7.6,6.0,757.61,0.0008,5366.13
MAR_l,AJMQUVV,5,tree_gp_10000,32.0,11.0,934.97,0.001,5861.31
MAR_l,AJMQUVV,5,mlp_opt_0001,9.15,6.0,3389.4,0.0038,12137.09
MAR_l,AJMQUVV,15,mean,10.8,10.0,429.85,0.0005,4246.01
MAR_l,AJMQUVV,15,reg_opt_00001,9.03,7.0,748.02,0.0008,5292.22
MAR_l,AJMQUVV,15,tree_gp_10000,46.72,30.0,841.51,0.0009,5721.14
MAR_l,AJMQUVV,15,mlp_opt_0001,10.71,8.0,3276.91,0.0037,12012.29
MAR_l,A4G0044,20,mean,13.99,15.0,65.09,0.0005,586.35
MAR_l,A4G0044,20,reg_opt_00001,23.71,25.0,103.26,0.0008,726.6
MAR_l,A4G0044,20,tree_gp_10000,17.92,12.0,107.3,0.0009,749.98
MAR_l,A4G0044,20,mlp_opt_0001,11.97,12.0,430.27,0.0035,1651.39
MAR_l,A4G0044,5,mean,11.25,12.0,62.92,0.0005,587.15
MAR_l,A4G0044,5,reg_opt_00001,17.92,19.0,105.96,0.0009,742.36
MAR_l,A4G0044,5,tree_gp_10000,12.72,11.0,130.18,0.001,767.81
MAR_l,A4G0044,5,mlp_opt_0001,10.54,11.0,454.06,0.0037,1678.38
MAR_l,A4G0044,10,mean,12.09,13.0,61.53,0.0005,586.87
MAR_l,A4G0044,10,reg_opt_00001,19.82,21.0,98.58,0.0008,736.84
MAR_l,A4G0044,10,tree_gp_10000,10.46,7.0,105.38,0.0008,760.51
MAR_l,A4G0044,10,mlp_opt_0001,9.18,9.0,452.49,0.0036,1668.69
MAR_l,A4G0044,25,mean,14.56,15.0,55.83,0.0005,586.11
MAR_l,A4G0044,25,reg_opt_00001,25.73,27.0,104.59,0.0008,721.87
MAR_l,A4G0044,25,tree_gp_10000,22.9,19.0,115.34,0.0009,750.55
MAR_l,A4G0044,25,mlp_opt_0001,12.35,13.0,432.95,0.0035,1643.11
MAR_l,A4G0044,15,mean,13.12,14.0,59.73,0.0005,586.6
MAR_l,A4G0044,15,reg_opt_00001,21.77,23.0,94.32,0.0008,731.59
MAR_l,A4G0044,15,tree_gp_10000,16.09,12.0,122.45,0.001,754.44
MAR_l,A4G0044,15,mlp_opt_0001,3.66,3.0,451.11,0.0036,1659.76
MAR_l,AIFDJZB,5,mean,12.24,12.0,627.82,0.0005,5889.42
MAR_l,AIFDJZB,5,reg_opt_00001,16.28,15.0,1112.71,0.0009,7443.34
MAR_l,AIFDJZB,5,tree_gp_10000,15.56,9.0,1216.8,0.001,8168.93
MAR_l,AIFDJZB,5,mlp_opt_0001,9.24,8.0,4562.21,0.0037,16835.65
MAR_l,AIFDJZB,15,mean,14.9,15.0,649.54,0.0005,5885.52
MAR_l,AIFDJZB,15,reg_opt_00001,21.3,21.0,971.58,0.0008,7339.67
MAR_l,AIFDJZB,15,tree_gp_10000,14.19,11.0,1229.75,0.001,8184.45
MAR_l,AIFDJZB,15,mlp_opt_0001,10.29,9.0,4474.63,0.0036,16654.44
MAR_l,AIFDJZB,10,mean,13.35,13.0,576.09,0.0005,5887.37
MAR_l,AIFDJZB,10,reg_opt_00001,18.64,18.0,1073.29,0.0009,7390.62
MAR_l,AIFDJZB,10,tree_gp_10000,10.61,7.0,1237.79,0.001,8438.83
MAR_l,AIFDJZB,10,mlp_opt_0001,9.66,9.0,4549.68,0.0037,16745.35
MAR_l,AIFDJZB,25,mean,17.72,18.0,601.14,0.0005,5882.09
MAR_l,AIFDJZB,25,reg_opt_00001,26.69,27.0,1036.43,0.0008,7240.76
MAR_l,AIFDJZB,25,tree_gp_10000,57.67,63.0,1184.06,0.001,7975.14
MAR_l,AIFDJZB,25,mlp_opt_0001,11.35,11.0,4383.75,0.0035,16487.65
MAR_l,AIFDJZB,20,mean,16.51,17.0,620.97,0.0005,5883.71
MAR_l,AIFDJZB,20,reg_opt_00001,24.15,24.0,994.65,0.0008,7287.09
MAR_l,AIFDJZB,20,tree_gp_10000,10.75,7.0,1216.33,0.001,7863.58
MAR_l,AIFDJZB,20,mlp_opt_0001,10.93,10.0,4482.15,0.0036,16571.43
MAR_l,AQC0L71,5,mean,5.57,5.0,230.9,0.0004,2441.55
MAR_l,AQC0L71,5,reg_opt_00001,7.14,7.0,473.0,0.0009,3086.68
MAR_l,AQC0L71,5,tree_gp_10000,14.33,8.0,535.93,0.001,3230.15
MAR_l,AQC0L71,5,mlp_opt_0001,4.98,4.0,1908.03,0.0037,6978.28
MAR_l,AQC0L71,10,mean,6.03,6.0,270.16,0.0005,2441.69
MAR_l,AQC0L71,10,reg_opt_00001,7.91,8.0,460.18,0.0009,3064.62
MAR_l,AQC0L71,10,tree_gp_10000,16.32,10.0,495.69,0.001,3221.75
MAR_l,AQC0L71,10,mlp_opt_0001,5.31,5.0,1893.12,0.0037,6943.56
MAR_l,AQC0L71,15,mean,6.79,6.0,242.57,0.0005,2441.83
MAR_l,AQC0L71,15,reg_opt_00001,9.05,9.0,433.75,0.0008,3043.69
MAR_l,AQC0L71,15,tree_gp_10000,19.61,14.0,529.34,0.001,3234.73
MAR_l,AQC0L71,15,mlp_opt_0001,5.84,5.0,1871.3,0.0036,6910.54
MAR_l,AQC0L71,25,mean,7.95,8.0,261.2,0.0005,2442.07
MAR_l,AQC0L71,25,reg_opt_00001,11.3,11.0,418.69,0.0008,3004.58
MAR_l,AQC0L71,25,tree_gp_10000,15.13,9.0,482.3,0.0009,3147.11
MAR_l,AQC0L71,25,mlp_opt_0001,6.46,6.0,1825.86,0.0035,6843.92
MAR_l,AQC0L71,20,mean,7.39,7.0,263.24,0.0005,2441.95
MAR_l,AQC0L71,20,reg_opt_00001,10.24,10.0,413.14,0.0008,3025.26
MAR_l,AQC0L71,20,tree_gp_10000,14.95,8.0,502.6,0.001,3176.01
MAR_l,AQC0L71,20,mlp_opt_0001,6.24,6.0,1868.5,0.0036,6876.34
MAR_l,A7EM0B6,15,mean,9.86,10.0,316.0,0.0005,3031.36
MAR_l,A7EM0B6,15,reg_opt_00001,9.3,9.0,526.49,0.0008,3780.8
MAR_l,A7EM0B6,15,tree_gp_10000,14.17,11.0,624.46,0.001,4119.74
MAR_l,A7EM0B6,15,mlp_opt_0001,7.11,6.0,2279.49,0.0036,8580.33
MAR_l,A7EM0B6,5,mean,8.57,8.0,316.32,0.0005,3035.38
MAR_l,A7EM0B6,5,reg_opt_00001,7.35,6.0,576.24,0.0009,3833.31
MAR_l,A7EM0B6,5,tree_gp_10000,14.77,11.0,659.63,0.001,4280.58
MAR_l,A7EM0B6,5,mlp_opt_0001,5.28,4.0,2346.78,0.0037,8677.05
MAR_l,A7EM0B6,10,mean,9.21,9.0,304.26,0.0005,3033.52
MAR_l,A7EM0B6,10,reg_opt_00001,8.43,8.0,554.56,0.0009,3808.84
MAR_l,A7EM0B6,10,tree_gp_10000,13.0,9.0,629.37,0.001,4183.32
MAR_l,A7EM0B6,10,mlp_opt_0001,7.72,6.0,2374.91,0.0037,8624.2
MAR_l,A7EM0B6,25,mean,11.38,12.0,297.72,0.0005,3027.45
MAR_l,A7EM0B6,25,reg_opt_00001,11.49,11.0,488.08,0.0008,3729.13
MAR_l,A7EM0B6,25,tree_gp_10000,13.05,9.0,614.47,0.001,4203.04
MAR_l,A7EM0B6,25,mlp_opt_0001,6.97,5.0,2282.84,0.0036,8489.75
MAR_l,A7EM0B6,20,mean,10.62,11.0,285.98,0.0004,3029.39
MAR_l,A7EM0B6,20,reg_opt_00001,10.37,10.0,497.65,0.0008,3752.8
MAR_l,A7EM0B6,20,tree_gp_10000,14.57,11.0,611.12,0.001,4075.89
MAR_l,A7EM0B6,20,mlp_opt_0001,6.77,5.0,2342.4,0.0037,8530.75
MAR_m,A1ZJ41O,15,mean,8.76,7.0,386.0,0.0005,3779.21
MAR_m,A1ZJ41O,15,reg_opt_00001,4.56,3.0,639.73,0.0008,4719.68
MAR_m,A1ZJ41O,15,tree_gp_10000,3.99,2.0,759.62,0.001,5136.51
MAR_m,A1ZJ41O,15,mlp_opt_0001,6.67,5.0,2836.95,0.0036,10691.56
MAR_m,A1ZJ41O,5,mean,8.74,7.0,375.88,0.0005,3778.79
MAR_m,A1ZJ41O,5,reg_opt_00001,4.36,3.0,672.55,0.0008,4778.39
MAR_m,A1ZJ41O,5,tree_gp_10000,3.67,2.0,853.37,0.0011,5283.31
MAR_m,A1ZJ41O,5,mlp_opt_0001,6.52,5.0,2921.04,0.0037,10802.56
MAR_m,A1ZJ41O,20,mean,8.77,7.0,374.7,0.0005,3779.41
MAR_m,A1ZJ41O,20,reg_opt_00001,4.65,3.0,653.14,0.0008,4691.67
MAR_m,A1ZJ41O,20,tree_gp_10000,3.84,2.0,769.94,0.001,5357.32
MAR_m,A1ZJ41O,20,mlp_opt_0001,6.73,5.0,2860.0,0.0036,10642.4
MAR_m,A1ZJ41O,10,mean,8.75,7.0,387.0,0.0005,3779.01
MAR_m,A1ZJ41O,10,reg_opt_00001,4.5,3.0,651.81,0.0008,4749.29
MAR_m,A1ZJ41O,10,tree_gp_10000,3.91,2.0,771.07,0.001,5143.9
MAR_m,A1ZJ41O,10,mlp_opt_0001,6.62,5.0,2954.72,0.0037,10744.5
MAR_m,A1ZJ41O,25,mean,8.83,7.0,351.94,0.0004,3779.59
MAR_m,A1ZJ41O,25,reg_opt_00001,4.72,3.0,630.42,0.0008,4664.27
MAR_m,A1ZJ41O,25,tree_gp_10000,3.96,2.0,772.2,0.001,5477.15
MAR_m,A1ZJ41O,25,mlp_opt_0001,6.78,5.0,2854.83,0.0036,10594.86
MAR_m,AKXN5ZZ,5,mean,8.55,7.0,389.56,0.0005,3916.67
MAR_m,AKXN5ZZ,5,reg_opt_00001,3.78,3.0,735.35,0.0009,4953.53
MAR_m,AKXN5ZZ,5,tree_gp_10000,3.23,2.0,883.85,0.0011,5297.74
MAR_m,AKXN5ZZ,5,mlp_opt_0001,6.01,5.0,3044.85,0.0037,11194.72
MAR_m,AKXN5ZZ,25,mean,8.9,7.0,393.21,0.0005,3917.51
MAR_m,AKXN5ZZ,25,reg_opt_00001,4.15,3.0,678.46,0.0008,4833.26
MAR_m,AKXN5ZZ,25,tree_gp_10000,3.49,2.0,799.68,0.001,5442.12
MAR_m,AKXN5ZZ,25,mlp_opt_0001,6.26,5.0,2915.61,0.0035,10980.36
MAR_m,AKXN5ZZ,10,mean,8.58,7.0,382.69,0.0005,3916.9
MAR_m,AKXN5ZZ,10,reg_opt_00001,3.87,3.0,677.93,0.0008,4923.09
MAR_m,AKXN5ZZ,10,tree_gp_10000,3.31,2.0,819.92,0.001,5317.21
MAR_m,AKXN5ZZ,10,mlp_opt_0001,6.09,5.0,3045.87,0.0037,11138.76
MAR_m,AKXN5ZZ,15,mean,8.71,7.0,407.81,0.0005,3917.11
MAR_m,AKXN5ZZ,15,reg_opt_00001,3.97,3.0,694.27,0.0008,4892.02
MAR_m,AKXN5ZZ,15,tree_gp_10000,3.42,2.0,769.5,0.0009,5273.41
MAR_m,AKXN5ZZ,15,mlp_opt_0001,6.17,5.0,3005.85,0.0036,11082.82
MAR_m,AKXN5ZZ,20,mean,8.76,7.0,404.08,0.0005,3917.32
MAR_m,AKXN5ZZ,20,reg_opt_00001,4.06,3.0,695.53,0.0008,4862.43
MAR_m,AKXN5ZZ,20,tree_gp_10000,3.4,2.0,814.68,0.001,5331.38
MAR_m,AKXN5ZZ,20,mlp_opt_0001,6.27,5.0,3016.71,0.0036,11029.63
MAR_m,AAXAA7Z,25,mean,11.16,8.0,301.57,0.0005,2955.64
MAR_m,AAXAA7Z,25,reg_opt_00001,6.72,4.0,510.78,0.0008,3647.38
MAR_m,AAXAA7Z,25,tree_gp_10000,5.52,3.0,586.55,0.0009,3892.0
MAR_m,AAXAA7Z,25,mlp_opt_0001,2.89,2.0,2189.59,0.0035,8285.81
MAR_m,AAXAA7Z,15,mean,11.07,8.0,318.21,0.0005,2955.34
MAR_m,AAXAA7Z,15,reg_opt_00001,6.44,4.0,500.64,0.0008,3691.03
MAR_m,AAXAA7Z,15,tree_gp_10000,5.33,3.0,604.57,0.001,3925.98
MAR_m,AAXAA7Z,15,mlp_opt_0001,3.19,2.0,2252.96,0.0036,8362.34
MAR_m,AAXAA7Z,10,mean,11.06,8.0,301.06,0.0005,2955.18
MAR_m,AAXAA7Z,10,reg_opt_00001,6.33,4.0,560.18,0.0009,3714.03
MAR_m,AAXAA7Z,10,tree_gp_10000,5.17,3.0,649.64,0.001,3981.44
MAR_m,AAXAA7Z,10,mlp_opt_0001,2.9,2.0,2298.18,0.0037,8402.86
MAR_m,AAXAA7Z,20,mean,11.08,8.0,311.36,0.0005,2955.5
MAR_m,AAXAA7Z,20,reg_opt_00001,6.57,4.0,520.57,0.0008,3668.8
MAR_m,AAXAA7Z,20,tree_gp_10000,5.47,3.0,592.38,0.0009,3926.01
MAR_m,AAXAA7Z,20,mlp_opt_0001,2.76,2.0,2237.46,0.0036,8321.67
MAR_m,AAXAA7Z,5,mean,11.08,8.0,332.16,0.0005,2955.01
MAR_m,AAXAA7Z,5,reg_opt_00001,6.22,4.0,572.63,0.0009,3738.28
MAR_m,AAXAA7Z,5,tree_gp_10000,5.04,3.0,632.56,0.001,4029.32
MAR_m,AAXAA7Z,5,mlp_opt_0001,2.76,2.0,2361.32,0.0038,8445.23
MAR_m,AA2KP1S,10,mean,8.54,7.0,376.58,0.0005,3812.05
MAR_m,AA2KP1S,10,reg_opt_00001,4.44,3.0,622.29,0.0008,4791.1
MAR_m,AA2KP1S,10,tree_gp_10000,3.73,2.0,811.62,0.001,5519.28
MAR_m,AA2KP1S,10,mlp_opt_0001,6.89,6.0,2938.92,0.0036,10840.18
MAR_m,AA2KP1S,25,mean,8.71,7.0,366.86,0.0005,3812.64
MAR_m,AA2KP1S,25,reg_opt_00001,4.76,3.0,620.57,0.0008,4704.46
MAR_m,AA2KP1S,25,tree_gp_10000,4.1,3.0,779.53,0.001,5259.83
MAR_m,AA2KP1S,25,mlp_opt_0001,7.05,6.0,2823.8,0.0035,10685.96
MAR_m,AA2KP1S,5,mean,8.5,7.0,401.37,0.0005,3811.83
MAR_m,AA2KP1S,5,reg_opt_00001,4.33,3.0,694.79,0.0009,4821.98
MAR_m,AA2KP1S,5,tree_gp_10000,3.62,2.0,800.25,0.001,5149.36
MAR_m,AA2KP1S,5,mlp_opt_0001,6.79,5.0,3003.7,0.0037,10896.77
MAR_m,AA2KP1S,20,mean,8.65,7.0,386.43,0.0005,3812.45
MAR_m,AA2KP1S,20,reg_opt_00001,4.65,3.0,672.75,0.0008,4731.29
MAR_m,AA2KP1S,20,tree_gp_10000,3.89,3.0,734.19,0.0009,5348.8
MAR_m,AA2KP1S,20,mlp_opt_0001,7.05,6.0,2880.24,0.0036,10735.84
MAR_m,AA2KP1S,15,mean,8.59,7.0,384.83,0.0005,3812.25
MAR_m,AA2KP1S,15,reg_opt_00001,4.54,3.0,682.49,0.0008,4761.14
MAR_m,AA2KP1S,15,tree_gp_10000,3.83,3.0,803.47,0.001,5257.87
MAR_m,AA2KP1S,15,mlp_opt_0001,6.96,6.0,2931.25,0.0036,10785.37
MAR_m,APGIB2T,25,mean,7.98,6.0,74.22,0.0005,721.51
MAR_m,APGIB2T,25,reg_opt_00001,5.74,4.0,103.47,0.0007,890.45
MAR_m,APGIB2T,25,tree_gp_10000,5.06,4.0,146.59,0.001,926.48
MAR_m,APGIB2T,25,mlp_opt_0001,7.48,6.0,527.82,0.0035,2022.2
MAR_m,APGIB2T,5,mean,7.9,6.0,83.93,0.0006,721.36
MAR_m,APGIB2T,5,reg_opt_00001,5.35,4.0,127.69,0.0008,912.61
MAR_m,APGIB2T,5,tree_gp_10000,4.72,3.0,139.27,0.0009,949.72
MAR_m,APGIB2T,5,mlp_opt_0001,7.2,6.0,560.87,0.0037,2062.27
MAR_m,APGIB2T,10,mean,7.96,7.0,70.51,0.0005,721.4
MAR_m,APGIB2T,10,reg_opt_00001,5.49,4.0,122.34,0.0008,906.63
MAR_m,APGIB2T,10,tree_gp_10000,4.82,3.0,147.0,0.001,943.47
MAR_m,APGIB2T,10,mlp_opt_0001,7.3,6.0,551.57,0.0036,2051.76
MAR_m,APGIB2T,15,mean,7.97,7.0,76.82,0.0005,721.44
MAR_m,APGIB2T,15,reg_opt_00001,5.55,4.0,121.36,0.0008,901.07
MAR_m,APGIB2T,15,tree_gp_10000,4.9,3.0,145.37,0.001,939.03
MAR_m,APGIB2T,15,mlp_opt_0001,7.34,6.0,550.99,0.0036,2041.64
MAR_m,APGIB2T,20,mean,7.98,6.0,75.73,0.0005,721.48
MAR_m,APGIB2T,20,reg_opt_00001,5.65,4.0,126.34,0.0008,895.65
MAR_m,APGIB2T,20,tree_gp_10000,4.96,4.0,136.76,0.0009,933.02
MAR_m,APGIB2T,20,mlp_opt_0001,7.43,6.0,559.76,0.0037,2031.87
MAR_m,AHYIJDV,20,mean,9.94,7.0,320.63,0.0005,3259.09
MAR_m,AHYIJDV,20,reg_opt_00001,5.04,3.0,562.93,0.0008,4044.5
MAR_m,AHYIJDV,20,tree_gp_10000,4.11,2.0,654.26,0.0009,4573.15
MAR_m,AHYIJDV,20,mlp_opt_0001,2.13,1.0,2426.83,0.0035,9177.6
MAR_m,AHYIJDV,10,mean,9.9,7.0,331.52,0.0005,3258.74
MAR_m,AHYIJDV,10,reg_opt_00001,4.82,3.0,586.44,0.0009,4093.6
MAR_m,AHYIJDV,10,tree_gp_10000,3.99,2.0,694.9,0.001,4662.45
MAR_m,AHYIJDV,10,mlp_opt_0001,1.97,1.0,2503.01,0.0036,9264.51
MAR_m,AHYIJDV,25,mean,10.0,7.0,323.71,0.0005,3259.25
MAR_m,AHYIJDV,25,reg_opt_00001,5.16,3.0,550.41,0.0008,4022.02
MAR_m,AHYIJDV,25,tree_gp_10000,4.24,3.0,666.44,0.001,4488.98
MAR_m,AHYIJDV,25,mlp_opt_0001,2.22,1.0,2416.4,0.0035,9135.75
MAR_m,AHYIJDV,15,mean,9.93,7.0,347.67,0.0005,3258.92
MAR_m,AHYIJDV,15,reg_opt_00001,4.92,3.0,570.14,0.0008,4070.47
MAR_m,AHYIJDV,15,tree_gp_10000,4.13,2.0,683.17,0.001,4551.12
MAR_m,AHYIJDV,15,mlp_opt_0001,2.05,1.0,2476.03,0.0036,9220.67
MAR_m,AHYIJDV,5,mean,9.89,7.0,344.53,0.0005,3258.55
MAR_m,AHYIJDV,5,reg_opt_00001,4.71,3.0,595.3,0.0009,4122.24
MAR_m,AHYIJDV,5,tree_gp_10000,3.88,2.0,734.74,0.0011,4643.09
MAR_m,AHYIJDV,5,mlp_opt_0001,1.9,1.0,2633.94,0.0038,9310.97
MAR_m,ASFODQR,15,mean,17.24,11.0,670.74,0.0005,6746.59
MAR_m,ASFODQR,15,reg_opt_00001,6.89,4.0,1200.32,0.0008,8424.49
MAR_m,ASFODQR,15,tree_gp_10000,5.82,3.0,1448.49,0.001,9658.51
MAR_m,ASFODQR,15,mlp_opt_0001,13.28,9.0,5024.08,0.0035,19090.72
MAR_m,ASFODQR,20,mean,17.19,11.0,660.99,0.0005,6746.94
MAR_m,ASFODQR,20,reg_opt_00001,7.07,4.0,1156.06,0.0008,8374.81
MAR_m,ASFODQR,20,tree_gp_10000,5.97,4.0,1379.2,0.001,9360.18
MAR_m,ASFODQR,20,mlp_opt_0001,13.5,9.0,5060.24,0.0035,18996.4
MAR_m,ASFODQR,5,mean,17.16,11.0,679.71,0.0005,6745.84
MAR_m,ASFODQR,5,reg_opt_00001,6.51,4.0,1226.16,0.0009,8533.66
MAR_m,ASFODQR,5,tree_gp_10000,5.48,3.0,1446.74,0.001,9677.52
MAR_m,ASFODQR,5,mlp_opt_0001,12.39,8.0,5302.69,0.0037,19280.95
MAR_m,ASFODQR,10,mean,17.22,11.0,705.55,0.0005,6746.22
MAR_m,ASFODQR,10,reg_opt_00001,6.7,4.0,1238.43,0.0009,8477.64
MAR_m,ASFODQR,10,tree_gp_10000,5.48,3.0,1498.09,0.0011,9788.68
MAR_m,ASFODQR,10,mlp_opt_0001,13.06,8.0,5218.63,0.0037,19185.14
MAR_m,ASFODQR,25,mean,17.17,11.0,681.44,0.0005,6747.27
MAR_m,ASFODQR,25,reg_opt_00001,7.26,4.0,1171.53,0.0008,8324.74
MAR_m,ASFODQR,25,tree_gp_10000,5.98,4.0,1375.42,0.001,9304.31
MAR_m,ASFODQR,25,mlp_opt_0001,13.72,9.0,5066.57,0.0036,18915.03
MAR_m,AUY8KYW,10,mean,11.03,9.0,451.66,0.0005,4394.75
MAR_m,AUY8KYW,10,reg_opt_00001,6.1,4.0,803.5,0.0009,5522.4
MAR_m,AUY8KYW,10,tree_gp_10000,5.1,3.0,943.85,0.001,6439.37
MAR_m,AUY8KYW,10,mlp_opt_0001,9.35,8.0,3363.63,0.0036,12499.38
MAR_m,AUY8KYW,15,mean,11.05,9.0,422.02,0.0005,4394.99
MAR_m,AUY8KYW,15,reg_opt_00001,6.25,4.0,794.13,0.0009,5487.5
MAR_m,AUY8KYW,15,tree_gp_10000,5.22,3.0,919.69,0.001,6071.27
MAR_m,AUY8KYW,15,mlp_opt_0001,9.53,8.0,3326.99,0.0036,12436.27
MAR_m,AUY8KYW,25,mean,11.11,8.0,428.24,0.0005,4395.43
MAR_m,AUY8KYW,25,reg_opt_00001,6.52,5.0,744.2,0.0008,5423.29
MAR_m,AUY8KYW,25,tree_gp_10000,5.58,4.0,879.09,0.0009,5966.03
MAR_m,AUY8KYW,25,mlp_opt_0001,9.85,8.0,3253.9,0.0035,12321.06
MAR_m,AUY8KYW,5,mean,11.04,9.0,455.99,0.0005,4394.5
MAR_m,AUY8KYW,5,reg_opt_00001,5.96,4.0,740.77,0.0008,5558.78
MAR_m,AUY8KYW,5,tree_gp_10000,4.97,3.0,984.55,0.0011,6139.39
MAR_m,AUY8KYW,5,mlp_opt_0001,9.21,7.0,3508.58,0.0038,12563.9
MAR_m,AUY8KYW,20,mean,11.08,8.0,429.34,0.0005,4395.22
MAR_m,AUY8KYW,20,reg_opt_00001,6.39,4.0,766.79,0.0008,5453.85
MAR_m,AUY8KYW,20,tree_gp_10000,5.48,4.0,908.96,0.001,6168.14
MAR_m,AUY8KYW,20,mlp_opt_0001,9.7,8.0,3373.28,0.0036,12376.75
MAR_m,A3OU183,25,mean,7.44,5.0,36.52,0.0005,355.4
MAR_m,A3OU183,25,reg_opt_00001,5.92,4.0,61.09,0.0008,438.42
MAR_m,A3OU183,25,tree_gp_10000,5.18,4.0,70.6,0.0009,452.04
MAR_m,A3OU183,25,mlp_opt_0001,3.4,2.0,258.64,0.0034,996.32
MAR_m,A3OU183,5,mean,7.37,5.0,29.54,0.0004,355.33
MAR_m,A3OU183,5,reg_opt_00001,5.6,4.0,59.55,0.0008,449.34
MAR_m,A3OU183,5,tree_gp_10000,4.98,3.0,77.39,0.001,464.53
MAR_m,A3OU183,5,mlp_opt_0001,3.13,2.0,275.24,0.0037,1015.92
MAR_m,A3OU183,10,mean,7.33,5.0,29.25,0.0004,355.35
MAR_m,A3OU183,10,reg_opt_00001,5.67,4.0,62.87,0.0008,446.62
MAR_m,A3OU183,10,tree_gp_10000,4.97,3.0,66.17,0.0009,461.56
MAR_m,A3OU183,10,mlp_opt_0001,3.2,2.0,271.76,0.0036,1010.61
MAR_m,A3OU183,20,mean,7.4,5.0,39.1,0.0005,355.39
MAR_m,A3OU183,20,reg_opt_00001,5.86,4.0,50.25,0.0007,441.05
MAR_m,A3OU183,20,tree_gp_10000,5.15,4.0,68.0,0.0009,454.78
MAR_m,A3OU183,20,mlp_opt_0001,3.35,2.0,269.19,0.0036,1000.78
MAR_m,A3OU183,15,mean,7.4,5.0,29.31,0.0004,355.37
MAR_m,A3OU183,15,reg_opt_00001,5.78,4.0,60.19,0.0008,443.83
MAR_m,A3OU183,15,tree_gp_10000,5.1,3.0,72.06,0.001,458.62
MAR_m,A3OU183,15,mlp_opt_0001,3.3,2.0,282.81,0.0038,1005.56
MAR_m,AOYM4KG,5,mean,13.24,9.0,72.41,0.0005,693.62
MAR_m,AOYM4KG,5,reg_opt_00001,8.42,4.0,115.34,0.0008,877.51
MAR_m,AOYM4KG,5,tree_gp_10000,7.31,3.0,158.07,0.0011,909.91
MAR_m,AOYM4KG,5,mlp_opt_0001,3.77,1.0,534.19,0.0036,1982.72
MAR_m,AOYM4KG,10,mean,13.34,9.0,74.02,0.0005,693.66
MAR_m,AOYM4KG,10,reg_opt_00001,8.67,5.0,126.83,0.0009,871.23
MAR_m,AOYM4KG,10,tree_gp_10000,7.63,3.0,145.32,0.001,905.78
MAR_m,AOYM4KG,10,mlp_opt_0001,4.01,2.0,532.99,0.0036,1972.96
MAR_m,AOYM4KG,20,mean,13.32,9.0,61.85,0.0004,693.73
MAR_m,AOYM4KG,20,reg_opt_00001,9.0,5.0,115.96,0.0008,861.19
MAR_m,AOYM4KG,20,tree_gp_10000,7.91,4.0,136.44,0.0009,896.12
MAR_m,AOYM4KG,20,mlp_opt_0001,4.33,2.0,523.84,0.0036,1953.63
MAR_m,AOYM4KG,15,mean,13.29,9.0,68.7,0.0005,693.7
MAR_m,AOYM4KG,15,reg_opt_00001,8.82,5.0,126.57,0.0009,866.34
MAR_m,AOYM4KG,15,tree_gp_10000,7.71,4.0,142.03,0.001,901.85
MAR_m,AOYM4KG,15,mlp_opt_0001,4.14,2.0,531.77,0.0036,1963.1
MAR_m,AOYM4KG,25,mean,13.23,9.0,61.88,0.0004,693.77
MAR_m,AOYM4KG,25,reg_opt_00001,9.16,5.0,109.79,0.0007,856.17
MAR_m,AOYM4KG,25,tree_gp_10000,7.98,4.0,142.53,0.001,892.5
MAR_m,AOYM4KG,25,mlp_opt_0001,4.49,2.0,518.3,0.0035,1944.96
MAR_m,AV2GF3B,20,mean,10.21,7.0,31.04,0.0004,366.97
MAR_m,AV2GF3B,20,reg_opt_00001,6.89,5.0,53.89,0.0007,455.36
MAR_m,AV2GF3B,20,tree_gp_10000,6.28,4.0,75.18,0.001,468.99
MAR_m,AV2GF3B,20,mlp_opt_0001,9.34,6.0,261.48,0.0034,1033.04
MAR_m,AV2GF3B,25,mean,10.28,7.0,33.47,0.0004,366.99
MAR_m,AV2GF3B,25,reg_opt_00001,7.03,5.0,50.81,0.0007,452.84
MAR_m,AV2GF3B,25,tree_gp_10000,6.28,4.0,60.48,0.0008,466.35
MAR_m,AV2GF3B,25,mlp_opt_0001,9.45,7.0,265.97,0.0034,1028.57
MAR_m,AV2GF3B,15,mean,10.1,7.0,40.57,0.0005,366.95
MAR_m,AV2GF3B,15,reg_opt_00001,6.73,5.0,67.76,0.0009,458.1
MAR_m,AV2GF3B,15,tree_gp_10000,6.11,4.0,77.72,0.001,472.17
MAR_m,AV2GF3B,15,mlp_opt_0001,9.16,6.0,278.78,0.0036,1038.31
MAR_m,AV2GF3B,5,mean,9.82,7.0,28.79,0.0004,366.91
MAR_m,AV2GF3B,5,reg_opt_00001,6.41,5.0,71.07,0.0009,464.11
MAR_m,AV2GF3B,5,tree_gp_10000,5.84,4.0,78.71,0.001,479.19
MAR_m,AV2GF3B,5,mlp_opt_0001,8.82,6.0,290.63,0.0037,1049.03
MAR_m,AV2GF3B,10,mean,9.98,7.0,38.28,0.0005,366.93
MAR_m,AV2GF3B,10,reg_opt_00001,6.53,5.0,64.62,0.0008,460.92
MAR_m,AV2GF3B,10,tree_gp_10000,5.89,4.0,80.59,0.001,476.05
MAR_m,AV2GF3B,10,mlp_opt_0001,8.97,6.0,289.45,0.0037,1043.25
MAR_m,A0NVTRV,15,mean,8.75,7.0,156.85,0.0004,1760.44
MAR_m,A0NVTRV,15,reg_opt_00001,3.74,2.0,309.7,0.0008,2197.73
MAR_m,A0NVTRV,15,tree_gp_10000,3.13,2.0,383.1,0.001,2333.8
MAR_m,A0NVTRV,15,mlp_opt_0001,5.83,4.0,1329.9,0.0036,4981.63
MAR_m,A0NVTRV,5,mean,8.67,6.0,166.43,0.0004,1760.25
MAR_m,A0NVTRV,5,reg_opt_00001,3.62,2.0,304.24,0.0008,2226.8
MAR_m,A0NVTRV,5,tree_gp_10000,3.03,2.0,399.81,0.0011,2363.14
MAR_m,A0NVTRV,5,mlp_opt_0001,5.79,4.0,1370.77,0.0037,5032.39
MAR_m,A0NVTRV,20,mean,8.75,7.0,179.0,0.0005,1760.54
MAR_m,A0NVTRV,20,reg_opt_00001,3.8,2.0,274.64,0.0007,2185.35
MAR_m,A0NVTRV,20,tree_gp_10000,3.21,2.0,354.6,0.001,2351.64
MAR_m,A0NVTRV,20,mlp_opt_0001,6.0,4.0,1318.14,0.0035,4958.25
MAR_m,A0NVTRV,10,mean,8.68,6.0,194.07,0.0005,1760.35
MAR_m,A0NVTRV,10,reg_opt_00001,3.67,2.0,299.82,0.0008,2212.09
MAR_m,A0NVTRV,10,tree_gp_10000,3.09,2.0,377.68,0.001,2343.04
MAR_m,A0NVTRV,10,mlp_opt_0001,5.85,4.0,1358.28,0.0037,5006.0
MAR_m,A0NVTRV,25,mean,8.73,7.0,180.0,0.0005,1760.62
MAR_m,A0NVTRV,25,reg_opt_00001,3.85,2.0,282.62,0.0008,2172.7
MAR_m,A0NVTRV,25,tree_gp_10000,3.23,2.0,366.23,0.001,2326.31
MAR_m,A0NVTRV,25,mlp_opt_0001,6.05,4.0,1311.21,0.0035,4935.94
MAR_m,A1K5DRI,10,mean,9.9,8.0,418.49,0.0005,4198.84
MAR_m,A1K5DRI,10,reg_opt_00001,4.63,3.0,773.01,0.0009,5276.14
MAR_m,A1K5DRI,10,tree_gp_10000,4.01,3.0,914.95,0.001,5774.67
MAR_m,A1K5DRI,10,mlp_opt_0001,7.73,6.0,3196.46,0.0036,11942.26
MAR_m,A1K5DRI,5,mean,9.87,8.0,447.7,0.0005,4198.6
MAR_m,A1K5DRI,5,reg_opt_00001,4.51,3.0,678.54,0.0008,5311.18
MAR_m,A1K5DRI,5,tree_gp_10000,3.81,3.0,909.76,0.001,5922.81
MAR_m,A1K5DRI,5,mlp_opt_0001,7.6,6.0,3255.11,0.0037,12003.58
MAR_m,A1K5DRI,20,mean,9.99,8.0,420.48,0.0005,4199.29
MAR_m,A1K5DRI,20,reg_opt_00001,4.85,3.0,711.7,0.0008,5213.1
MAR_m,A1K5DRI,20,tree_gp_10000,4.06,3.0,872.23,0.001,5645.1
MAR_m,A1K5DRI,20,mlp_opt_0001,7.95,6.0,3117.01,0.0035,11824.77
MAR_m,A1K5DRI,15,mean,9.94,8.0,471.78,0.0005,4199.07
MAR_m,A1K5DRI,15,reg_opt_00001,4.74,3.0,768.78,0.0009,5243.11
MAR_m,A1K5DRI,15,tree_gp_10000,3.98,3.0,897.58,0.001,5854.51
MAR_m,A1K5DRI,15,mlp_opt_0001,7.85,6.0,3206.41,0.0036,11881.63
MAR_m,A1K5DRI,25,mean,10.04,8.0,405.71,0.0005,4199.5
MAR_m,A1K5DRI,25,reg_opt_00001,4.96,3.0,739.21,0.0008,5182.32
MAR_m,A1K5DRI,25,tree_gp_10000,4.17,3.0,828.34,0.0009,5691.05
MAR_m,A1K5DRI,25,mlp_opt_0001,8.07,6.0,3158.38,0.0036,11772.14
MAR_m,AYEFCWQ,5,mean,10.25,9.0,531.52,0.0005,5415.9
MAR_m,AYEFCWQ,5,reg_opt_00001,4.82,3.0,955.44,0.0008,6851.59
MAR_m,AYEFCWQ,5,tree_gp_10000,4.05,3.0,1147.21,0.001,7972.61
MAR_m,AYEFCWQ,5,mlp_opt_0001,1.85,1.0,4193.54,0.0037,15483.09
MAR_m,AYEFCWQ,15,mean,10.32,9.0,546.24,0.0005,5416.5
MAR_m,AYEFCWQ,15,reg_opt_00001,5.03,3.0,976.19,0.0009,6765.13
MAR_m,AYEFCWQ,15,tree_gp_10000,4.24,3.0,1129.51,0.001,8129.46
MAR_m,AYEFCWQ,15,mlp_opt_0001,1.97,1.0,4110.98,0.0036,15326.17
MAR_m,AYEFCWQ,10,mean,10.29,9.0,485.8,0.0004,5416.21
MAR_m,AYEFCWQ,10,reg_opt_00001,4.94,3.0,986.13,0.0009,6806.15
MAR_m,AYEFCWQ,10,tree_gp_10000,4.18,3.0,1196.8,0.001,7938.39
MAR_m,AYEFCWQ,10,mlp_opt_0001,7.2,5.0,4188.73,0.0037,15399.62
MAR_m,AYEFCWQ,20,mean,10.33,9.0,508.84,0.0004,5416.78
MAR_m,AYEFCWQ,20,reg_opt_00001,5.12,4.0,904.76,0.0008,6723.9
MAR_m,AYEFCWQ,20,tree_gp_10000,4.39,3.0,1130.46,0.001,7742.56
MAR_m,AYEFCWQ,20,mlp_opt_0001,2.07,1.0,4118.67,0.0036,15254.12
MAR_m,AYEFCWQ,25,mean,10.35,9.0,570.01,0.0005,5417.05
MAR_m,AYEFCWQ,25,reg_opt_00001,5.21,4.0,934.63,0.0008,6684.83
MAR_m,AYEFCWQ,25,tree_gp_10000,4.44,3.0,1098.68,0.001,7819.6
MAR_m,AYEFCWQ,25,mlp_opt_0001,7.4,5.0,4078.14,0.0036,15184.28
MAR_m,AMV7EQF,15,mean,12.44,11.0,429.5,0.0005,4108.12
MAR_m,AMV7EQF,15,reg_opt_00001,6.03,4.0,739.65,0.0009,5131.2
MAR_m,AMV7EQF,15,tree_gp_10000,5.11,4.0,891.85,0.001,5677.3
MAR_m,AMV7EQF,15,mlp_opt_0001,8.2,6.0,3122.59,0.0036,11623.26
MAR_m,AMV7EQF,10,mean,12.3,11.0,425.4,0.0005,4107.9
MAR_m,AMV7EQF,10,reg_opt_00001,5.93,4.0,742.35,0.0009,5161.09
MAR_m,AMV7EQF,10,tree_gp_10000,5.02,3.0,875.77,0.001,5728.17
MAR_m,AMV7EQF,10,mlp_opt_0001,8.13,6.0,3181.25,0.0037,11680.71
MAR_m,AMV7EQF,25,mean,12.71,11.0,431.29,0.0005,4108.54
MAR_m,AMV7EQF,25,reg_opt_00001,6.21,4.0,675.41,0.0008,5070.28
MAR_m,AMV7EQF,25,tree_gp_10000,5.29,4.0,795.08,0.0009,5614.08
MAR_m,AMV7EQF,25,mlp_opt_0001,8.35,6.0,3066.91,0.0035,11516.64
MAR_m,AMV7EQF,20,mean,12.54,11.0,404.94,0.0005,4108.34
MAR_m,AMV7EQF,20,reg_opt_00001,6.12,4.0,739.9,0.0009,5099.79
MAR_m,AMV7EQF,20,tree_gp_10000,5.22,4.0,878.08,0.001,5648.93
MAR_m,AMV7EQF,20,mlp_opt_0001,8.26,6.0,3113.87,0.0036,11567.67
MAR_m,AMV7EQF,5,mean,12.08,10.0,405.38,0.0005,4107.66
MAR_m,AMV7EQF,5,reg_opt_00001,5.81,4.0,756.29,0.0009,5196.53
MAR_m,AMV7EQF,5,tree_gp_10000,4.9,3.0,933.01,0.0011,5804.82
MAR_m,AMV7EQF,5,mlp_opt_0001,7.95,6.0,3281.76,0.0038,11742.94
MAR_m,AZIK4ZA,15,mean,17.47,12.0,364.95,0.0005,3495.96
MAR_m,AZIK4ZA,15,reg_opt_00001,6.09,4.0,629.04,0.0009,4366.26
MAR_m,AZIK4ZA,15,tree_gp_10000,4.79,3.0,716.05,0.001,4716.6
MAR_m,AZIK4ZA,15,mlp_opt_0001,12.47,10.0,2623.95,0.0036,9892.33
MAR_m,AZIK4ZA,5,mean,17.73,12.0,366.06,0.0005,3495.57
MAR_m,AZIK4ZA,5,reg_opt_00001,5.73,4.0,604.99,0.0008,4421.0
MAR_m,AZIK4ZA,5,tree_gp_10000,4.56,3.0,721.93,0.001,4762.15
MAR_m,AZIK4ZA,5,mlp_opt_0001,11.84,9.0,2737.73,0.0037,9992.65
MAR_m,AZIK4ZA,20,mean,17.45,11.0,373.09,0.0005,3496.14
MAR_m,AZIK4ZA,20,reg_opt_00001,6.26,4.0,625.55,0.0008,4340.01
MAR_m,AZIK4ZA,20,tree_gp_10000,4.96,3.0,730.29,0.001,4786.34
MAR_m,AZIK4ZA,20,mlp_opt_0001,12.77,10.0,2634.79,0.0036,9844.28
MAR_m,AZIK4ZA,10,mean,17.56,12.0,342.65,0.0005,3495.77
MAR_m,AZIK4ZA,10,reg_opt_00001,5.89,4.0,648.69,0.0009,4393.5
MAR_m,AZIK4ZA,10,tree_gp_10000,4.63,3.0,765.91,0.001,4728.99
MAR_m,AZIK4ZA,10,mlp_opt_0001,12.15,10.0,2711.42,0.0037,9939.77
MAR_m,AZIK4ZA,25,mean,17.39,11.0,348.87,0.0005,3496.31
MAR_m,AZIK4ZA,25,reg_opt_00001,6.43,4.0,589.39,0.0008,4313.59
MAR_m,AZIK4ZA,25,tree_gp_10000,5.05,3.0,687.34,0.0009,4672.36
MAR_m,AZIK4ZA,25,mlp_opt_0001,13.06,11.0,2643.78,0.0036,9801.03
MAR_m,AJWW3IY,20,mean,10.61,8.0,346.03,0.0005,3306.33
MAR_m,AJWW3IY,20,reg_opt_00001,4.57,3.0,590.39,0.0008,4103.87
MAR_m,AJWW3IY,20,tree_gp_10000,3.92,2.0,653.28,0.0009,4409.85
MAR_m,AJWW3IY,20,mlp_opt_0001,7.2,6.0,2469.2,0.0035,9309.45
MAR_m,AJWW3IY,10,mean,10.41,8.0,330.94,0.0005,3305.98
MAR_m,AJWW3IY,10,reg_opt_00001,4.36,3.0,578.4,0.0008,4154.44
MAR_m,AJWW3IY,10,tree_gp_10000,3.63,2.0,701.76,0.001,4525.89
MAR_m,AJWW3IY,10,mlp_opt_0001,6.99,6.0,2558.21,0.0037,9398.27
MAR_m,AJWW3IY,15,mean,10.52,8.0,330.25,0.0005,3306.16
MAR_m,AJWW3IY,15,reg_opt_00001,4.47,3.0,593.17,0.0008,4129.01
MAR_m,AJWW3IY,15,tree_gp_10000,3.77,2.0,688.67,0.001,4514.97
MAR_m,AJWW3IY,15,mlp_opt_0001,7.11,6.0,2524.73,0.0036,9353.5
MAR_m,AJWW3IY,25,mean,10.68,8.0,350.54,0.0005,3306.49
MAR_m,AJWW3IY,25,reg_opt_00001,4.67,3.0,575.22,0.0008,4079.1
MAR_m,AJWW3IY,25,tree_gp_10000,3.93,3.0,674.63,0.001,4456.91
MAR_m,AJWW3IY,25,mlp_opt_0001,7.3,6.0,2481.45,0.0036,9268.87
MAR_m,AJWW3IY,5,mean,10.27,8.0,326.3,0.0005,3305.79
MAR_m,AJWW3IY,5,reg_opt_00001,4.23,3.0,583.2,0.0008,4180.7
MAR_m,AJWW3IY,5,tree_gp_10000,3.62,2.0,724.99,0.001,4648.84
MAR_m,AJWW3IY,5,mlp_opt_0001,6.86,5.0,2662.76,0.0038,9447.16
MAR_m,AX6281V,25,mean,11.81,8.0,313.85,0.0005,3214.12
MAR_m,AX6281V,25,reg_opt_00001,5.01,3.0,565.4,0.0008,3966.44
MAR_m,AX6281V,25,tree_gp_10000,4.1,3.0,647.59,0.001,4400.42
MAR_m,AX6281V,25,mlp_opt_0001,2.22,2.0,2364.46,0.0035,9008.5
MAR_m,AX6281V,20,mean,11.89,8.0,368.25,0.0005,3213.96
MAR_m,AX6281V,20,reg_opt_00001,4.9,3.0,568.91,0.0008,3989.72
MAR_m,AX6281V,20,tree_gp_10000,4.07,3.0,698.58,0.001,4328.77
MAR_m,AX6281V,20,mlp_opt_0001,2.15,2.0,2401.41,0.0035,9050.93
MAR_m,AX6281V,5,mean,12.08,8.0,339.51,0.0005,3213.43
MAR_m,AX6281V,5,reg_opt_00001,4.58,3.0,603.6,0.0009,4065.22
MAR_m,AX6281V,5,tree_gp_10000,3.8,2.0,664.9,0.001,4485.4
MAR_m,AX6281V,5,mlp_opt_0001,1.93,1.0,2513.83,0.0037,9184.97
MAR_m,AX6281V,10,mean,12.02,8.0,309.51,0.0005,3213.62
MAR_m,AX6281V,10,reg_opt_00001,4.67,3.0,615.4,0.0009,4039.03
MAR_m,AX6281V,10,tree_gp_10000,3.91,2.0,714.68,0.0011,4553.18
MAR_m,AX6281V,10,mlp_opt_0001,2.0,1.0,2502.68,0.0037,9138.0
MAR_m,AX6281V,15,mean,11.97,8.0,310.18,0.0005,3213.79
MAR_m,AX6281V,15,reg_opt_00001,4.78,3.0,572.63,0.0008,4013.95
MAR_m,AX6281V,15,tree_gp_10000,4.05,3.0,700.99,0.001,4347.4
MAR_m,AX6281V,15,mlp_opt_0001,2.07,1.0,2476.4,0.0036,9094.26
MAR_m,AYWIEKR,25,mean,10.93,8.0,438.69,0.0005,4101.38
MAR_m,AYWIEKR,25,reg_opt_00001,5.28,4.0,702.2,0.0008,5061.45
MAR_m,AYWIEKR,25,tree_gp_10000,4.35,3.0,862.92,0.001,5856.67
MAR_m,AYWIEKR,25,mlp_opt_0001,7.88,6.0,3019.79,0.0035,11497.66
MAR_m,AYWIEKR,5,mean,10.46,7.0,449.85,0.0005,4100.51
MAR_m,AYWIEKR,5,reg_opt_00001,4.74,3.0,785.14,0.0009,5186.49
MAR_m,AYWIEKR,5,tree_gp_10000,3.98,3.0,870.57,0.001,5741.98
MAR_m,AYWIEKR,5,mlp_opt_0001,7.75,6.0,3225.86,0.0037,11724.13
MAR_m,AYWIEKR,15,mean,10.71,7.0,434.11,0.0005,4100.97
MAR_m,AYWIEKR,15,reg_opt_00001,5.01,3.0,742.57,0.0009,5120.92
MAR_m,AYWIEKR,15,tree_gp_10000,4.18,3.0,843.76,0.001,5678.58
MAR_m,AYWIEKR,15,mlp_opt_0001,7.59,6.0,3169.31,0.0037,11604.43
MAR_m,AYWIEKR,20,mean,10.81,7.0,422.24,0.0005,4101.18
MAR_m,AYWIEKR,20,reg_opt_00001,5.15,3.0,647.72,0.0007,5091.1
MAR_m,AYWIEKR,20,tree_gp_10000,4.23,3.0,857.42,0.001,5755.18
MAR_m,AYWIEKR,20,mlp_opt_0001,8.15,6.0,3121.0,0.0036,11549.93
MAR_m,AYWIEKR,10,mean,10.6,7.0,395.71,0.0005,4100.74
MAR_m,AYWIEKR,10,reg_opt_00001,4.86,3.0,766.32,0.0009,5153.76
MAR_m,AYWIEKR,10,tree_gp_10000,3.96,3.0,893.23,0.001,5777.39
MAR_m,AYWIEKR,10,mlp_opt_0001,7.88,6.0,3219.24,0.0037,11657.9
MAR_m,ATHKM6V,15,mean,7.24,5.0,223.29,0.0005,2174.32
MAR_m,ATHKM6V,15,reg_opt_00001,3.95,3.0,397.0,0.0009,2715.71
MAR_m,ATHKM6V,15,tree_gp_10000,3.26,2.0,461.48,0.001,2865.81
MAR_m,ATHKM6V,15,mlp_opt_0001,1.86,1.0,1655.74,0.0036,6152.99
MAR_m,ATHKM6V,25,mean,7.27,5.0,212.91,0.0005,2174.54
MAR_m,ATHKM6V,25,reg_opt_00001,4.11,3.0,332.56,0.0007,2683.54
MAR_m,ATHKM6V,25,tree_gp_10000,3.43,2.0,432.92,0.0009,2857.35
MAR_m,ATHKM6V,25,mlp_opt_0001,2.01,1.0,1622.22,0.0035,6095.98
MAR_m,ATHKM6V,10,mean,7.21,5.0,220.88,0.0005,2174.21
MAR_m,ATHKM6V,10,reg_opt_00001,3.91,2.0,384.87,0.0008,2732.62
MAR_m,ATHKM6V,10,tree_gp_10000,3.23,2.0,463.04,0.001,2878.87
MAR_m,ATHKM6V,10,mlp_opt_0001,1.81,1.0,1695.26,0.0037,6183.38
MAR_m,ATHKM6V,20,mean,7.24,5.0,235.82,0.0005,2174.44
MAR_m,ATHKM6V,20,reg_opt_00001,4.02,3.0,371.26,0.0008,2699.06
MAR_m,ATHKM6V,20,tree_gp_10000,3.33,2.0,456.23,0.001,2868.86
MAR_m,ATHKM6V,20,mlp_opt_0001,1.93,1.0,1659.34,0.0036,6121.2
MAR_m,ATHKM6V,5,mean,7.17,5.0,226.37,0.0005,2174.08
MAR_m,ATHKM6V,5,reg_opt_00001,3.82,2.0,378.13,0.0008,2750.2
MAR_m,ATHKM6V,5,tree_gp_10000,3.2,2.0,484.31,0.0011,2897.17
MAR_m,ATHKM6V,5,mlp_opt_0001,1.75,1.0,1738.07,0.0038,6214.4
MAR_m,AFPB8J2,5,mean,9.55,7.0,351.07,0.0005,3600.35
MAR_m,AFPB8J2,5,reg_opt_00001,4.76,3.0,661.09,0.0009,4554.43
MAR_m,AFPB8J2,5,tree_gp_10000,3.91,3.0,808.27,0.0011,4885.62
MAR_m,AFPB8J2,5,mlp_opt_0001,6.9,5.0,2806.69,0.0037,10293.1
MAR_m,AFPB8J2,10,mean,9.49,7.0,365.27,0.0005,3600.56
MAR_m,AFPB8J2,10,reg_opt_00001,4.82,3.0,599.25,0.0008,4525.14
MAR_m,AFPB8J2,10,tree_gp_10000,4.04,3.0,719.5,0.0009,4953.74
MAR_m,AFPB8J2,10,mlp_opt_0001,6.94,5.0,2785.0,0.0037,10238.69
MAR_m,AFPB8J2,20,mean,9.57,7.0,358.62,0.0005,3600.94
MAR_m,AFPB8J2,20,reg_opt_00001,5.0,4.0,628.94,0.0008,4469.87
MAR_m,AFPB8J2,20,tree_gp_10000,4.16,3.0,746.08,0.001,4880.95
MAR_m,AFPB8J2,20,mlp_opt_0001,7.06,5.0,2720.51,0.0036,10139.38
MAR_m,AFPB8J2,15,mean,9.51,7.0,352.78,0.0005,3600.75
MAR_m,AFPB8J2,15,reg_opt_00001,4.92,3.0,664.82,0.0009,4497.23
MAR_m,AFPB8J2,15,tree_gp_10000,4.07,3.0,738.16,0.001,4944.2
MAR_m,AFPB8J2,15,mlp_opt_0001,7.01,5.0,2767.74,0.0036,10187.94
MAR_m,AFPB8J2,25,mean,9.62,7.0,381.62,0.0005,3601.12
MAR_m,AFPB8J2,25,reg_opt_00001,5.07,4.0,610.09,0.0008,4444.36
MAR_m,AFPB8J2,25,tree_gp_10000,4.26,3.0,733.97,0.001,4880.74
MAR_m,AFPB8J2,25,mlp_opt_0001,7.1,5.0,2722.37,0.0036,10094.3
MAR_m,A0VFT1N,25,mean,12.7,9.0,436.02,0.0005,4136.59
MAR_m,A0VFT1N,25,reg_opt_00001,5.18,4.0,733.96,0.0008,5103.67
MAR_m,A0VFT1N,25,tree_gp_10000,4.21,3.0,830.05,0.0009,5524.32
MAR_m,A0VFT1N,25,mlp_opt_0001,9.65,7.0,3018.14,0.0035,11595.09
MAR_m,A0VFT1N,15,mean,12.55,9.0,441.24,0.0005,4136.17
MAR_m,A0VFT1N,15,reg_opt_00001,4.94,3.0,655.07,0.0007,5166.11
MAR_m,A0VFT1N,15,tree_gp_10000,4.1,3.0,861.5,0.001,5578.43
MAR_m,A0VFT1N,15,mlp_opt_0001,9.35,7.0,3141.91,0.0036,11703.01
MAR_m,A0VFT1N,20,mean,12.56,9.0,458.75,0.0005,4136.38
MAR_m,A0VFT1N,20,reg_opt_00001,5.06,3.0,721.67,0.0008,5134.36
MAR_m,A0VFT1N,20,tree_gp_10000,4.12,3.0,883.92,0.001,5543.51
MAR_m,A0VFT1N,20,mlp_opt_0001,9.5,7.0,3125.39,0.0036,11647.53
MAR_m,A0VFT1N,10,mean,12.43,9.0,412.42,0.0005,4135.94
MAR_m,A0VFT1N,10,reg_opt_00001,4.8,3.0,768.82,0.0009,5197.78
MAR_m,A0VFT1N,10,tree_gp_10000,3.95,3.0,929.9,0.0011,5817.82
MAR_m,A0VFT1N,10,mlp_opt_0001,9.17,7.0,3249.25,0.0037,11762.01
MAR_m,A0VFT1N,5,mean,12.4,9.0,418.2,0.0005,4135.71
MAR_m,A0VFT1N,5,reg_opt_00001,4.68,3.0,706.79,0.0008,5232.14
MAR_m,A0VFT1N,5,tree_gp_10000,3.89,2.0,882.46,0.001,5730.33
MAR_m,A0VFT1N,5,mlp_opt_0001,9.03,7.0,3307.88,0.0038,11821.63
MAR_m,AURCTAK,5,mean,9.36,7.0,55.34,0.0005,564.51
MAR_m,AURCTAK,5,reg_opt_00001,7.3,5.0,101.73,0.0009,714.07
MAR_m,AURCTAK,5,tree_gp_10000,6.38,4.0,117.13,0.001,739.45
MAR_m,AURCTAK,5,mlp_opt_0001,3.75,2.0,424.57,0.0036,1613.61
MAR_m,AURCTAK,15,mean,9.47,7.0,60.34,0.0005,564.57
MAR_m,AURCTAK,15,reg_opt_00001,7.54,5.0,99.75,0.0008,705.04
MAR_m,AURCTAK,15,tree_gp_10000,6.67,4.0,116.12,0.001,729.88
MAR_m,AURCTAK,15,mlp_opt_0001,4.05,3.0,427.5,0.0036,1597.34
MAR_m,AURCTAK,10,mean,9.35,7.0,62.05,0.0005,564.54
MAR_m,AURCTAK,10,reg_opt_00001,7.4,5.0,85.23,0.0007,709.49
MAR_m,AURCTAK,10,tree_gp_10000,6.47,4.0,123.54,0.001,734.22
MAR_m,AURCTAK,10,mlp_opt_0001,3.92,2.0,440.9,0.0037,1605.72
MAR_m,AURCTAK,20,mean,9.43,7.0,52.93,0.0004,564.6
MAR_m,AURCTAK,20,reg_opt_00001,7.66,6.0,93.04,0.0008,700.58
MAR_m,AURCTAK,20,tree_gp_10000,6.76,5.0,120.06,0.001,725.1
MAR_m,AURCTAK,20,mlp_opt_0001,4.17,3.0,436.56,0.0037,1589.74
MAR_m,AURCTAK,25,mean,9.5,7.0,59.16,0.0005,564.63
MAR_m,AURCTAK,25,reg_opt_00001,7.8,6.0,96.03,0.0008,696.82
MAR_m,AURCTAK,25,tree_gp_10000,6.93,5.0,113.81,0.001,720.48
MAR_m,AURCTAK,25,mlp_opt_0001,4.31,3.0,437.67,0.0037,1583.0
MAR_m,A36HR6Y,25,mean,9.22,7.0,200.42,0.0005,1968.65
MAR_m,A36HR6Y,25,reg_opt_00001,4.88,4.0,335.77,0.0008,2429.43
MAR_m,A36HR6Y,25,tree_gp_10000,4.13,3.0,402.86,0.001,2617.36
MAR_m,A36HR6Y,25,mlp_opt_0001,7.17,6.0,1460.87,0.0035,5518.02
MAR_m,A36HR6Y,20,mean,9.17,7.0,217.58,0.0005,1968.56
MAR_m,A36HR6Y,20,reg_opt_00001,4.81,4.0,334.56,0.0008,2443.64
MAR_m,A36HR6Y,20,tree_gp_10000,4.17,3.0,401.17,0.001,2574.65
MAR_m,A36HR6Y,20,mlp_opt_0001,7.09,6.0,1485.88,0.0036,5543.25
MAR_m,A36HR6Y,10,mean,9.06,7.0,211.07,0.0005,1968.35
MAR_m,A36HR6Y,10,reg_opt_00001,4.66,3.0,366.71,0.0009,2474.07
MAR_m,A36HR6Y,10,tree_gp_10000,3.96,3.0,459.33,0.0011,2677.9
MAR_m,A36HR6Y,10,mlp_opt_0001,6.91,5.0,1541.54,0.0037,5597.54
MAR_m,A36HR6Y,5,mean,8.98,7.0,219.65,0.0005,1968.23
MAR_m,A36HR6Y,5,reg_opt_00001,4.58,3.0,373.26,0.0009,2489.48
MAR_m,A36HR6Y,5,tree_gp_10000,3.86,3.0,453.99,0.0011,2660.02
MAR_m,A36HR6Y,5,mlp_opt_0001,6.8,5.0,1566.63,0.0038,5627.7
MAR_m,A36HR6Y,15,mean,9.12,7.0,195.88,0.0005,1968.45
MAR_m,A36HR6Y,15,reg_opt_00001,4.75,4.0,364.28,0.0009,2458.16
MAR_m,A36HR6Y,15,tree_gp_10000,3.99,3.0,425.04,0.001,2630.15
MAR_m,A36HR6Y,15,mlp_opt_0001,7.01,6.0,1547.15,0.0037,5568.94
MAR_m,A4E0D03,5,mean,11.14,9.0,357.85,0.0005,3484.81
MAR_m,A4E0D03,5,reg_opt_00001,4.57,3.0,638.6,0.0009,4408.5
MAR_m,A4E0D03,5,tree_gp_10000,3.72,3.0,744.05,0.001,4738.62
MAR_m,A4E0D03,5,mlp_opt_0001,7.33,6.0,2738.86,0.0037,9960.8
MAR_m,A4E0D03,20,mean,11.6,10.0,358.93,0.0005,3485.38
MAR_m,A4E0D03,20,reg_opt_00001,4.93,4.0,574.67,0.0008,4326.53
MAR_m,A4E0D03,20,tree_gp_10000,4.0,3.0,715.07,0.001,4651.57
MAR_m,A4E0D03,20,mlp_opt_0001,7.2,6.0,2631.51,0.0036,9813.99
MAR_m,A4E0D03,25,mean,11.77,10.0,352.25,0.0005,3485.55
MAR_m,A4E0D03,25,reg_opt_00001,5.04,4.0,600.22,0.0008,4301.0
MAR_m,A4E0D03,25,tree_gp_10000,4.07,3.0,687.9,0.0009,4646.6
MAR_m,A4E0D03,25,mlp_opt_0001,7.82,6.0,2619.72,0.0036,9770.99
MAR_m,A4E0D03,10,mean,11.17,9.0,352.2,0.0005,3485.01
MAR_m,A4E0D03,10,reg_opt_00001,4.71,3.0,590.61,0.0008,4379.67
MAR_m,A4E0D03,10,tree_gp_10000,3.83,3.0,759.07,0.001,4685.9
MAR_m,A4E0D03,10,mlp_opt_0001,7.41,6.0,2743.2,0.0037,9911.34
MAR_m,A4E0D03,15,mean,11.41,9.0,355.03,0.0005,3485.2
MAR_m,A4E0D03,15,reg_opt_00001,4.82,4.0,593.97,0.0008,4351.72
MAR_m,A4E0D03,15,tree_gp_10000,3.9,3.0,725.42,0.001,4672.05
MAR_m,A4E0D03,15,mlp_opt_0001,7.55,6.0,2714.04,0.0037,9861.56
MAR_m,AJMQUVV,5,mean,11.93,10.0,481.98,0.0005,4245.53
MAR_m,AJMQUVV,5,reg_opt_00001,5.04,3.0,803.42,0.0009,5368.57
MAR_m,AJMQUVV,5,tree_gp_10000,4.3,3.0,940.76,0.001,5749.6
MAR_m,AJMQUVV,5,mlp_opt_0001,7.53,6.0,3299.77,0.0037,12136.95
MAR_m,AJMQUVV,20,mean,12.03,10.0,447.96,0.0005,4246.23
MAR_m,AJMQUVV,20,reg_opt_00001,5.31,4.0,743.32,0.0008,5270.34
MAR_m,AJMQUVV,20,tree_gp_10000,4.62,3.0,857.4,0.001,5800.53
MAR_m,AJMQUVV,20,mlp_opt_0001,7.75,6.0,3164.66,0.0035,11958.47
MAR_m,AJMQUVV,10,mean,11.96,10.0,449.26,0.0005,4245.78
MAR_m,AJMQUVV,10,reg_opt_00001,5.13,4.0,745.92,0.0008,5335.97
MAR_m,AJMQUVV,10,tree_gp_10000,4.42,3.0,879.04,0.001,5769.25
MAR_m,AJMQUVV,10,mlp_opt_0001,7.6,6.0,3257.7,0.0036,12073.51
MAR_m,AJMQUVV,25,mean,12.06,10.0,427.37,0.0005,4246.44
MAR_m,AJMQUVV,25,reg_opt_00001,5.4,4.0,747.63,0.0008,5240.13
MAR_m,AJMQUVV,25,tree_gp_10000,4.59,3.0,876.83,0.001,5668.63
MAR_m,AJMQUVV,25,mlp_opt_0001,7.83,6.0,3169.69,0.0035,11902.83
MAR_m,AJMQUVV,15,mean,12.0,10.0,419.9,0.0005,4246.01
MAR_m,AJMQUVV,15,reg_opt_00001,5.21,4.0,745.99,0.0008,5302.65
MAR_m,AJMQUVV,15,tree_gp_10000,4.57,3.0,926.27,0.001,5672.82
MAR_m,AJMQUVV,15,mlp_opt_0001,7.67,6.0,3300.91,0.0037,12012.98
MAR_m,A4G0044,10,mean,10.09,7.0,63.4,0.0005,587.52
MAR_m,A4G0044,10,reg_opt_00001,7.58,5.0,96.57,0.0008,738.47
MAR_m,A4G0044,10,tree_gp_10000,6.56,4.0,116.49,0.0009,765.19
MAR_m,A4G0044,10,mlp_opt_0001,10.05,8.0,450.8,0.0036,1670.64
MAR_m,A4G0044,5,mean,10.16,7.0,61.23,0.0005,587.48
MAR_m,A4G0044,5,reg_opt_00001,7.42,5.0,99.41,0.0008,743.23
MAR_m,A4G0044,5,tree_gp_10000,6.34,4.0,128.68,0.001,769.72
MAR_m,A4G0044,5,mlp_opt_0001,10.02,8.0,457.31,0.0037,1679.28
MAR_m,A4G0044,15,mean,10.22,7.0,64.49,0.0005,587.55
MAR_m,A4G0044,15,reg_opt_00001,7.76,5.0,96.89,0.0008,733.87
MAR_m,A4G0044,15,tree_gp_10000,6.77,4.0,99.33,0.0008,760.78
MAR_m,A4G0044,15,mlp_opt_0001,10.18,8.0,445.48,0.0036,1661.43
MAR_m,A4G0044,20,mean,10.24,7.0,55.96,0.0005,587.58
MAR_m,A4G0044,20,reg_opt_00001,7.88,5.0,106.26,0.0009,729.39
MAR_m,A4G0044,20,tree_gp_10000,6.81,4.0,104.35,0.0008,756.89
MAR_m,A4G0044,20,mlp_opt_0001,8.99,7.0,444.77,0.0036,1654.54
MAR_m,A4G0044,25,mean,10.22,7.0,55.93,0.0005,587.61
MAR_m,A4G0044,25,reg_opt_00001,7.96,6.0,93.58,0.0008,725.1
MAR_m,A4G0044,25,tree_gp_10000,6.89,4.0,119.6,0.001,750.19
MAR_m,A4G0044,25,mlp_opt_0001,10.19,8.0,451.22,0.0036,1646.96
MAR_m,AIFDJZB,10,mean,12.97,10.0,558.82,0.0004,5892.05
MAR_m,AIFDJZB,10,reg_opt_00001,6.12,4.0,1041.95,0.0008,7405.59
MAR_m,AIFDJZB,10,tree_gp_10000,4.96,3.0,1263.25,0.001,8258.69
MAR_m,AIFDJZB,10,mlp_opt_0001,2.2,1.0,4537.2,0.0036,16754.0
MAR_m,AIFDJZB,15,mean,12.92,10.0,575.87,0.0005,5892.37
MAR_m,AIFDJZB,15,reg_opt_00001,6.25,4.0,1029.48,0.0008,7358.73
MAR_m,AIFDJZB,15,tree_gp_10000,5.05,3.0,1270.69,0.001,8256.67
MAR_m,AIFDJZB,15,mlp_opt_0001,2.28,2.0,4497.83,0.0036,16671.54
MAR_m,AIFDJZB,5,mean,12.99,10.0,571.65,0.0005,5891.71
MAR_m,AIFDJZB,5,reg_opt_00001,5.99,4.0,1059.62,0.0009,7452.6
MAR_m,AIFDJZB,5,tree_gp_10000,4.8,3.0,1302.01,0.001,8426.01
MAR_m,AIFDJZB,5,mlp_opt_0001,2.11,1.0,4629.49,0.0037,16843.06
MAR_m,AIFDJZB,20,mean,12.9,10.0,606.36,0.0005,5892.68
MAR_m,AIFDJZB,20,reg_opt_00001,6.42,4.0,1032.51,0.0008,7314.94
MAR_m,AIFDJZB,20,tree_gp_10000,5.18,3.0,1178.2,0.0009,8322.78
MAR_m,AIFDJZB,20,mlp_opt_0001,2.38,2.0,4443.46,0.0036,16593.98
MAR_m,AIFDJZB,25,mean,12.88,10.0,613.43,0.0005,5892.97
MAR_m,AIFDJZB,25,reg_opt_00001,6.59,4.0,982.26,0.0008,7272.46
MAR_m,AIFDJZB,25,tree_gp_10000,5.32,3.0,1226.54,0.001,8074.19
MAR_m,AIFDJZB,25,mlp_opt_0001,2.48,2.0,4392.47,0.0035,16518.49
MAR_m,AQC0L71,5,mean,8.33,6.0,257.4,0.0005,2441.55
MAR_m,AQC0L71,5,reg_opt_00001,4.23,3.0,433.02,0.0008,3088.85
MAR_m,AQC0L71,5,tree_gp_10000,3.5,2.0,544.05,0.0011,3244.21
MAR_m,AQC0L71,5,mlp_opt_0001,6.46,5.0,1889.19,0.0037,6979.85
MAR_m,AQC0L71,10,mean,8.36,6.0,250.98,0.0005,2441.69
MAR_m,AQC0L71,10,reg_opt_00001,4.31,3.0,431.91,0.0008,3068.8
MAR_m,AQC0L71,10,tree_gp_10000,3.54,2.0,528.57,0.001,3234.77
MAR_m,AQC0L71,10,mlp_opt_0001,6.56,5.0,1882.18,0.0036,6942.87
MAR_m,AQC0L71,20,mean,8.43,6.0,244.11,0.0005,2441.95
MAR_m,AQC0L71,20,reg_opt_00001,4.54,3.0,428.14,0.0008,3031.04
MAR_m,AQC0L71,20,tree_gp_10000,3.77,3.0,504.53,0.001,3220.52
MAR_m,AQC0L71,20,mlp_opt_0001,6.75,5.0,1853.14,0.0036,6876.48
MAR_m,AQC0L71,25,mean,8.44,6.0,253.36,0.0005,2442.07
MAR_m,AQC0L71,25,reg_opt_00001,4.63,3.0,427.35,0.0008,3013.19
MAR_m,AQC0L71,25,tree_gp_10000,3.85,3.0,501.62,0.001,3193.99
MAR_m,AQC0L71,25,mlp_opt_0001,6.81,5.0,1842.31,0.0036,6845.21
MAR_m,AQC0L71,15,mean,8.39,6.0,248.66,0.0005,2441.83
MAR_m,AQC0L71,15,reg_opt_00001,4.43,3.0,436.72,0.0008,3049.37
MAR_m,AQC0L71,15,tree_gp_10000,3.68,2.0,503.32,0.001,3242.64
MAR_m,AQC0L71,15,mlp_opt_0001,6.63,5.0,1901.09,0.0037,6908.6
MAR_m,A7EM0B6,20,mean,10.75,8.0,301.57,0.0005,3038.3
MAR_m,A7EM0B6,20,reg_opt_00001,5.54,4.0,515.08,0.0008,3770.39
MAR_m,A7EM0B6,20,tree_gp_10000,4.79,3.0,606.49,0.0009,4020.8
MAR_m,A7EM0B6,20,mlp_opt_0001,2.25,2.0,2257.09,0.0035,8556.84
MAR_m,A7EM0B6,10,mean,10.69,8.0,312.26,0.0005,3037.98
MAR_m,A7EM0B6,10,reg_opt_00001,5.31,3.0,556.25,0.0009,3818.53
MAR_m,A7EM0B6,10,tree_gp_10000,4.43,3.0,659.59,0.001,4217.66
MAR_m,A7EM0B6,10,mlp_opt_0001,2.08,1.0,2333.27,0.0036,8638.97
MAR_m,A7EM0B6,5,mean,10.76,8.0,296.94,0.0005,3037.81
MAR_m,A7EM0B6,5,reg_opt_00001,5.18,3.0,527.87,0.0008,3843.18
MAR_m,A7EM0B6,5,tree_gp_10000,4.31,3.0,705.41,0.0011,4391.17
MAR_m,A7EM0B6,5,mlp_opt_0001,1.99,1.0,2402.09,0.0037,8684.0
MAR_m,A7EM0B6,15,mean,10.72,8.0,331.33,0.0005,3038.15
MAR_m,A7EM0B6,15,reg_opt_00001,5.42,3.0,538.33,0.0008,3794.56
MAR_m,A7EM0B6,15,tree_gp_10000,4.48,3.0,628.03,0.001,4093.57
MAR_m,A7EM0B6,15,mlp_opt_0001,8.41,6.0,2337.0,0.0036,8595.23
MAR_m,A7EM0B6,25,mean,10.78,8.0,320.42,0.0005,3038.45
MAR_m,A7EM0B6,25,reg_opt_00001,5.66,4.0,505.79,0.0008,3748.81
MAR_m,A7EM0B6,25,tree_gp_10000,4.69,3.0,613.3,0.001,4050.08
MAR_m,A7EM0B6,25,mlp_opt_0001,8.56,6.0,2362.36,0.0037,8517.39
MAR_h,A1ZJ41O,25,mean,8.52,6.0,402.99,0.0005,3779.59
MAR_h,A1ZJ41O,25,reg_opt_00001,10.02,7.0,659.74,0.0008,4653.62
MAR_h,A1ZJ41O,25,tree_gp_10000,14.09,11.0,742.47,0.0009,5123.58
MAR_h,A1ZJ41O,25,mlp_opt_0001,8.38,6.0,2784.99,0.0035,10573.74
MAR_h,A1ZJ41O,5,mean,8.29,6.0,395.85,0.0005,3778.79
MAR_h,A1ZJ41O,5,reg_opt_00001,7.54,5.0,712.71,0.0009,4777.16
MAR_h,A1ZJ41O,5,tree_gp_10000,8.29,5.0,828.92,0.001,5219.84
MAR_h,A1ZJ41O,5,mlp_opt_0001,7.06,5.0,2992.53,0.0037,10777.56
MAR_h,A1ZJ41O,15,mean,7.63,6.0,404.08,0.0005,3779.21
MAR_h,A1ZJ41O,15,reg_opt_00001,8.75,6.0,667.53,0.0008,4711.47
MAR_h,A1ZJ41O,15,tree_gp_10000,9.87,7.0,776.61,0.001,5285.09
MAR_h,A1ZJ41O,15,mlp_opt_0001,7.66,6.0,2926.89,0.0037,10669.1
MAR_h,A1ZJ41O,10,mean,7.44,6.0,391.95,0.0005,3779.01
MAR_h,A1ZJ41O,10,reg_opt_00001,6.53,5.0,681.45,0.0009,4740.66
MAR_h,A1ZJ41O,10,tree_gp_10000,8.47,7.0,825.98,0.001,5120.8
MAR_h,A1ZJ41O,10,mlp_opt_0001,6.83,5.0,2974.67,0.0037,10718.89
MAR_h,A1ZJ41O,20,mean,8.12,6.0,387.66,0.0005,3779.41
MAR_h,A1ZJ41O,20,reg_opt_00001,9.9,8.0,672.26,0.0008,4682.17
MAR_h,A1ZJ41O,20,tree_gp_10000,12.08,9.0,781.32,0.001,5077.16
MAR_h,A1ZJ41O,20,mlp_opt_0001,8.05,6.0,2898.52,0.0036,10617.6
MAR_h,AKXN5ZZ,10,mean,6.77,6.0,396.38,0.0005,3916.9
MAR_h,AKXN5ZZ,10,reg_opt_00001,8.64,7.0,704.12,0.0009,4915.63
MAR_h,AKXN5ZZ,10,tree_gp_10000,7.07,6.0,846.39,0.001,5389.75
MAR_h,AKXN5ZZ,10,mlp_opt_0001,8.3,7.0,3003.28,0.0036,11112.12
MAR_h,AKXN5ZZ,15,mean,7.08,6.0,400.81,0.0005,3917.11
MAR_h,AKXN5ZZ,15,reg_opt_00001,8.58,6.0,680.8,0.0008,4884.19
MAR_h,AKXN5ZZ,15,tree_gp_10000,8.61,6.0,815.6,0.001,5335.81
MAR_h,AKXN5ZZ,15,mlp_opt_0001,7.28,6.0,2991.49,0.0036,11056.09
MAR_h,AKXN5ZZ,5,mean,6.32,6.0,395.33,0.0005,3916.67
MAR_h,AKXN5ZZ,5,reg_opt_00001,6.86,6.0,714.23,0.0009,4949.64
MAR_h,AKXN5ZZ,5,tree_gp_10000,7.59,6.0,869.28,0.001,5329.38
MAR_h,AKXN5ZZ,5,mlp_opt_0001,7.95,7.0,3083.66,0.0037,11171.77
MAR_h,AKXN5ZZ,20,mean,7.15,6.0,402.32,0.0005,3917.32
MAR_h,AKXN5ZZ,20,reg_opt_00001,8.47,7.0,675.13,0.0008,4848.17
MAR_h,AKXN5ZZ,20,tree_gp_10000,10.11,9.0,798.58,0.001,5180.06
MAR_h,AKXN5ZZ,20,mlp_opt_0001,7.76,7.0,2983.62,0.0036,11008.47
MAR_h,AKXN5ZZ,25,mean,7.55,6.0,393.2,0.0005,3917.51
MAR_h,AKXN5ZZ,25,reg_opt_00001,10.47,9.0,659.5,0.0008,4822.67
MAR_h,AKXN5ZZ,25,tree_gp_10000,24.98,24.0,784.98,0.0009,5186.99
MAR_h,AKXN5ZZ,25,mlp_opt_0001,7.92,7.0,2959.24,0.0036,10957.77
MAR_h,AAXAA7Z,10,mean,9.57,8.0,312.15,0.0005,2955.18
MAR_h,AAXAA7Z,10,reg_opt_00001,9.8,7.0,532.64,0.0009,3706.25
MAR_h,AAXAA7Z,10,tree_gp_10000,11.66,8.0,630.28,0.001,3982.99
MAR_h,AAXAA7Z,10,mlp_opt_0001,11.03,7.0,2297.2,0.0037,8386.01
MAR_h,AAXAA7Z,25,mean,9.36,7.0,320.17,0.0005,2955.64
MAR_h,AAXAA7Z,25,reg_opt_00001,14.39,11.0,512.72,0.0008,3639.01
MAR_h,AAXAA7Z,25,tree_gp_10000,18.3,13.0,595.57,0.001,3868.78
MAR_h,AAXAA7Z,25,mlp_opt_0001,16.1,10.0,2210.67,0.0035,8265.47
MAR_h,AAXAA7Z,5,mean,8.97,8.0,307.56,0.0005,2955.01
MAR_h,AAXAA7Z,5,reg_opt_00001,7.34,5.0,546.35,0.0009,3735.73
MAR_h,AAXAA7Z,5,tree_gp_10000,8.74,6.0,666.14,0.0011,4003.69
MAR_h,AAXAA7Z,5,mlp_opt_0001,6.92,4.0,2345.22,0.0038,8427.5
MAR_h,AAXAA7Z,20,mean,9.25,7.0,318.51,0.0005,2955.5
MAR_h,AAXAA7Z,20,reg_opt_00001,10.58,8.0,526.48,0.0008,3661.43
MAR_h,AAXAA7Z,20,tree_gp_10000,13.7,11.0,604.21,0.001,3867.32
MAR_h,AAXAA7Z,20,mlp_opt_0001,11.17,8.0,2263.11,0.0036,8301.84
MAR_h,AAXAA7Z,15,mean,9.32,7.0,301.62,0.0005,2955.34
MAR_h,AAXAA7Z,15,reg_opt_00001,10.16,7.0,538.09,0.0009,3683.98
MAR_h,AAXAA7Z,15,tree_gp_10000,10.87,7.0,625.31,0.001,3905.74
MAR_h,AAXAA7Z,15,mlp_opt_0001,10.06,7.0,2307.45,0.0037,8343.15
MAR_h,AA2KP1S,15,mean,6.24,5.0,369.73,0.0005,3812.25
MAR_h,AA2KP1S,15,reg_opt_00001,6.24,5.0,697.25,0.0009,4753.47
MAR_h,AA2KP1S,15,tree_gp_10000,7.48,5.0,810.35,0.001,5185.4
MAR_h,AA2KP1S,15,mlp_opt_0001,6.51,5.0,2873.73,0.0036,10762.65
MAR_h,AA2KP1S,20,mean,6.36,5.0,399.47,0.0005,3812.45
MAR_h,AA2KP1S,20,reg_opt_00001,7.25,6.0,652.4,0.0008,4722.88
MAR_h,AA2KP1S,20,tree_gp_10000,9.11,7.0,794.33,0.001,5143.14
MAR_h,AA2KP1S,20,mlp_opt_0001,7.32,6.0,2864.56,0.0036,10712.64
MAR_h,AA2KP1S,10,mean,6.17,5.0,373.7,0.0005,3812.05
MAR_h,AA2KP1S,10,reg_opt_00001,6.29,4.0,718.17,0.0009,4784.94
MAR_h,AA2KP1S,10,tree_gp_10000,7.25,5.0,834.94,0.001,5428.69
MAR_h,AA2KP1S,10,mlp_opt_0001,5.99,4.0,2960.45,0.0037,10814.67
MAR_h,AA2KP1S,25,mean,6.67,5.0,413.06,0.0005,3812.64
MAR_h,AA2KP1S,25,reg_opt_00001,8.47,7.0,678.78,0.0008,4691.91
MAR_h,AA2KP1S,25,tree_gp_10000,10.8,9.0,763.83,0.0009,5005.07
MAR_h,AA2KP1S,25,mlp_opt_0001,7.83,7.0,2846.52,0.0035,10664.62
MAR_h,AA2KP1S,5,mean,5.55,5.0,389.5,0.0005,3811.83
MAR_h,AA2KP1S,5,reg_opt_00001,4.49,3.0,662.14,0.0008,4817.82
MAR_h,AA2KP1S,5,tree_gp_10000,5.72,4.0,812.97,0.001,5214.0
MAR_h,AA2KP1S,5,mlp_opt_0001,4.51,3.0,3073.29,0.0038,10871.54
MAR_h,APGIB2T,15,mean,6.9,6.0,79.65,0.0005,721.44
MAR_h,APGIB2T,15,reg_opt_00001,12.75,12.0,110.03,0.0007,899.56
MAR_h,APGIB2T,15,tree_gp_10000,12.62,11.0,143.14,0.0009,938.87
MAR_h,APGIB2T,15,mlp_opt_0001,8.07,7.0,520.22,0.0034,2035.64
MAR_h,APGIB2T,5,mean,6.31,5.0,78.0,0.0005,721.36
MAR_h,APGIB2T,5,reg_opt_00001,5.09,4.0,141.51,0.0009,911.97
MAR_h,APGIB2T,5,tree_gp_10000,5.1,4.0,126.48,0.0008,947.22
MAR_h,APGIB2T,5,mlp_opt_0001,6.83,6.0,553.83,0.0036,2057.16
MAR_h,APGIB2T,25,mean,7.62,6.0,77.9,0.0005,721.51
MAR_h,APGIB2T,25,reg_opt_00001,10.51,9.0,118.59,0.0008,888.37
MAR_h,APGIB2T,25,tree_gp_10000,11.96,10.0,143.27,0.0009,922.31
MAR_h,APGIB2T,25,mlp_opt_0001,7.67,6.0,533.79,0.0035,2017.42
MAR_h,APGIB2T,10,mean,6.58,6.0,60.07,0.0004,721.4
MAR_h,APGIB2T,10,reg_opt_00001,7.3,6.0,128.15,0.0008,905.61
MAR_h,APGIB2T,10,tree_gp_10000,6.7,5.0,130.27,0.0009,942.13
MAR_h,APGIB2T,10,mlp_opt_0001,7.63,7.0,562.27,0.0037,2045.21
MAR_h,APGIB2T,20,mean,7.42,6.0,78.15,0.0005,721.48
MAR_h,APGIB2T,20,reg_opt_00001,11.32,10.0,116.62,0.0008,893.82
MAR_h,APGIB2T,20,tree_gp_10000,12.69,11.0,143.43,0.0009,933.39
MAR_h,APGIB2T,20,mlp_opt_0001,7.86,7.0,558.21,0.0037,2026.58
MAR_h,AHYIJDV,15,mean,9.2,7.0,304.07,0.0004,3258.92
MAR_h,AHYIJDV,15,reg_opt_00001,9.95,8.0,598.65,0.0009,4063.51
MAR_h,AHYIJDV,15,tree_gp_10000,11.85,9.0,619.05,0.0009,4574.31
MAR_h,AHYIJDV,15,mlp_opt_0001,9.98,8.0,2409.3,0.0035,9201.6
MAR_h,AHYIJDV,10,mean,8.8,7.0,331.31,0.0005,3258.74
MAR_h,AHYIJDV,10,reg_opt_00001,10.46,8.0,621.31,0.0009,4090.76
MAR_h,AHYIJDV,10,tree_gp_10000,12.74,9.0,680.71,0.001,4609.19
MAR_h,AHYIJDV,10,mlp_opt_0001,11.29,8.0,2506.1,0.0036,9244.6
MAR_h,AHYIJDV,5,mean,7.74,7.0,350.99,0.0005,3258.55
MAR_h,AHYIJDV,5,reg_opt_00001,6.63,5.0,601.9,0.0009,4119.47
MAR_h,AHYIJDV,5,tree_gp_10000,9.14,7.0,720.37,0.001,4659.08
MAR_h,AHYIJDV,5,mlp_opt_0001,6.35,4.0,2581.77,0.0037,9295.74
MAR_h,AHYIJDV,20,mean,9.34,7.0,329.68,0.0005,3259.09
MAR_h,AHYIJDV,20,reg_opt_00001,11.09,8.0,602.06,0.0009,4037.5
MAR_h,AHYIJDV,20,tree_gp_10000,11.94,9.0,662.87,0.001,4332.38
MAR_h,AHYIJDV,20,mlp_opt_0001,10.72,8.0,2485.36,0.0036,9159.02
MAR_h,AHYIJDV,25,mean,9.73,7.0,339.87,0.0005,3259.25
MAR_h,AHYIJDV,25,reg_opt_00001,10.76,8.0,560.74,0.0008,4012.84
MAR_h,AHYIJDV,25,tree_gp_10000,11.21,8.0,656.65,0.001,4259.99
MAR_h,AHYIJDV,25,mlp_opt_0001,12.38,9.0,2452.34,0.0036,9116.54
MAR_h,ASFODQR,10,mean,11.07,10.0,684.87,0.0005,6746.22
MAR_h,ASFODQR,10,reg_opt_00001,11.26,8.0,1186.04,0.0008,8468.69
MAR_h,ASFODQR,10,tree_gp_10000,12.82,8.0,1478.63,0.001,9796.54
MAR_h,ASFODQR,10,mlp_opt_0001,14.02,11.0,5196.13,0.0036,19141.48
MAR_h,ASFODQR,5,mean,11.42,11.0,673.44,0.0005,6745.84
MAR_h,ASFODQR,5,reg_opt_00001,7.41,5.0,1253.41,0.0009,8528.28
MAR_h,ASFODQR,5,tree_gp_10000,11.56,9.0,1451.71,0.001,9819.01
MAR_h,ASFODQR,5,mlp_opt_0001,10.42,9.0,5276.94,0.0037,19243.19
MAR_h,ASFODQR,15,mean,12.08,10.0,664.79,0.0005,6746.59
MAR_h,ASFODQR,15,reg_opt_00001,14.33,10.0,1126.83,0.0008,8412.27
MAR_h,ASFODQR,15,tree_gp_10000,20.53,16.0,1485.53,0.001,9450.81
MAR_h,ASFODQR,15,mlp_opt_0001,16.75,13.0,5153.72,0.0036,19046.84
MAR_h,ASFODQR,20,mean,13.25,9.0,715.26,0.0005,6746.94
MAR_h,ASFODQR,20,reg_opt_00001,20.79,14.0,1171.8,0.0008,8358.57
MAR_h,ASFODQR,20,tree_gp_10000,27.79,20.0,1362.0,0.001,9315.59
MAR_h,ASFODQR,20,mlp_opt_0001,19.05,14.0,5096.86,0.0036,18957.82
MAR_h,ASFODQR,25,mean,14.97,9.0,706.67,0.0005,6747.27
MAR_h,ASFODQR,25,reg_opt_00001,21.15,14.0,1151.65,0.0008,8303.81
MAR_h,ASFODQR,25,tree_gp_10000,25.0,16.0,1354.44,0.0009,9162.98
MAR_h,ASFODQR,25,mlp_opt_0001,20.19,13.0,5019.96,0.0035,18871.66
MAR_h,AUY8KYW,25,mean,9.87,9.0,445.08,0.0005,4395.43
MAR_h,AUY8KYW,25,reg_opt_00001,14.09,13.0,741.9,0.0008,5411.87
MAR_h,AUY8KYW,25,tree_gp_10000,13.95,11.0,895.92,0.001,5856.06
MAR_h,AUY8KYW,25,mlp_opt_0001,12.24,11.0,3242.81,0.0035,12297.53
MAR_h,AUY8KYW,20,mean,10.01,9.0,476.51,0.0005,4395.22
MAR_h,AUY8KYW,20,reg_opt_00001,14.97,13.0,755.22,0.0008,5444.32
MAR_h,AUY8KYW,20,tree_gp_10000,16.79,14.0,914.94,0.001,5960.42
MAR_h,AUY8KYW,20,mlp_opt_0001,12.99,13.0,3287.54,0.0035,12351.23
MAR_h,AUY8KYW,10,mean,10.32,10.0,478.26,0.0005,4394.75
MAR_h,AUY8KYW,10,reg_opt_00001,7.91,6.0,816.29,0.0009,5516.87
MAR_h,AUY8KYW,10,tree_gp_10000,9.25,7.0,952.68,0.001,6222.16
MAR_h,AUY8KYW,10,mlp_opt_0001,10.55,10.0,3435.42,0.0037,12468.5
MAR_h,AUY8KYW,15,mean,10.18,10.0,453.05,0.0005,4394.99
MAR_h,AUY8KYW,15,reg_opt_00001,11.46,10.0,812.77,0.0009,5480.08
MAR_h,AUY8KYW,15,tree_gp_10000,13.35,11.0,955.52,0.001,5957.38
MAR_h,AUY8KYW,15,mlp_opt_0001,12.13,12.0,3390.59,0.0036,12408.2
MAR_h,AUY8KYW,5,mean,10.54,11.0,429.99,0.0005,4394.5
MAR_h,AUY8KYW,5,reg_opt_00001,6.63,5.0,772.21,0.0008,5555.65
MAR_h,AUY8KYW,5,tree_gp_10000,7.36,5.0,924.81,0.001,6139.64
MAR_h,AUY8KYW,5,mlp_opt_0001,8.18,7.0,3498.46,0.0038,12532.27
MAR_h,A3OU183,5,mean,5.61,5.0,34.92,0.0005,355.33
MAR_h,A3OU183,5,reg_opt_00001,5.51,5.0,58.56,0.0008,449.22
MAR_h,A3OU183,5,tree_gp_10000,6.35,5.0,78.15,0.001,464.04
MAR_h,A3OU183,5,mlp_opt_0001,6.83,6.0,272.75,0.0036,1013.49
MAR_h,A3OU183,15,mean,5.61,4.0,37.71,0.0005,355.37
MAR_h,A3OU183,15,reg_opt_00001,7.22,6.0,64.1,0.0009,443.11
MAR_h,A3OU183,15,tree_gp_10000,6.96,6.0,73.01,0.001,457.45
MAR_h,A3OU183,15,mlp_opt_0001,6.24,5.0,267.38,0.0036,1003.43
MAR_h,A3OU183,20,mean,5.78,5.0,32.6,0.0004,355.39
MAR_h,A3OU183,20,reg_opt_00001,8.65,7.0,64.8,0.0009,440.28
MAR_h,A3OU183,20,tree_gp_10000,10.04,7.0,71.04,0.0009,454.97
MAR_h,A3OU183,20,mlp_opt_0001,6.2,5.0,265.03,0.0035,998.81
MAR_h,A3OU183,25,mean,6.27,5.0,36.94,0.0005,355.4
MAR_h,A3OU183,25,reg_opt_00001,10.54,9.0,53.01,0.0007,437.59
MAR_h,A3OU183,25,tree_gp_10000,12.84,9.0,68.92,0.0009,451.74
MAR_h,A3OU183,25,mlp_opt_0001,6.94,5.0,265.47,0.0035,994.05
MAR_h,A3OU183,10,mean,5.52,4.0,40.62,0.0005,355.35
MAR_h,A3OU183,10,reg_opt_00001,7.45,7.0,63.25,0.0008,446.09
MAR_h,A3OU183,10,tree_gp_10000,8.19,6.0,78.71,0.001,460.75
MAR_h,A3OU183,10,mlp_opt_0001,6.9,6.0,279.82,0.0037,1008.38
MAR_h,AOYM4KG,10,mean,9.79,10.0,75.24,0.0005,693.66
MAR_h,AOYM4KG,10,reg_opt_00001,2.81,2.0,132.38,0.0009,870.78
MAR_h,AOYM4KG,10,tree_gp_10000,3.97,3.0,139.67,0.001,906.25
MAR_h,AOYM4KG,10,mlp_opt_0001,3.03,2.0,516.11,0.0035,1968.76
MAR_h,AOYM4KG,25,mean,11.01,11.0,77.25,0.0005,693.77
MAR_h,AOYM4KG,25,reg_opt_00001,10.83,9.0,121.75,0.0008,854.2
MAR_h,AOYM4KG,25,tree_gp_10000,9.39,7.0,142.66,0.001,885.12
MAR_h,AOYM4KG,25,mlp_opt_0001,7.98,5.0,500.54,0.0034,1940.95
MAR_h,AOYM4KG,15,mean,10.45,10.0,70.12,0.0005,693.7
MAR_h,AOYM4KG,15,reg_opt_00001,3.84,3.0,120.15,0.0008,864.96
MAR_h,AOYM4KG,15,tree_gp_10000,6.02,5.0,137.21,0.0009,898.14
MAR_h,AOYM4KG,15,mlp_opt_0001,3.64,3.0,516.12,0.0035,1958.47
MAR_h,AOYM4KG,20,mean,11.0,11.0,74.53,0.0005,693.73
MAR_h,AOYM4KG,20,reg_opt_00001,6.97,5.0,97.07,0.0007,859.45
MAR_h,AOYM4KG,20,tree_gp_10000,7.31,5.0,140.69,0.001,891.29
MAR_h,AOYM4KG,20,mlp_opt_0001,6.45,4.0,517.1,0.0035,1949.86
MAR_h,AOYM4KG,5,mean,9.69,10.0,67.52,0.0005,693.62
MAR_h,AOYM4KG,5,reg_opt_00001,2.68,2.0,129.52,0.0009,876.9
MAR_h,AOYM4KG,5,tree_gp_10000,5.43,5.0,162.81,0.0011,908.54
MAR_h,AOYM4KG,5,mlp_opt_0001,2.71,2.0,564.02,0.0038,1978.97
MAR_h,AV2GF3B,5,mean,9.72,7.0,33.65,0.0004,366.91
MAR_h,AV2GF3B,5,reg_opt_00001,7.08,5.0,70.04,0.0009,463.86
MAR_h,AV2GF3B,5,tree_gp_10000,6.86,4.0,63.33,0.0008,479.52
MAR_h,AV2GF3B,5,mlp_opt_0001,8.96,7.0,280.75,0.0036,1046.82
MAR_h,AV2GF3B,15,mean,9.28,6.0,39.62,0.0005,366.95
MAR_h,AV2GF3B,15,reg_opt_00001,8.32,7.0,52.01,0.0007,457.55
MAR_h,AV2GF3B,15,tree_gp_10000,8.36,6.0,73.15,0.0009,472.29
MAR_h,AV2GF3B,15,mlp_opt_0001,9.15,6.0,274.36,0.0035,1036.3
MAR_h,AV2GF3B,25,mean,9.12,6.0,31.18,0.0004,366.99
MAR_h,AV2GF3B,25,reg_opt_00001,9.86,8.0,63.74,0.0008,451.85
MAR_h,AV2GF3B,25,tree_gp_10000,13.12,9.0,64.83,0.0008,464.87
MAR_h,AV2GF3B,25,mlp_opt_0001,9.14,6.0,267.72,0.0035,1026.81
MAR_h,AV2GF3B,20,mean,9.16,6.0,39.33,0.0005,366.97
MAR_h,AV2GF3B,20,reg_opt_00001,9.26,8.0,66.75,0.0009,454.63
MAR_h,AV2GF3B,20,tree_gp_10000,9.17,8.0,72.98,0.0009,468.93
MAR_h,AV2GF3B,20,mlp_opt_0001,9.25,6.0,280.09,0.0036,1031.43
MAR_h,AV2GF3B,10,mean,9.36,7.0,39.36,0.0005,366.93
MAR_h,AV2GF3B,10,reg_opt_00001,8.08,7.0,68.63,0.0009,460.62
MAR_h,AV2GF3B,10,tree_gp_10000,8.25,6.0,69.55,0.0009,475.93
MAR_h,AV2GF3B,10,mlp_opt_0001,8.92,7.0,294.76,0.0038,1041.43
MAR_h,A0NVTRV,10,mean,10.45,9.0,169.37,0.0005,1760.35
MAR_h,A0NVTRV,10,reg_opt_00001,8.31,7.0,303.6,0.0008,2209.83
MAR_h,A0NVTRV,10,tree_gp_10000,13.66,12.0,362.71,0.001,2338.36
MAR_h,A0NVTRV,10,mlp_opt_0001,9.26,8.0,1314.73,0.0035,4996.05
MAR_h,A0NVTRV,25,mean,11.67,9.0,172.13,0.0005,1760.62
MAR_h,A0NVTRV,25,reg_opt_00001,9.81,7.0,294.39,0.0008,2167.48
MAR_h,A0NVTRV,25,tree_gp_10000,20.37,17.0,353.39,0.0009,2246.52
MAR_h,A0NVTRV,25,mlp_opt_0001,9.5,6.0,1300.52,0.0035,4924.47
MAR_h,A0NVTRV,15,mean,11.15,9.0,175.9,0.0005,1760.44
MAR_h,A0NVTRV,15,reg_opt_00001,11.32,8.0,323.75,0.0009,2194.88
MAR_h,A0NVTRV,15,tree_gp_10000,19.7,11.0,357.39,0.001,2307.11
MAR_h,A0NVTRV,15,mlp_opt_0001,10.91,8.0,1338.6,0.0036,4970.99
MAR_h,A0NVTRV,20,mean,11.79,9.0,192.1,0.0005,1760.54
MAR_h,A0NVTRV,20,reg_opt_00001,10.48,7.0,310.85,0.0008,2180.85
MAR_h,A0NVTRV,20,tree_gp_10000,19.02,15.0,311.82,0.0008,2295.79
MAR_h,A0NVTRV,20,mlp_opt_0001,9.69,7.0,1352.85,0.0036,4946.3
MAR_h,A0NVTRV,5,mean,8.45,7.0,188.03,0.0005,1760.25
MAR_h,A0NVTRV,5,reg_opt_00001,6.01,5.0,320.71,0.0009,2225.04
MAR_h,A0NVTRV,5,tree_gp_10000,7.02,5.0,390.73,0.0011,2368.4
MAR_h,A0NVTRV,5,mlp_opt_0001,7.66,6.0,1431.0,0.0038,5021.67
MAR_h,A1K5DRI,15,mean,8.56,7.0,445.66,0.0005,4199.07
MAR_h,A1K5DRI,15,reg_opt_00001,11.94,9.0,727.56,0.0008,5234.62
MAR_h,A1K5DRI,15,tree_gp_10000,12.27,8.0,887.16,0.001,5744.31
MAR_h,A1K5DRI,15,mlp_opt_0001,11.6,10.0,3168.09,0.0036,11856.96
MAR_h,A1K5DRI,20,mean,9.12,7.0,400.7,0.0005,4199.29
MAR_h,A1K5DRI,20,reg_opt_00001,14.08,11.0,729.9,0.0008,5200.9
MAR_h,A1K5DRI,20,tree_gp_10000,12.95,9.0,852.93,0.001,5689.06
MAR_h,A1K5DRI,20,mlp_opt_0001,11.95,10.0,3143.98,0.0035,11801.74
MAR_h,A1K5DRI,5,mean,8.64,8.0,439.6,0.0005,4198.6
MAR_h,A1K5DRI,5,reg_opt_00001,8.43,5.0,690.9,0.0008,5303.94
MAR_h,A1K5DRI,5,tree_gp_10000,9.24,6.0,832.02,0.0009,5708.31
MAR_h,A1K5DRI,5,mlp_opt_0001,8.77,8.0,3300.26,0.0037,11974.72
MAR_h,A1K5DRI,25,mean,9.79,7.0,407.03,0.0005,4199.5
MAR_h,A1K5DRI,25,reg_opt_00001,14.07,11.0,733.17,0.0008,5165.66
MAR_h,A1K5DRI,25,tree_gp_10000,14.73,11.0,851.03,0.001,5696.9
MAR_h,A1K5DRI,25,mlp_opt_0001,11.95,10.0,3121.18,0.0035,11747.79
MAR_h,A1K5DRI,10,mean,8.81,7.0,470.25,0.0005,4198.84
MAR_h,A1K5DRI,10,reg_opt_00001,9.86,7.0,727.85,0.0008,5269.66
MAR_h,A1K5DRI,10,tree_gp_10000,11.45,8.0,887.55,0.001,5931.12
MAR_h,A1K5DRI,10,mlp_opt_0001,10.08,9.0,3255.58,0.0037,11915.19
MAR_h,AYEFCWQ,20,mean,9.86,8.0,563.07,0.0005,5414.08
MAR_h,AYEFCWQ,20,reg_opt_00001,9.88,8.0,924.06,0.0008,6704.72
MAR_h,AYEFCWQ,20,tree_gp_10000,11.48,10.0,1114.37,0.001,7369.15
MAR_h,AYEFCWQ,20,mlp_opt_0001,9.23,7.0,4078.49,0.0036,15215.16
MAR_h,AYEFCWQ,15,mean,9.86,8.0,535.82,0.0005,5413.8
MAR_h,AYEFCWQ,15,reg_opt_00001,9.19,7.0,945.33,0.0008,6750.86
MAR_h,AYEFCWQ,15,tree_gp_10000,11.25,9.0,1133.15,0.001,7566.72
MAR_h,AYEFCWQ,15,mlp_opt_0001,8.84,7.0,4134.03,0.0036,15284.06
MAR_h,AYEFCWQ,5,mean,9.58,8.0,572.49,0.0005,5415.9
MAR_h,AYEFCWQ,5,reg_opt_00001,8.6,6.0,983.8,0.0009,6845.85
MAR_h,AYEFCWQ,5,tree_gp_10000,9.78,8.0,1142.31,0.001,7685.52
MAR_h,AYEFCWQ,5,mlp_opt_0001,8.94,6.0,4280.89,0.0037,15446.38
MAR_h,AYEFCWQ,10,mean,9.76,8.0,575.6,0.0005,5416.21
MAR_h,AYEFCWQ,10,reg_opt_00001,9.58,7.0,1019.02,0.0009,6797.4
MAR_h,AYEFCWQ,10,tree_gp_10000,10.8,8.0,1192.32,0.001,7648.08
MAR_h,AYEFCWQ,10,mlp_opt_0001,8.93,7.0,4235.49,0.0037,15368.34
MAR_h,AYEFCWQ,25,mean,9.81,8.0,540.84,0.0005,5414.35
MAR_h,AYEFCWQ,25,reg_opt_00001,10.21,8.0,934.16,0.0008,6666.64
MAR_h,AYEFCWQ,25,tree_gp_10000,10.93,9.0,1093.05,0.001,7304.21
MAR_h,AYEFCWQ,25,mlp_opt_0001,9.41,7.0,4067.37,0.0036,15147.27
MAR_h,AMV7EQF,5,mean,10.5,9.0,418.41,0.0005,4107.66
MAR_h,AMV7EQF,5,reg_opt_00001,11.2,9.0,770.31,0.0009,5192.32
MAR_h,AMV7EQF,5,tree_gp_10000,12.97,11.0,849.83,0.001,5635.02
MAR_h,AMV7EQF,5,mlp_opt_0001,10.65,9.0,3222.19,0.0037,11719.54
MAR_h,AMV7EQF,25,mean,10.93,9.0,400.99,0.0005,4108.54
MAR_h,AMV7EQF,25,reg_opt_00001,13.1,10.0,686.14,0.0008,5055.84
MAR_h,AMV7EQF,25,tree_gp_10000,16.04,13.0,835.84,0.001,5474.72
MAR_h,AMV7EQF,25,mlp_opt_0001,11.24,9.0,3052.03,0.0035,11493.13
MAR_h,AMV7EQF,10,mean,10.3,9.0,454.91,0.0005,4107.9
MAR_h,AMV7EQF,10,reg_opt_00001,10.84,9.0,744.6,0.0009,5154.02
MAR_h,AMV7EQF,10,tree_gp_10000,14.68,12.0,823.25,0.0009,5675.4
MAR_h,AMV7EQF,10,mlp_opt_0001,10.64,9.0,3212.54,0.0037,11659.07
MAR_h,AMV7EQF,20,mean,10.37,8.0,422.51,0.0005,4108.34
MAR_h,AMV7EQF,20,reg_opt_00001,13.53,10.0,712.31,0.0008,5088.17
MAR_h,AMV7EQF,20,tree_gp_10000,16.18,12.0,853.96,0.001,5467.78
MAR_h,AMV7EQF,20,mlp_opt_0001,10.97,9.0,3134.36,0.0036,11542.85
MAR_h,AMV7EQF,15,mean,10.13,8.0,444.06,0.0005,4108.12
MAR_h,AMV7EQF,15,reg_opt_00001,12.57,10.0,709.82,0.0008,5119.58
MAR_h,AMV7EQF,15,tree_gp_10000,14.39,12.0,879.67,0.001,5543.56
MAR_h,AMV7EQF,15,mlp_opt_0001,11.13,9.0,3195.83,0.0037,11601.32
MAR_h,AZIK4ZA,10,mean,10.95,11.0,356.43,0.0005,3495.77
MAR_h,AZIK4ZA,10,reg_opt_00001,13.69,11.0,616.83,0.0008,4388.37
MAR_h,AZIK4ZA,10,tree_gp_10000,17.89,14.0,745.51,0.001,4661.71
MAR_h,AZIK4ZA,10,mlp_opt_0001,16.26,16.0,2659.07,0.0036,9919.82
MAR_h,AZIK4ZA,5,mean,12.16,13.0,361.54,0.0005,3495.57
MAR_h,AZIK4ZA,5,reg_opt_00001,6.02,5.0,647.36,0.0009,4419.08
MAR_h,AZIK4ZA,5,tree_gp_10000,9.16,7.0,743.04,0.001,4760.25
MAR_h,AZIK4ZA,5,mlp_opt_0001,11.25,11.0,2754.06,0.0037,9969.81
MAR_h,AZIK4ZA,20,mean,10.97,9.0,335.47,0.0005,3496.14
MAR_h,AZIK4ZA,20,reg_opt_00001,15.03,13.0,590.9,0.0008,4330.24
MAR_h,AZIK4ZA,20,tree_gp_10000,22.61,20.0,697.31,0.0009,4648.48
MAR_h,AZIK4ZA,20,mlp_opt_0001,21.3,21.0,2631.15,0.0036,9821.99
MAR_h,AZIK4ZA,25,mean,12.0,9.0,386.37,0.0005,3496.31
MAR_h,AZIK4ZA,25,reg_opt_00001,24.76,21.0,567.7,0.0008,4304.36
MAR_h,AZIK4ZA,25,tree_gp_10000,32.78,26.0,698.87,0.0009,4544.96
MAR_h,AZIK4ZA,25,mlp_opt_0001,26.21,24.0,2617.13,0.0035,9779.12
MAR_h,AZIK4ZA,15,mean,10.81,10.0,356.76,0.0005,3495.96
MAR_h,AZIK4ZA,15,reg_opt_00001,14.84,13.0,617.95,0.0008,4359.08
MAR_h,AZIK4ZA,15,tree_gp_10000,19.54,17.0,679.33,0.0009,4644.35
MAR_h,AZIK4ZA,15,mlp_opt_0001,17.49,17.0,2695.38,0.0036,9871.08
MAR_h,AJWW3IY,5,mean,7.8,7.0,320.1,0.0005,3305.79
MAR_h,AJWW3IY,5,reg_opt_00001,5.08,4.0,605.58,0.0009,4179.28
MAR_h,AJWW3IY,5,tree_gp_10000,6.28,4.0,685.22,0.001,4484.37
MAR_h,AJWW3IY,5,mlp_opt_0001,9.3,9.0,2546.45,0.0036,9430.8
MAR_h,AJWW3IY,25,mean,9.6,8.0,332.53,0.0005,3306.49
MAR_h,AJWW3IY,25,reg_opt_00001,12.04,9.0,571.75,0.0008,4070.76
MAR_h,AJWW3IY,25,tree_gp_10000,12.96,10.0,662.82,0.0009,4327.29
MAR_h,AJWW3IY,25,mlp_opt_0001,9.55,8.0,2439.77,0.0035,9251.02
MAR_h,AJWW3IY,15,mean,7.89,7.0,337.72,0.0005,3306.16
MAR_h,AJWW3IY,15,reg_opt_00001,11.38,10.0,572.51,0.0008,4122.42
MAR_h,AJWW3IY,15,tree_gp_10000,23.29,13.0,714.61,0.001,4414.03
MAR_h,AJWW3IY,15,mlp_opt_0001,10.83,10.0,2508.05,0.0036,9334.23
MAR_h,AJWW3IY,20,mean,8.89,7.0,345.91,0.0005,3306.33
MAR_h,AJWW3IY,20,reg_opt_00001,10.96,9.0,556.09,0.0008,4096.06
MAR_h,AJWW3IY,20,tree_gp_10000,9.96,8.0,674.25,0.001,4318.04
MAR_h,AJWW3IY,20,mlp_opt_0001,9.72,8.0,2502.42,0.0036,9291.21
MAR_h,AJWW3IY,10,mean,7.46,7.0,345.4,0.0005,3305.98
MAR_h,AJWW3IY,10,reg_opt_00001,9.58,9.0,600.43,0.0009,4150.12
MAR_h,AJWW3IY,10,tree_gp_10000,9.6,8.0,706.91,0.001,4505.94
MAR_h,AJWW3IY,10,mlp_opt_0001,11.13,11.0,2590.38,0.0037,9382.25
MAR_h,AX6281V,5,mean,8.51,9.0,316.95,0.0005,3213.43
MAR_h,AX6281V,5,reg_opt_00001,5.8,4.0,558.08,0.0008,4061.97
MAR_h,AX6281V,5,tree_gp_10000,7.94,6.0,671.9,0.001,4442.34
MAR_h,AX6281V,5,mlp_opt_0001,6.18,4.0,2454.28,0.0036,9165.1
MAR_h,AX6281V,20,mean,8.27,7.0,321.24,0.0005,3213.96
MAR_h,AX6281V,20,reg_opt_00001,10.59,8.0,572.58,0.0008,3981.61
MAR_h,AX6281V,20,tree_gp_10000,12.5,9.0,653.13,0.001,4248.99
MAR_h,AX6281V,20,mlp_opt_0001,22.24,18.0,2353.83,0.0035,9029.45
MAR_h,AX6281V,15,mean,8.09,8.0,318.34,0.0005,3213.79
MAR_h,AX6281V,15,reg_opt_00001,9.37,7.0,523.3,0.0008,4005.77
MAR_h,AX6281V,15,tree_gp_10000,10.53,8.0,639.85,0.0009,4406.52
MAR_h,AX6281V,15,mlp_opt_0001,9.94,7.0,2436.92,0.0036,9075.89
MAR_h,AX6281V,25,mean,9.22,7.0,348.19,0.0005,3214.12
MAR_h,AX6281V,25,reg_opt_00001,11.65,8.0,502.16,0.0007,3957.34
MAR_h,AX6281V,25,tree_gp_10000,20.36,16.0,638.62,0.0009,4194.44
MAR_h,AX6281V,25,mlp_opt_0001,11.24,8.0,2412.38,0.0036,8989.81
MAR_h,AX6281V,10,mean,8.16,8.0,332.76,0.0005,3213.62
MAR_h,AX6281V,10,reg_opt_00001,6.83,5.0,592.33,0.0009,4034.17
MAR_h,AX6281V,10,tree_gp_10000,8.28,5.0,689.37,0.001,4464.02
MAR_h,AX6281V,10,mlp_opt_0001,7.63,5.0,2541.49,0.0037,9119.38
MAR_h,AYWIEKR,5,mean,6.96,6.0,454.26,0.0005,4100.51
MAR_h,AYWIEKR,5,reg_opt_00001,4.31,3.0,720.21,0.0008,5183.05
MAR_h,AYWIEKR,5,tree_gp_10000,5.8,4.0,902.33,0.001,5720.76
MAR_h,AYWIEKR,5,mlp_opt_0001,5.73,5.0,3172.16,0.0037,11697.68
MAR_h,AYWIEKR,10,mean,7.46,7.0,408.18,0.0005,4100.74
MAR_h,AYWIEKR,10,reg_opt_00001,10.4,8.0,673.99,0.0008,5146.45
MAR_h,AYWIEKR,10,tree_gp_10000,13.13,10.0,871.11,0.001,5699.26
MAR_h,AYWIEKR,10,mlp_opt_0001,9.54,10.0,3146.64,0.0036,11637.12
MAR_h,AYWIEKR,25,mean,7.32,6.0,407.2,0.0005,4101.38
MAR_h,AYWIEKR,25,reg_opt_00001,11.56,10.0,716.14,0.0008,5047.81
MAR_h,AYWIEKR,25,tree_gp_10000,11.61,10.0,794.85,0.0009,5392.96
MAR_h,AYWIEKR,25,mlp_opt_0001,11.89,11.0,3064.85,0.0035,11473.02
MAR_h,AYWIEKR,15,mean,7.34,6.0,442.72,0.0005,4100.97
MAR_h,AYWIEKR,15,reg_opt_00001,8.2,7.0,744.46,0.0009,5113.46
MAR_h,AYWIEKR,15,tree_gp_10000,9.54,8.0,854.37,0.001,5609.47
MAR_h,AYWIEKR,15,mlp_opt_0001,9.69,9.0,3183.54,0.0037,11579.98
MAR_h,AYWIEKR,20,mean,7.14,6.0,434.06,0.0005,4101.18
MAR_h,AYWIEKR,20,reg_opt_00001,10.19,8.0,728.12,0.0008,5077.85
MAR_h,AYWIEKR,20,tree_gp_10000,16.06,12.0,861.65,0.001,5453.03
MAR_h,AYWIEKR,20,mlp_opt_0001,10.82,10.0,3152.49,0.0036,11524.69
MAR_h,ATHKM6V,15,mean,6.11,5.0,207.28,0.0005,2174.32
MAR_h,ATHKM6V,15,reg_opt_00001,6.9,5.0,388.18,0.0008,2711.15
MAR_h,ATHKM6V,15,tree_gp_10000,9.93,6.0,464.97,0.001,2960.24
MAR_h,ATHKM6V,15,mlp_opt_0001,7.27,5.0,1639.17,0.0036,6139.7
MAR_h,ATHKM6V,5,mean,5.57,5.0,200.38,0.0004,2174.08
MAR_h,ATHKM6V,5,reg_opt_00001,4.67,3.0,421.19,0.0009,2748.54
MAR_h,ATHKM6V,5,tree_gp_10000,5.02,3.0,503.12,0.0011,2902.05
MAR_h,ATHKM6V,5,mlp_opt_0001,5.98,3.0,1690.79,0.0037,6202.16
MAR_h,ATHKM6V,10,mean,6.1,5.0,225.36,0.0005,2174.21
MAR_h,ATHKM6V,10,reg_opt_00001,6.82,5.0,422.0,0.0009,2729.36
MAR_h,ATHKM6V,10,tree_gp_10000,7.94,7.0,439.95,0.001,2903.18
MAR_h,ATHKM6V,10,mlp_opt_0001,6.47,5.0,1700.07,0.0037,6170.18
MAR_h,ATHKM6V,20,mean,6.19,5.0,217.38,0.0005,2174.44
MAR_h,ATHKM6V,20,reg_opt_00001,8.91,7.0,376.0,0.0008,2693.84
MAR_h,ATHKM6V,20,tree_gp_10000,10.33,8.0,448.85,0.001,2869.34
MAR_h,ATHKM6V,20,mlp_opt_0001,8.81,7.0,1655.94,0.0036,6111.31
MAR_h,ATHKM6V,25,mean,6.38,5.0,224.18,0.0005,2174.54
MAR_h,ATHKM6V,25,reg_opt_00001,8.21,6.0,352.81,0.0008,2677.1
MAR_h,ATHKM6V,25,tree_gp_10000,13.83,11.0,433.14,0.0009,2813.61
MAR_h,ATHKM6V,25,mlp_opt_0001,7.87,6.0,1643.02,0.0036,6082.55
MAR_h,AFPB8J2,15,mean,8.06,6.0,397.0,0.0005,3600.75
MAR_h,AFPB8J2,15,reg_opt_00001,8.53,6.0,616.06,0.0008,4489.74
MAR_h,AFPB8J2,15,tree_gp_10000,16.59,14.0,727.2,0.001,4906.41
MAR_h,AFPB8J2,15,mlp_opt_0001,8.46,7.0,2696.06,0.0035,10166.56
MAR_h,AFPB8J2,5,mean,7.51,6.0,366.73,0.0005,3600.35
MAR_h,AFPB8J2,5,reg_opt_00001,7.55,6.0,660.57,0.0009,4551.67
MAR_h,AFPB8J2,5,tree_gp_10000,13.12,13.0,794.83,0.001,4877.27
MAR_h,AFPB8J2,5,mlp_opt_0001,7.93,7.0,2817.49,0.0037,10271.84
MAR_h,AFPB8J2,25,mean,9.29,6.0,364.58,0.0005,3601.12
MAR_h,AFPB8J2,25,reg_opt_00001,10.76,9.0,570.76,0.0007,4433.87
MAR_h,AFPB8J2,25,tree_gp_10000,12.9,11.0,729.79,0.001,4762.85
MAR_h,AFPB8J2,25,mlp_opt_0001,10.02,8.0,2688.08,0.0035,10069.15
MAR_h,AFPB8J2,10,mean,7.88,6.0,352.65,0.0005,3600.56
MAR_h,AFPB8J2,10,reg_opt_00001,9.56,8.0,587.63,0.0008,4519.91
MAR_h,AFPB8J2,10,tree_gp_10000,13.8,12.0,790.95,0.001,4847.39
MAR_h,AFPB8J2,10,mlp_opt_0001,7.87,6.0,2814.24,0.0037,10215.12
MAR_h,AFPB8J2,20,mean,8.63,6.0,368.61,0.0005,3600.94
MAR_h,AFPB8J2,20,reg_opt_00001,10.93,9.0,579.34,0.0008,4461.09
MAR_h,AFPB8J2,20,tree_gp_10000,12.51,10.0,718.68,0.0009,4781.93
MAR_h,AFPB8J2,20,mlp_opt_0001,9.43,8.0,2771.95,0.0036,10117.45
MAR_h,A0VFT1N,10,mean,9.12,8.0,449.15,0.0005,4135.94
MAR_h,A0VFT1N,10,reg_opt_00001,9.66,7.0,768.85,0.0009,5190.3
MAR_h,A0VFT1N,10,tree_gp_10000,38.4,33.0,899.29,0.001,5693.74
MAR_h,A0VFT1N,10,mlp_opt_0001,10.65,8.0,3160.52,0.0036,11736.71
MAR_h,A0VFT1N,5,mean,9.81,9.0,440.28,0.0005,4135.71
MAR_h,A0VFT1N,5,reg_opt_00001,7.44,5.0,790.16,0.0009,5226.61
MAR_h,A0VFT1N,5,tree_gp_10000,11.83,10.0,955.44,0.0011,5778.31
MAR_h,A0VFT1N,5,mlp_opt_0001,9.45,8.0,3236.04,0.0037,11798.84
MAR_h,A0VFT1N,15,mean,9.56,7.0,412.38,0.0005,4136.17
MAR_h,A0VFT1N,15,reg_opt_00001,10.5,8.0,743.7,0.0009,5156.31
MAR_h,A0VFT1N,15,tree_gp_10000,9.88,7.0,904.81,0.001,5556.11
MAR_h,A0VFT1N,15,mlp_opt_0001,11.1,9.0,3149.64,0.0036,11679.43
MAR_h,A0VFT1N,20,mean,9.47,7.0,434.58,0.0005,4136.38
MAR_h,A0VFT1N,20,reg_opt_00001,11.73,9.0,723.74,0.0008,5120.41
MAR_h,A0VFT1N,20,tree_gp_10000,14.64,12.0,864.27,0.001,5439.85
MAR_h,A0VFT1N,20,mlp_opt_0001,12.1,10.0,3142.41,0.0036,11624.14
MAR_h,A0VFT1N,25,mean,9.6,7.0,452.14,0.0005,4136.59
MAR_h,A0VFT1N,25,reg_opt_00001,14.6,12.0,701.25,0.0008,5089.6
MAR_h,A0VFT1N,25,tree_gp_10000,15.71,12.0,836.37,0.001,5429.23
MAR_h,A0VFT1N,25,mlp_opt_0001,13.45,11.0,3128.1,0.0036,11572.01
MAR_h,AURCTAK,10,mean,6.96,6.0,51.53,0.0004,564.54
MAR_h,AURCTAK,10,reg_opt_00001,7.8,7.0,92.55,0.0008,708.67
MAR_h,AURCTAK,10,tree_gp_10000,6.62,5.0,114.32,0.001,734.02
MAR_h,AURCTAK,10,mlp_opt_0001,6.55,5.0,419.18,0.0035,1602.29
MAR_h,AURCTAK,15,mean,6.99,6.0,53.16,0.0004,564.57
MAR_h,AURCTAK,15,reg_opt_00001,10.2,10.0,94.44,0.0008,703.94
MAR_h,AURCTAK,15,tree_gp_10000,8.51,7.0,112.45,0.0009,728.26
MAR_h,AURCTAK,15,mlp_opt_0001,9.02,8.0,419.7,0.0035,1594.4
MAR_h,AURCTAK,5,mean,7.12,6.0,65.48,0.0005,564.51
MAR_h,AURCTAK,5,reg_opt_00001,5.41,5.0,103.14,0.0009,713.67
MAR_h,AURCTAK,5,tree_gp_10000,5.4,5.0,122.1,0.001,739.3
MAR_h,AURCTAK,5,mlp_opt_0001,5.15,4.0,434.53,0.0036,1610.59
MAR_h,AURCTAK,25,mean,8.11,6.0,63.08,0.0005,564.63
MAR_h,AURCTAK,25,reg_opt_00001,16.4,14.0,84.95,0.0007,695.2
MAR_h,AURCTAK,25,tree_gp_10000,23.33,14.0,93.91,0.0008,717.06
MAR_h,AURCTAK,25,mlp_opt_0001,18.45,10.0,431.37,0.0036,1579.73
MAR_h,AURCTAK,20,mean,7.04,6.0,45.28,0.0004,564.6
MAR_h,AURCTAK,20,reg_opt_00001,13.95,13.0,94.6,0.0008,699.47
MAR_h,AURCTAK,20,tree_gp_10000,11.49,9.0,104.83,0.0009,722.7
MAR_h,AURCTAK,20,mlp_opt_0001,9.32,8.0,444.92,0.0037,1586.91
MAR_h,A36HR6Y,10,mean,8.43,7.0,203.08,0.0005,1968.35
MAR_h,A36HR6Y,10,reg_opt_00001,9.06,7.0,356.01,0.0009,2470.94
MAR_h,A36HR6Y,10,tree_gp_10000,10.35,8.0,432.65,0.001,2646.06
MAR_h,A36HR6Y,10,mlp_opt_0001,8.74,8.0,1509.3,0.0036,5585.15
MAR_h,A36HR6Y,25,mean,8.28,6.0,205.82,0.0005,1968.65
MAR_h,A36HR6Y,25,reg_opt_00001,10.9,9.0,335.29,0.0008,2423.9
MAR_h,A36HR6Y,25,tree_gp_10000,12.56,10.0,380.06,0.0009,2600.87
MAR_h,A36HR6Y,25,mlp_opt_0001,9.67,8.0,1457.62,0.0035,5508.09
MAR_h,A36HR6Y,15,mean,8.24,6.0,212.51,0.0005,1968.45
MAR_h,A36HR6Y,15,reg_opt_00001,8.6,7.0,349.71,0.0008,2454.44
MAR_h,A36HR6Y,15,tree_gp_10000,13.52,13.0,413.19,0.001,2574.59
MAR_h,A36HR6Y,15,mlp_opt_0001,8.88,7.0,1532.9,0.0037,5556.34
MAR_h,A36HR6Y,5,mean,9.24,8.0,219.81,0.0005,1968.23
MAR_h,A36HR6Y,5,reg_opt_00001,7.83,6.0,376.0,0.0009,2487.88
MAR_h,A36HR6Y,5,tree_gp_10000,8.9,6.0,423.37,0.001,2638.47
MAR_h,A36HR6Y,5,mlp_opt_0001,8.48,7.0,1585.1,0.0038,5615.22
MAR_h,A36HR6Y,20,mean,8.02,6.0,218.01,0.0005,1968.56
MAR_h,A36HR6Y,20,reg_opt_00001,9.7,7.0,349.22,0.0008,2438.07
MAR_h,A36HR6Y,20,tree_gp_10000,11.45,9.0,396.07,0.001,2552.23
MAR_h,A36HR6Y,20,mlp_opt_0001,9.32,8.0,1554.08,0.0037,5530.89
MAR_h,A4E0D03,25,mean,9.07,7.0,370.7,0.0005,3485.55
MAR_h,A4E0D03,25,reg_opt_00001,12.08,10.0,621.95,0.0008,4291.57
MAR_h,A4E0D03,25,tree_gp_10000,11.56,9.0,692.94,0.0009,4637.17
MAR_h,A4E0D03,25,mlp_opt_0001,10.29,9.0,2566.39,0.0035,9749.78
MAR_h,A4E0D03,10,mean,8.01,7.0,340.41,0.0005,3485.01
MAR_h,A4E0D03,10,reg_opt_00001,8.91,7.0,654.39,0.0009,4374.86
MAR_h,A4E0D03,10,tree_gp_10000,10.08,8.0,697.93,0.0009,4665.65
MAR_h,A4E0D03,10,mlp_opt_0001,8.64,7.0,2684.02,0.0036,9886.54
MAR_h,A4E0D03,5,mean,8.51,7.0,358.03,0.0005,3484.81
MAR_h,A4E0D03,5,reg_opt_00001,8.38,6.0,634.24,0.0009,4405.59
MAR_h,A4E0D03,5,tree_gp_10000,28.47,26.0,734.01,0.001,4779.9
MAR_h,A4E0D03,5,mlp_opt_0001,8.07,7.0,2723.19,0.0037,9940.28
MAR_h,A4E0D03,20,mean,8.48,7.0,325.22,0.0004,3485.38
MAR_h,A4E0D03,20,reg_opt_00001,10.78,9.0,635.98,0.0009,4317.67
MAR_h,A4E0D03,20,tree_gp_10000,10.98,9.0,666.84,0.0009,4643.96
MAR_h,A4E0D03,20,mlp_opt_0001,10.19,9.0,2614.89,0.0035,9794.96
MAR_h,A4E0D03,15,mean,8.09,6.0,358.29,0.0005,3485.2
MAR_h,A4E0D03,15,reg_opt_00001,10.33,8.0,616.83,0.0008,4345.66
MAR_h,A4E0D03,15,tree_gp_10000,11.3,8.0,656.72,0.0009,4730.6
MAR_h,A4E0D03,15,mlp_opt_0001,9.75,8.0,2654.18,0.0036,9839.22
MAR_h,AJMQUVV,15,mean,10.03,8.0,448.45,0.0005,4243.2
MAR_h,AJMQUVV,15,reg_opt_00001,9.53,7.0,790.11,0.0009,5291.23
MAR_h,AJMQUVV,15,tree_gp_10000,11.48,8.0,926.49,0.001,5780.22
MAR_h,AJMQUVV,15,mlp_opt_0001,9.22,7.0,3195.68,0.0036,11980.82
MAR_h,AJMQUVV,20,mean,10.46,8.0,445.58,0.0005,4243.42
MAR_h,AJMQUVV,20,reg_opt_00001,10.9,8.0,745.5,0.0008,5255.78
MAR_h,AJMQUVV,20,tree_gp_10000,12.86,10.0,860.3,0.001,5749.33
MAR_h,AJMQUVV,20,mlp_opt_0001,9.68,8.0,3175.63,0.0035,11917.76
MAR_h,AJMQUVV,25,mean,10.88,9.0,436.94,0.0005,4243.63
MAR_h,AJMQUVV,25,reg_opt_00001,11.76,10.0,727.66,0.0008,5225.37
MAR_h,AJMQUVV,25,tree_gp_10000,13.85,11.0,859.79,0.001,5668.89
MAR_h,AJMQUVV,25,mlp_opt_0001,10.32,9.0,3178.22,0.0035,11871.41
MAR_h,AJMQUVV,10,mean,9.72,8.0,471.55,0.0005,4242.97
MAR_h,AJMQUVV,10,reg_opt_00001,9.56,7.0,773.58,0.0009,5326.83
MAR_h,AJMQUVV,10,tree_gp_10000,10.78,8.0,912.17,0.001,5812.31
MAR_h,AJMQUVV,10,mlp_opt_0001,8.54,7.0,3306.94,0.0037,12040.36
MAR_h,AJMQUVV,5,mean,10.1,9.0,439.19,0.0005,4245.53
MAR_h,AJMQUVV,5,reg_opt_00001,8.58,6.0,747.8,0.0008,5367.33
MAR_h,AJMQUVV,5,tree_gp_10000,10.71,7.0,894.67,0.001,5722.69
MAR_h,AJMQUVV,5,mlp_opt_0001,8.84,6.0,3378.92,0.0038,12107.44
MAR_h,A4G0044,10,mean,11.02,12.0,66.74,0.0005,587.52
MAR_h,A4G0044,10,reg_opt_00001,8.26,8.0,102.14,0.0008,737.54
MAR_h,A4G0044,10,tree_gp_10000,5.67,4.0,106.64,0.0009,763.72
MAR_h,A4G0044,10,mlp_opt_0001,13.25,14.0,439.53,0.0035,1667.49
MAR_h,A4G0044,20,mean,9.44,9.0,64.48,0.0005,587.58
MAR_h,A4G0044,20,reg_opt_00001,12.77,12.0,104.11,0.0008,727.94
MAR_h,A4G0044,20,tree_gp_10000,9.53,7.0,113.61,0.0009,751.87
MAR_h,A4G0044,20,mlp_opt_0001,11.85,12.0,445.42,0.0036,1651.08
MAR_h,A4G0044,5,mean,10.77,12.0,67.21,0.0005,587.48
MAR_h,A4G0044,5,reg_opt_00001,3.09,2.0,96.63,0.0008,742.72
MAR_h,A4G0044,5,tree_gp_10000,3.18,2.0,120.52,0.001,769.35
MAR_h,A4G0044,5,mlp_opt_0001,11.62,12.0,469.5,0.0038,1675.89
MAR_h,A4G0044,25,mean,9.07,8.0,60.46,0.0005,587.61
MAR_h,A4G0044,25,reg_opt_00001,14.3,13.0,90.73,0.0007,723.13
MAR_h,A4G0044,25,tree_gp_10000,12.05,10.0,104.09,0.0008,746.9
MAR_h,A4G0044,25,mlp_opt_0001,11.74,11.0,442.75,0.0036,1643.54
MAR_h,A4G0044,15,mean,10.18,10.0,58.64,0.0005,587.55
MAR_h,A4G0044,15,reg_opt_00001,10.61,10.0,101.35,0.0008,732.61
MAR_h,A4G0044,15,tree_gp_10000,8.64,6.0,119.59,0.001,757.29
MAR_h,A4G0044,15,mlp_opt_0001,12.08,12.0,461.69,0.0037,1659.29
MAR_h,AIFDJZB,5,mean,10.48,10.0,646.19,0.0005,5891.71
MAR_h,AIFDJZB,5,reg_opt_00001,11.44,8.0,1060.92,0.0009,7445.99
MAR_h,AIFDJZB,5,tree_gp_10000,13.28,9.0,1285.65,0.001,8272.77
MAR_h,AIFDJZB,5,mlp_opt_0001,12.33,7.0,4564.23,0.0037,16808.4
MAR_h,AIFDJZB,10,mean,11.01,10.0,617.4,0.0005,5892.05
MAR_h,AIFDJZB,10,reg_opt_00001,13.59,10.0,1029.23,0.0008,7394.96
MAR_h,AIFDJZB,10,tree_gp_10000,17.4,13.0,1274.86,0.001,8289.22
MAR_h,AIFDJZB,10,mlp_opt_0001,14.54,10.0,4557.92,0.0037,16719.89
MAR_h,AIFDJZB,20,mean,12.41,10.0,630.83,0.0005,5892.68
MAR_h,AIFDJZB,20,reg_opt_00001,16.62,12.0,1014.3,0.0008,7295.65
MAR_h,AIFDJZB,20,tree_gp_10000,12.77,7.0,1209.36,0.001,8054.8
MAR_h,AIFDJZB,20,mlp_opt_0001,17.2,11.0,4440.15,0.0036,16559.29
MAR_h,AIFDJZB,25,mean,12.95,10.0,598.09,0.0005,5892.97
MAR_h,AIFDJZB,25,reg_opt_00001,14.51,9.0,1004.09,0.0008,7251.02
MAR_h,AIFDJZB,25,tree_gp_10000,16.46,11.0,1225.49,0.001,7950.29
MAR_h,AIFDJZB,25,mlp_opt_0001,15.6,10.0,4383.68,0.0035,16482.63
MAR_h,AIFDJZB,15,mean,11.74,10.0,602.29,0.0005,5892.37
MAR_h,AIFDJZB,15,reg_opt_00001,14.58,10.0,1059.69,0.0009,7341.25
MAR_h,AIFDJZB,15,tree_gp_10000,18.52,13.0,1218.08,0.001,8235.35
MAR_h,AIFDJZB,15,mlp_opt_0001,15.29,10.0,4526.91,0.0036,16637.24
MAR_h,AQC0L71,25,mean,7.83,6.0,260.8,0.0005,2442.07
MAR_h,AQC0L71,25,reg_opt_00001,10.68,9.0,408.58,0.0008,3006.47
MAR_h,AQC0L71,25,tree_gp_10000,14.03,12.0,477.15,0.0009,3232.13
MAR_h,AQC0L71,25,mlp_opt_0001,9.1,8.0,1774.14,0.0034,6831.25
MAR_h,AQC0L71,15,mean,6.32,5.0,261.69,0.0005,2441.83
MAR_h,AQC0L71,15,reg_opt_00001,8.63,6.0,413.91,0.0008,3044.69
MAR_h,AQC0L71,15,tree_gp_10000,11.15,7.0,511.28,0.001,3205.79
MAR_h,AQC0L71,15,mlp_opt_0001,8.88,8.0,1831.25,0.0035,6894.91
MAR_h,AQC0L71,20,mean,7.23,5.0,250.6,0.0005,2441.95
MAR_h,AQC0L71,20,reg_opt_00001,11.41,10.0,423.45,0.0008,3024.82
MAR_h,AQC0L71,20,tree_gp_10000,14.87,12.0,464.13,0.0009,3228.37
MAR_h,AQC0L71,20,mlp_opt_0001,9.57,8.0,1834.5,0.0036,6863.21
MAR_h,AQC0L71,10,mean,5.59,4.0,269.51,0.0005,2441.69
MAR_h,AQC0L71,10,reg_opt_00001,6.48,4.0,400.89,0.0008,3065.03
MAR_h,AQC0L71,10,tree_gp_10000,7.98,5.0,490.19,0.0009,3238.16
MAR_h,AQC0L71,10,mlp_opt_0001,6.87,6.0,1927.62,0.0037,6927.13
MAR_h,AQC0L71,5,mean,5.16,4.0,236.6,0.0005,2441.55
MAR_h,AQC0L71,5,reg_opt_00001,4.66,3.0,377.33,0.0007,3086.68
MAR_h,AQC0L71,5,tree_gp_10000,6.25,4.0,555.56,0.0011,3264.06
MAR_h,AQC0L71,5,mlp_opt_0001,4.98,4.0,1975.9,0.0038,6964.04
MAR_h,A7EM0B6,20,mean,7.67,6.0,309.87,0.0005,3038.3
MAR_h,A7EM0B6,20,reg_opt_00001,9.19,7.0,484.0,0.0008,3763.75
MAR_h,A7EM0B6,20,tree_gp_10000,14.25,11.0,608.66,0.0009,3961.95
MAR_h,A7EM0B6,20,mlp_opt_0001,9.86,7.0,2277.09,0.0035,8538.18
MAR_h,A7EM0B6,15,mean,7.59,6.0,298.88,0.0005,3038.15
MAR_h,A7EM0B6,15,reg_opt_00001,7.71,6.0,528.58,0.0008,3788.24
MAR_h,A7EM0B6,15,tree_gp_10000,9.17,7.0,638.01,0.001,4003.66
MAR_h,A7EM0B6,15,mlp_opt_0001,6.85,5.0,2313.74,0.0036,8577.88
MAR_h,A7EM0B6,25,mean,7.82,6.0,301.97,0.0005,3038.45
MAR_h,A7EM0B6,25,reg_opt_00001,9.19,7.0,504.55,0.0008,3739.69
MAR_h,A7EM0B6,25,tree_gp_10000,11.81,9.0,590.41,0.0009,3993.65
MAR_h,A7EM0B6,25,mlp_opt_0001,9.45,7.0,2264.56,0.0035,8498.77
MAR_h,A7EM0B6,5,mean,7.16,6.0,319.82,0.0005,3037.81
MAR_h,A7EM0B6,5,reg_opt_00001,6.43,5.0,576.27,0.0009,3840.48
MAR_h,A7EM0B6,5,tree_gp_10000,8.9,7.0,651.06,0.001,4262.58
MAR_h,A7EM0B6,5,mlp_opt_0001,6.3,5.0,2420.48,0.0038,8667.12
MAR_h,A7EM0B6,10,mean,7.52,6.0,300.55,0.0005,3037.98
MAR_h,A7EM0B6,10,reg_opt_00001,9.09,8.0,573.13,0.0009,3813.69
MAR_h,A7EM0B6,10,tree_gp_10000,12.09,10.0,599.68,0.0009,4190.89
MAR_h,A7EM0B6,10,mlp_opt_0001,7.15,6.0,2405.92,0.0037,8622.28
MNAR_l,A1ZJ41O,5,mean,18.57,18.0,395.04,0.0005,3778.79
MNAR_l,A1ZJ41O,5,reg_opt_00001,7.24,6.0,674.28,0.0008,4777.81
MNAR_l,A1ZJ41O,5,tree_gp_10000,7.04,6.0,864.26,0.0011,5199.34
MNAR_l,A1ZJ41O,5,mlp_opt_0001,9.69,9.0,2893.0,0.0036,10799.64
MNAR_l,A1ZJ41O,15,mean,17.3,17.0,429.27,0.0005,3779.21
MNAR_l,A1ZJ41O,15,reg_opt_00001,8.47,7.0,678.68,0.0008,4712.93
MNAR_l,A1ZJ41O,15,tree_gp_10000,8.13,7.0,768.69,0.001,5208.5
MNAR_l,A1ZJ41O,15,mlp_opt_0001,10.52,10.0,2823.73,0.0035,10694.05
MNAR_l,A1ZJ41O,25,mean,16.94,16.0,371.0,0.0005,3779.59
MNAR_l,A1ZJ41O,25,reg_opt_00001,9.69,8.0,668.0,0.0008,4653.43
MNAR_l,A1ZJ41O,25,tree_gp_10000,9.43,8.0,767.71,0.001,5192.29
MNAR_l,A1ZJ41O,25,mlp_opt_0001,11.47,11.0,2769.19,0.0035,10592.94
MNAR_l,A1ZJ41O,20,mean,16.94,16.0,358.62,0.0004,3779.41
MNAR_l,A1ZJ41O,20,reg_opt_00001,9.02,8.0,655.66,0.0008,4683.34
MNAR_l,A1ZJ41O,20,tree_gp_10000,8.79,8.0,797.01,0.001,5185.74
MNAR_l,A1ZJ41O,20,mlp_opt_0001,10.99,10.0,2837.45,0.0036,10641.62
MNAR_l,A1ZJ41O,10,mean,17.68,17.0,361.27,0.0005,3779.01
MNAR_l,A1ZJ41O,10,reg_opt_00001,8.05,7.0,664.84,0.0008,4743.91
MNAR_l,A1ZJ41O,10,tree_gp_10000,7.72,7.0,814.31,0.001,5211.73
MNAR_l,A1ZJ41O,10,mlp_opt_0001,10.13,10.0,2984.62,0.0037,10746.35
MNAR_l,AKXN5ZZ,15,mean,18.2,18.0,400.91,0.0005,3917.11
MNAR_l,AKXN5ZZ,15,reg_opt_00001,7.88,7.0,693.42,0.0008,4884.5
MNAR_l,AKXN5ZZ,15,tree_gp_10000,7.51,7.0,797.75,0.001,5507.03
MNAR_l,AKXN5ZZ,15,mlp_opt_0001,9.71,9.0,2911.63,0.0035,11084.49
MNAR_l,AKXN5ZZ,20,mean,17.9,18.0,410.74,0.0005,3917.32
MNAR_l,AKXN5ZZ,20,reg_opt_00001,8.63,8.0,630.45,0.0008,4853.76
MNAR_l,AKXN5ZZ,20,tree_gp_10000,8.31,7.0,802.88,0.001,5358.12
MNAR_l,AKXN5ZZ,20,mlp_opt_0001,10.44,10.0,2892.86,0.0035,11031.25
MNAR_l,AKXN5ZZ,25,mean,17.87,17.0,401.29,0.0005,3917.51
MNAR_l,AKXN5ZZ,25,reg_opt_00001,9.49,9.0,675.17,0.0008,4823.64
MNAR_l,AKXN5ZZ,25,tree_gp_10000,9.11,8.0,779.06,0.0009,5458.41
MNAR_l,AKXN5ZZ,25,mlp_opt_0001,11.11,11.0,2842.2,0.0034,10981.75
MNAR_l,AKXN5ZZ,5,mean,19.0,19.0,408.63,0.0005,3916.67
MNAR_l,AKXN5ZZ,5,reg_opt_00001,6.22,6.0,730.96,0.0009,4952.22
MNAR_l,AKXN5ZZ,5,tree_gp_10000,6.16,5.0,867.91,0.001,5256.42
MNAR_l,AKXN5ZZ,5,mlp_opt_0001,8.39,8.0,3074.92,0.0037,11197.52
MNAR_l,AKXN5ZZ,10,mean,18.57,18.0,397.28,0.0005,3916.9
MNAR_l,AKXN5ZZ,10,reg_opt_00001,7.11,7.0,674.68,0.0008,4918.0
MNAR_l,AKXN5ZZ,10,tree_gp_10000,6.76,6.0,764.9,0.0009,5299.82
MNAR_l,AKXN5ZZ,10,mlp_opt_0001,8.96,9.0,3035.13,0.0037,11139.78
MNAR_l,AAXAA7Z,20,mean,19.71,20.0,279.91,0.0004,2955.5
MNAR_l,AAXAA7Z,20,reg_opt_00001,7.85,6.0,484.49,0.0008,3662.76
MNAR_l,AAXAA7Z,20,tree_gp_10000,8.22,6.0,599.46,0.001,3872.33
MNAR_l,AAXAA7Z,20,mlp_opt_0001,10.69,9.0,2126.06,0.0034,8319.77
MNAR_l,AAXAA7Z,25,mean,20.17,20.0,273.78,0.0004,2955.62
MNAR_l,AAXAA7Z,25,reg_opt_00001,8.59,7.0,492.91,0.0008,3639.62
MNAR_l,AAXAA7Z,25,tree_gp_10000,8.66,7.0,528.36,0.0008,3865.09
MNAR_l,AAXAA7Z,25,mlp_opt_0001,11.1,10.0,2110.47,0.0034,8283.98
MNAR_l,AAXAA7Z,10,mean,19.15,19.0,306.84,0.0005,2955.18
MNAR_l,AAXAA7Z,10,reg_opt_00001,7.02,5.0,511.85,0.0008,3710.66
MNAR_l,AAXAA7Z,10,tree_gp_10000,6.93,5.0,602.29,0.001,4026.01
MNAR_l,AAXAA7Z,10,mlp_opt_0001,4.36,4.0,2224.32,0.0036,8403.79
MNAR_l,AAXAA7Z,5,mean,19.16,19.0,313.01,0.0005,2955.01
MNAR_l,AAXAA7Z,5,reg_opt_00001,6.32,4.0,545.57,0.0009,3736.48
MNAR_l,AAXAA7Z,5,tree_gp_10000,5.99,4.0,587.4,0.0009,4196.29
MNAR_l,AAXAA7Z,5,mlp_opt_0001,3.53,3.0,2323.35,0.0037,8447.18
MNAR_l,AAXAA7Z,15,mean,19.34,19.0,274.08,0.0004,2955.34
MNAR_l,AAXAA7Z,15,reg_opt_00001,7.38,5.0,513.31,0.0008,3685.33
MNAR_l,AAXAA7Z,15,tree_gp_10000,7.84,6.0,598.44,0.001,3932.97
MNAR_l,AAXAA7Z,15,mlp_opt_0001,4.84,4.0,2243.44,0.0036,8363.02
MNAR_l,AA2KP1S,15,mean,15.76,15.0,399.88,0.0005,3811.84
MNAR_l,AA2KP1S,15,reg_opt_00001,10.9,9.0,608.17,0.0008,4752.88
MNAR_l,AA2KP1S,15,tree_gp_10000,10.61,9.0,768.3,0.001,5329.17
MNAR_l,AA2KP1S,15,mlp_opt_0001,13.99,13.0,2788.82,0.0035,10785.88
MNAR_l,AA2KP1S,10,mean,16.3,16.0,379.22,0.0005,3811.85
MNAR_l,AA2KP1S,10,reg_opt_00001,10.2,9.0,691.47,0.0009,4785.88
MNAR_l,AA2KP1S,10,tree_gp_10000,10.46,9.0,763.03,0.0009,5176.3
MNAR_l,AA2KP1S,10,mlp_opt_0001,6.43,5.0,2835.97,0.0035,10839.24
MNAR_l,AA2KP1S,5,mean,17.16,17.0,365.51,0.0005,3811.7
MNAR_l,AA2KP1S,5,reg_opt_00001,9.4,7.0,725.18,0.0009,4818.96
MNAR_l,AA2KP1S,5,tree_gp_10000,9.6,8.0,868.54,0.0011,5233.11
MNAR_l,AA2KP1S,5,mlp_opt_0001,12.81,12.0,2972.41,0.0037,10896.37
MNAR_l,AA2KP1S,20,mean,15.66,15.0,394.88,0.0005,3811.58
MNAR_l,AA2KP1S,20,reg_opt_00001,11.2,10.0,635.44,0.0008,4722.36
MNAR_l,AA2KP1S,20,tree_gp_10000,10.92,9.0,763.03,0.0009,5039.57
MNAR_l,AA2KP1S,20,mlp_opt_0001,14.99,13.0,2841.41,0.0035,10734.08
MNAR_l,AA2KP1S,25,mean,15.77,15.0,347.36,0.0004,3811.65
MNAR_l,AA2KP1S,25,reg_opt_00001,11.52,10.0,675.64,0.0008,4693.72
MNAR_l,AA2KP1S,25,tree_gp_10000,11.07,9.0,780.32,0.001,5145.7
MNAR_l,AA2KP1S,25,mlp_opt_0001,14.05,13.0,2808.88,0.0035,10684.26
MNAR_l,APGIB2T,15,mean,16.01,15.0,80.14,0.0005,721.44
MNAR_l,APGIB2T,15,reg_opt_00001,8.1,7.0,134.58,0.0009,899.94
MNAR_l,APGIB2T,15,tree_gp_10000,9.37,8.0,157.43,0.001,935.42
MNAR_l,APGIB2T,15,mlp_opt_0001,12.04,12.0,505.25,0.0033,2041.53
MNAR_l,APGIB2T,25,mean,15.64,15.0,61.42,0.0004,721.51
MNAR_l,APGIB2T,25,reg_opt_00001,8.88,8.0,96.86,0.0006,888.62
MNAR_l,APGIB2T,25,tree_gp_10000,9.68,8.0,137.93,0.0009,925.29
MNAR_l,APGIB2T,25,mlp_opt_0001,12.7,12.0,507.31,0.0033,2022.66
MNAR_l,APGIB2T,10,mean,16.65,16.0,56.97,0.0004,721.4
MNAR_l,APGIB2T,10,reg_opt_00001,7.89,7.0,131.53,0.0009,905.59
MNAR_l,APGIB2T,10,tree_gp_10000,9.53,8.0,117.85,0.0008,942.38
MNAR_l,APGIB2T,10,mlp_opt_0001,11.73,12.0,543.06,0.0036,2051.65
MNAR_l,APGIB2T,5,mean,17.65,17.0,66.04,0.0004,721.36
MNAR_l,APGIB2T,5,reg_opt_00001,7.8,7.0,136.77,0.0009,912.11
MNAR_l,APGIB2T,5,tree_gp_10000,9.15,8.0,149.23,0.001,946.63
MNAR_l,APGIB2T,5,mlp_opt_0001,11.23,11.0,570.76,0.0037,2061.07
MNAR_l,APGIB2T,20,mean,15.87,15.0,66.4,0.0004,721.48
MNAR_l,APGIB2T,20,reg_opt_00001,8.46,8.0,128.86,0.0008,894.29
MNAR_l,APGIB2T,20,tree_gp_10000,9.53,8.0,150.31,0.001,931.71
MNAR_l,APGIB2T,20,mlp_opt_0001,12.39,12.0,566.7,0.0037,2031.55
MNAR_l,AHYIJDV,10,mean,16.79,17.0,355.87,0.0005,3258.74
MNAR_l,AHYIJDV,10,reg_opt_00001,7.13,7.0,600.55,0.0009,4089.88
MNAR_l,AHYIJDV,10,tree_gp_10000,7.96,7.0,654.14,0.0009,4501.94
MNAR_l,AHYIJDV,10,mlp_opt_0001,10.07,9.0,2444.71,0.0035,9266.22
MNAR_l,AHYIJDV,15,mean,16.89,17.0,348.19,0.0005,3258.9
MNAR_l,AHYIJDV,15,reg_opt_00001,7.82,7.0,589.47,0.0009,4063.87
MNAR_l,AHYIJDV,15,tree_gp_10000,8.54,8.0,679.79,0.001,4306.29
MNAR_l,AHYIJDV,15,mlp_opt_0001,11.71,10.0,2432.46,0.0035,9222.19
MNAR_l,AHYIJDV,20,mean,17.07,17.0,328.8,0.0005,3258.67
MNAR_l,AHYIJDV,20,reg_opt_00001,8.57,8.0,572.73,0.0008,4036.56
MNAR_l,AHYIJDV,20,tree_gp_10000,9.03,8.0,690.93,0.001,4352.68
MNAR_l,AHYIJDV,20,mlp_opt_0001,7.79,7.0,2418.37,0.0035,9176.49
MNAR_l,AHYIJDV,5,mean,16.8,18.0,315.63,0.0005,3258.55
MNAR_l,AHYIJDV,5,reg_opt_00001,6.14,6.0,551.86,0.0008,4120.17
MNAR_l,AHYIJDV,5,tree_gp_10000,7.13,6.0,701.47,0.001,4475.85
MNAR_l,AHYIJDV,5,mlp_opt_0001,5.28,4.0,2554.24,0.0037,9316.38
MNAR_l,AHYIJDV,25,mean,17.21,17.0,334.8,0.0005,3258.82
MNAR_l,AHYIJDV,25,reg_opt_00001,9.14,9.0,520.98,0.0008,4012.33
MNAR_l,AHYIJDV,25,tree_gp_10000,9.84,9.0,627.34,0.0009,4277.16
MNAR_l,AHYIJDV,25,mlp_opt_0001,13.25,11.0,2443.23,0.0035,9132.01
MNAR_l,ASFODQR,20,mean,27.14,27.0,708.03,0.0005,6746.94
MNAR_l,ASFODQR,20,reg_opt_00001,8.18,7.0,1141.44,0.0008,8359.52
MNAR_l,ASFODQR,20,tree_gp_10000,9.39,8.0,1412.94,0.001,9600.85
MNAR_l,ASFODQR,20,mlp_opt_0001,10.71,10.0,4896.25,0.0034,19000.25
MNAR_l,ASFODQR,25,mean,27.44,27.0,665.1,0.0005,6747.27
MNAR_l,ASFODQR,25,reg_opt_00001,9.08,8.0,1106.71,0.0008,8308.87
MNAR_l,ASFODQR,25,tree_gp_10000,10.26,8.0,1361.32,0.001,9038.45
MNAR_l,ASFODQR,25,mlp_opt_0001,12.08,11.0,4930.72,0.0035,18913.79
MNAR_l,ASFODQR,5,mean,27.41,27.0,647.93,0.0005,6745.84
MNAR_l,ASFODQR,5,reg_opt_00001,5.5,5.0,1180.45,0.0008,8528.12
MNAR_l,ASFODQR,5,tree_gp_10000,6.41,5.0,1470.95,0.001,9869.2
MNAR_l,ASFODQR,5,mlp_opt_0001,8.16,7.0,5206.01,0.0037,19285.7
MNAR_l,ASFODQR,10,mean,27.0,27.0,680.53,0.0005,6746.22
MNAR_l,ASFODQR,10,reg_opt_00001,6.42,6.0,1206.68,0.0008,8469.56
MNAR_l,ASFODQR,10,tree_gp_10000,7.15,6.0,1429.11,0.001,9667.05
MNAR_l,ASFODQR,10,mlp_opt_0001,8.96,8.0,5188.11,0.0036,19186.2
MNAR_l,ASFODQR,15,mean,26.98,27.0,665.48,0.0005,6746.59
MNAR_l,ASFODQR,15,reg_opt_00001,7.21,6.0,1204.15,0.0008,8411.64
MNAR_l,ASFODQR,15,tree_gp_10000,8.64,7.0,1404.62,0.001,9402.83
MNAR_l,ASFODQR,15,mlp_opt_0001,9.86,9.0,5136.72,0.0036,19090.39
MNAR_l,AUY8KYW,15,mean,20.18,20.0,443.66,0.0005,4394.99
MNAR_l,AUY8KYW,15,reg_opt_00001,8.86,8.0,795.34,0.0009,5480.92
MNAR_l,AUY8KYW,15,tree_gp_10000,8.75,8.0,882.65,0.001,6024.41
MNAR_l,AUY8KYW,15,mlp_opt_0001,10.03,9.0,3221.49,0.0035,12437.23
MNAR_l,AUY8KYW,20,mean,20.01,20.0,410.03,0.0004,4395.22
MNAR_l,AUY8KYW,20,reg_opt_00001,9.63,9.0,715.79,0.0008,5445.89
MNAR_l,AUY8KYW,20,tree_gp_10000,9.23,9.0,906.41,0.001,6112.52
MNAR_l,AUY8KYW,20,mlp_opt_0001,10.95,10.0,3229.79,0.0035,12374.91
MNAR_l,AUY8KYW,25,mean,20.31,20.0,440.66,0.0005,4395.43
MNAR_l,AUY8KYW,25,reg_opt_00001,10.46,10.0,706.54,0.0008,5413.27
MNAR_l,AUY8KYW,25,tree_gp_10000,9.92,9.0,905.73,0.001,6061.22
MNAR_l,AUY8KYW,25,mlp_opt_0001,11.97,11.0,3254.06,0.0035,12319.72
MNAR_l,AUY8KYW,5,mean,20.64,20.0,462.2,0.0005,4394.5
MNAR_l,AUY8KYW,5,reg_opt_00001,7.5,7.0,743.77,0.0008,5556.41
MNAR_l,AUY8KYW,5,tree_gp_10000,7.03,6.0,959.44,0.001,6206.81
MNAR_l,AUY8KYW,5,mlp_opt_0001,8.57,8.0,3464.45,0.0037,12562.98
MNAR_l,AUY8KYW,10,mean,20.36,20.0,439.01,0.0005,4394.75
MNAR_l,AUY8KYW,10,reg_opt_00001,8.22,7.0,780.06,0.0008,5517.34
MNAR_l,AUY8KYW,10,tree_gp_10000,7.84,7.0,942.68,0.001,6130.32
MNAR_l,AUY8KYW,10,mlp_opt_0001,9.26,8.0,3422.33,0.0037,12496.74
MNAR_l,A3OU183,20,mean,13.64,13.0,33.95,0.0005,355.39
MNAR_l,A3OU183,20,reg_opt_00001,8.94,8.0,61.74,0.0008,440.53
MNAR_l,A3OU183,20,tree_gp_10000,8.27,8.0,68.59,0.0009,453.02
MNAR_l,A3OU183,20,mlp_opt_0001,13.53,13.0,256.42,0.0034,1000.81
MNAR_l,A3OU183,25,mean,13.93,14.0,34.05,0.0005,355.4
MNAR_l,A3OU183,25,reg_opt_00001,9.58,9.0,62.98,0.0008,437.82
MNAR_l,A3OU183,25,tree_gp_10000,8.56,8.0,70.06,0.0009,449.78
MNAR_l,A3OU183,25,mlp_opt_0001,13.88,13.0,258.58,0.0034,996.03
MNAR_l,A3OU183,10,mean,14.19,14.0,34.86,0.0005,355.35
MNAR_l,A3OU183,10,reg_opt_00001,7.94,7.0,59.79,0.0008,446.29
MNAR_l,A3OU183,10,tree_gp_10000,7.61,7.0,73.47,0.001,460.21
MNAR_l,A3OU183,10,mlp_opt_0001,13.39,12.0,272.55,0.0036,1010.61
MNAR_l,A3OU183,5,mean,14.64,14.0,38.45,0.0005,355.33
MNAR_l,A3OU183,5,reg_opt_00001,7.63,7.0,56.38,0.0008,449.26
MNAR_l,A3OU183,5,tree_gp_10000,7.39,7.0,79.66,0.0011,463.93
MNAR_l,A3OU183,5,mlp_opt_0001,13.38,13.0,277.25,0.0037,1015.58
MNAR_l,A3OU183,15,mean,13.7,13.0,37.17,0.0005,355.37
MNAR_l,A3OU183,15,reg_opt_00001,8.43,8.0,63.73,0.0008,443.37
MNAR_l,A3OU183,15,tree_gp_10000,7.8,7.0,69.86,0.0009,456.49
MNAR_l,A3OU183,15,mlp_opt_0001,13.54,13.0,268.86,0.0036,1005.42
MNAR_l,AOYM4KG,15,mean,17.27,17.0,74.97,0.0005,693.7
MNAR_l,AOYM4KG,15,reg_opt_00001,11.25,9.0,100.7,0.0007,865.26
MNAR_l,AOYM4KG,15,tree_gp_10000,9.13,7.0,140.21,0.001,896.09
MNAR_l,AOYM4KG,15,mlp_opt_0001,6.41,4.0,488.18,0.0033,1962.95
MNAR_l,AOYM4KG,20,mean,17.66,17.0,67.61,0.0005,693.73
MNAR_l,AOYM4KG,20,reg_opt_00001,11.79,10.0,108.46,0.0007,859.88
MNAR_l,AOYM4KG,20,tree_gp_10000,9.51,7.0,139.8,0.001,890.33
MNAR_l,AOYM4KG,20,mlp_opt_0001,6.73,4.0,499.53,0.0034,1953.84
MNAR_l,AOYM4KG,5,mean,17.05,17.0,64.71,0.0004,693.62
MNAR_l,AOYM4KG,5,reg_opt_00001,9.3,7.0,126.28,0.0009,877.07
MNAR_l,AOYM4KG,5,tree_gp_10000,8.11,6.0,126.62,0.0009,908.65
MNAR_l,AOYM4KG,5,mlp_opt_0001,4.99,3.0,534.04,0.0036,1982.86
MNAR_l,AOYM4KG,25,mean,18.12,18.0,71.98,0.0005,693.77
MNAR_l,AOYM4KG,25,reg_opt_00001,12.46,11.0,116.71,0.0008,854.55
MNAR_l,AOYM4KG,25,tree_gp_10000,10.04,8.0,110.64,0.0008,887.02
MNAR_l,AOYM4KG,25,mlp_opt_0001,7.13,5.0,504.4,0.0034,1945.05
MNAR_l,AOYM4KG,10,mean,16.99,17.0,63.24,0.0004,693.66
MNAR_l,AOYM4KG,10,reg_opt_00001,10.43,8.0,114.49,0.0008,871.0
MNAR_l,AOYM4KG,10,tree_gp_10000,8.77,7.0,147.64,0.001,902.02
MNAR_l,AOYM4KG,10,mlp_opt_0001,5.79,4.0,537.71,0.0037,1972.29
MNAR_l,AV2GF3B,10,mean,18.15,18.0,38.97,0.0005,366.93
MNAR_l,AV2GF3B,10,reg_opt_00001,6.77,6.0,70.95,0.0009,460.69
MNAR_l,AV2GF3B,10,tree_gp_10000,7.42,7.0,61.69,0.0008,475.5
MNAR_l,AV2GF3B,10,mlp_opt_0001,13.5,13.0,264.66,0.0034,1043.57
MNAR_l,AV2GF3B,25,mean,18.01,18.0,36.95,0.0005,366.98
MNAR_l,AV2GF3B,25,reg_opt_00001,9.15,9.0,65.66,0.0008,451.87
MNAR_l,AV2GF3B,25,tree_gp_10000,10.12,9.0,72.09,0.0009,465.23
MNAR_l,AV2GF3B,25,mlp_opt_0001,15.3,14.0,259.96,0.0034,1028.6
MNAR_l,AV2GF3B,20,mean,18.12,18.0,28.94,0.0004,366.97
MNAR_l,AV2GF3B,20,reg_opt_00001,8.29,8.0,51.25,0.0007,454.75
MNAR_l,AV2GF3B,20,tree_gp_10000,9.22,9.0,72.69,0.0009,468.51
MNAR_l,AV2GF3B,20,mlp_opt_0001,15.17,14.0,265.23,0.0034,1033.46
MNAR_l,AV2GF3B,15,mean,18.1,18.0,40.45,0.0005,366.95
MNAR_l,AV2GF3B,15,reg_opt_00001,7.48,7.0,53.44,0.0007,457.7
MNAR_l,AV2GF3B,15,tree_gp_10000,8.3,8.0,78.92,0.001,471.96
MNAR_l,AV2GF3B,15,mlp_opt_0001,14.59,13.0,286.42,0.0037,1038.42
MNAR_l,AV2GF3B,5,mean,18.57,19.0,40.14,0.0005,366.91
MNAR_l,AV2GF3B,5,reg_opt_00001,6.23,6.0,71.29,0.0009,463.94
MNAR_l,AV2GF3B,5,tree_gp_10000,6.52,6.0,83.37,0.0011,479.17
MNAR_l,AV2GF3B,5,mlp_opt_0001,12.66,12.0,295.61,0.0038,1049.13
MNAR_l,A0NVTRV,10,mean,17.64,17.0,173.57,0.0005,1760.35
MNAR_l,A0NVTRV,10,reg_opt_00001,6.08,6.0,296.93,0.0008,2210.16
MNAR_l,A0NVTRV,10,tree_gp_10000,7.79,7.0,392.17,0.0011,2361.05
MNAR_l,A0NVTRV,10,mlp_opt_0001,8.39,8.0,1297.5,0.0035,5006.43
MNAR_l,A0NVTRV,5,mean,18.62,18.0,196.52,0.0005,1760.25
MNAR_l,A0NVTRV,5,reg_opt_00001,5.18,5.0,265.45,0.0007,2224.97
MNAR_l,A0NVTRV,5,tree_gp_10000,6.8,6.0,366.79,0.001,2344.95
MNAR_l,A0NVTRV,5,mlp_opt_0001,7.5,7.0,1339.62,0.0036,5032.53
MNAR_l,A0NVTRV,15,mean,17.03,17.0,185.49,0.0005,1760.44
MNAR_l,A0NVTRV,15,reg_opt_00001,6.49,6.0,289.06,0.0008,2194.64
MNAR_l,A0NVTRV,15,tree_gp_10000,7.71,7.0,353.12,0.0009,2301.28
MNAR_l,A0NVTRV,15,mlp_opt_0001,8.99,9.0,1322.79,0.0036,4981.49
MNAR_l,A0NVTRV,20,mean,16.93,17.0,188.35,0.0005,1760.54
MNAR_l,A0NVTRV,20,reg_opt_00001,7.13,7.0,304.1,0.0008,2181.34
MNAR_l,A0NVTRV,20,tree_gp_10000,8.05,7.0,356.98,0.001,2397.13
MNAR_l,A0NVTRV,20,mlp_opt_0001,9.69,9.0,1316.47,0.0035,4957.33
MNAR_l,A0NVTRV,25,mean,16.97,17.0,179.1,0.0005,1760.62
MNAR_l,A0NVTRV,25,reg_opt_00001,7.63,7.0,273.8,0.0007,2168.33
MNAR_l,A0NVTRV,25,tree_gp_10000,8.41,7.0,349.4,0.0009,2320.29
MNAR_l,A0NVTRV,25,mlp_opt_0001,10.18,10.0,1296.41,0.0035,4934.67
MNAR_l,A1K5DRI,10,mean,20.77,20.0,396.1,0.0004,4198.84
MNAR_l,A1K5DRI,10,reg_opt_00001,6.82,6.0,777.21,0.0009,5271.29
MNAR_l,A1K5DRI,10,tree_gp_10000,7.48,7.0,886.58,0.001,5695.12
MNAR_l,A1K5DRI,10,mlp_opt_0001,8.49,8.0,3196.95,0.0036,11939.75
MNAR_l,A1K5DRI,25,mean,20.51,20.0,422.11,0.0005,4199.5
MNAR_l,A1K5DRI,25,reg_opt_00001,9.2,9.0,723.69,0.0008,5170.66
MNAR_l,A1K5DRI,25,tree_gp_10000,9.8,9.0,839.8,0.0009,5683.35
MNAR_l,A1K5DRI,25,mlp_opt_0001,11.26,11.0,3089.86,0.0035,11772.13
MNAR_l,A1K5DRI,15,mean,20.63,20.0,420.66,0.0005,4199.07
MNAR_l,A1K5DRI,15,reg_opt_00001,7.41,7.0,721.28,0.0008,5234.36
MNAR_l,A1K5DRI,15,tree_gp_10000,8.18,7.0,832.69,0.0009,5710.91
MNAR_l,A1K5DRI,15,mlp_opt_0001,9.32,9.0,3205.63,0.0036,11879.86
MNAR_l,A1K5DRI,5,mean,21.34,21.0,427.64,0.0005,4198.6
MNAR_l,A1K5DRI,5,reg_opt_00001,6.15,6.0,705.47,0.0008,5308.15
MNAR_l,A1K5DRI,5,tree_gp_10000,6.7,6.0,924.77,0.001,5871.7
MNAR_l,A1K5DRI,5,mlp_opt_0001,7.64,7.0,3286.35,0.0037,11997.25
MNAR_l,A1K5DRI,20,mean,20.57,20.0,425.77,0.0005,4199.29
MNAR_l,A1K5DRI,20,reg_opt_00001,8.28,8.0,722.5,0.0008,5201.48
MNAR_l,A1K5DRI,20,tree_gp_10000,9.1,8.0,871.75,0.001,5793.59
MNAR_l,A1K5DRI,20,mlp_opt_0001,10.27,10.0,3220.67,0.0036,11822.66
MNAR_l,AYEFCWQ,20,mean,22.27,21.0,555.74,0.0005,5416.76
MNAR_l,AYEFCWQ,20,reg_opt_00001,12.01,10.0,952.08,0.0008,6711.72
MNAR_l,AYEFCWQ,20,tree_gp_10000,12.68,10.0,1141.54,0.001,7920.04
MNAR_l,AYEFCWQ,20,mlp_opt_0001,13.95,12.0,4034.82,0.0035,15254.25
MNAR_l,AYEFCWQ,15,mean,22.83,22.0,577.09,0.0005,5416.48
MNAR_l,AYEFCWQ,15,reg_opt_00001,11.99,9.0,936.75,0.0008,6753.21
MNAR_l,AYEFCWQ,15,tree_gp_10000,13.13,10.0,1121.94,0.001,8082.89
MNAR_l,AYEFCWQ,15,mlp_opt_0001,13.96,11.0,4123.25,0.0036,15325.65
MNAR_l,AYEFCWQ,5,mean,26.2,25.0,604.81,0.0005,5415.87
MNAR_l,AYEFCWQ,5,reg_opt_00001,14.82,9.0,1017.43,0.0009,6847.64
MNAR_l,AYEFCWQ,5,tree_gp_10000,15.23,11.0,1151.58,0.001,8208.73
MNAR_l,AYEFCWQ,5,mlp_opt_0001,16.99,13.0,4244.24,0.0037,15483.94
MNAR_l,AYEFCWQ,25,mean,21.94,21.0,525.26,0.0005,5417.03
MNAR_l,AYEFCWQ,25,reg_opt_00001,12.04,10.0,811.74,0.0007,6670.42
MNAR_l,AYEFCWQ,25,tree_gp_10000,12.95,11.0,1035.48,0.0009,7831.63
MNAR_l,AYEFCWQ,25,mlp_opt_0001,14.07,12.0,4073.63,0.0036,15184.42
MNAR_l,AYEFCWQ,10,mean,23.9,23.0,597.32,0.0005,5416.18
MNAR_l,AYEFCWQ,10,reg_opt_00001,12.5,9.0,962.89,0.0008,6800.27
MNAR_l,AYEFCWQ,10,tree_gp_10000,13.38,10.0,1121.35,0.001,8146.49
MNAR_l,AYEFCWQ,10,mlp_opt_0001,14.45,11.0,4234.66,0.0037,15403.99
MNAR_l,AMV7EQF,5,mean,30.5,29.0,439.91,0.0005,4107.66
MNAR_l,AMV7EQF,5,reg_opt_00001,12.13,8.0,772.66,0.0009,5191.08
MNAR_l,AMV7EQF,5,tree_gp_10000,11.58,7.0,922.46,0.0011,5768.87
MNAR_l,AMV7EQF,5,mlp_opt_0001,16.52,13.0,3306.8,0.0038,11744.41
MNAR_l,AMV7EQF,25,mean,27.76,27.0,436.56,0.0005,4108.53
MNAR_l,AMV7EQF,25,reg_opt_00001,11.51,9.0,726.61,0.0008,5058.85
MNAR_l,AMV7EQF,25,tree_gp_10000,11.34,9.0,860.0,0.001,5713.44
MNAR_l,AMV7EQF,25,mlp_opt_0001,15.58,14.0,3131.8,0.0036,11515.73
MNAR_l,AMV7EQF,15,mean,27.99,27.0,435.87,0.0005,4108.12
MNAR_l,AMV7EQF,15,reg_opt_00001,10.98,8.0,760.02,0.0009,5123.4
MNAR_l,AMV7EQF,15,tree_gp_10000,10.81,8.0,892.33,0.001,5838.55
MNAR_l,AMV7EQF,15,mlp_opt_0001,14.61,12.0,3222.75,0.0037,11624.3
MNAR_l,AMV7EQF,10,mean,28.7,28.0,439.25,0.0005,4107.9
MNAR_l,AMV7EQF,10,reg_opt_00001,11.42,8.0,775.87,0.0009,5157.29
MNAR_l,AMV7EQF,10,tree_gp_10000,10.99,8.0,926.34,0.0011,5830.47
MNAR_l,AMV7EQF,10,mlp_opt_0001,15.16,12.0,3267.19,0.0038,11683.08
MNAR_l,AMV7EQF,20,mean,27.75,27.0,443.9,0.0005,4108.34
MNAR_l,AMV7EQF,20,reg_opt_00001,11.1,9.0,719.83,0.0008,5089.48
MNAR_l,AMV7EQF,20,tree_gp_10000,10.88,8.0,871.73,0.001,5756.19
MNAR_l,AMV7EQF,20,mlp_opt_0001,14.86,12.0,3191.33,0.0037,11568.75
MNAR_l,AZIK4ZA,15,mean,22.86,23.0,373.87,0.0005,3495.96
MNAR_l,AZIK4ZA,15,reg_opt_00001,6.83,6.0,635.05,0.0009,4359.38
MNAR_l,AZIK4ZA,15,tree_gp_10000,6.54,6.0,763.35,0.001,4746.66
MNAR_l,AZIK4ZA,15,mlp_opt_0001,9.32,9.0,2709.54,0.0037,9892.38
MNAR_l,AZIK4ZA,5,mean,22.87,23.0,371.5,0.0005,3495.57
MNAR_l,AZIK4ZA,5,reg_opt_00001,5.58,5.0,666.17,0.0009,4419.86
MNAR_l,AZIK4ZA,5,tree_gp_10000,5.16,4.0,795.04,0.0011,4759.47
MNAR_l,AZIK4ZA,5,mlp_opt_0001,7.84,7.0,2809.59,0.0038,9991.94
MNAR_l,AZIK4ZA,20,mean,23.27,23.0,372.26,0.0005,3496.14
MNAR_l,AZIK4ZA,20,reg_opt_00001,7.46,7.0,626.28,0.0008,4331.86
MNAR_l,AZIK4ZA,20,tree_gp_10000,7.39,7.0,737.48,0.001,4760.96
MNAR_l,AZIK4ZA,20,mlp_opt_0001,10.2,10.0,2688.19,0.0036,9842.47
MNAR_l,AZIK4ZA,10,mean,22.63,22.0,376.54,0.0005,3495.77
MNAR_l,AZIK4ZA,10,reg_opt_00001,6.11,6.0,654.11,0.0009,4387.25
MNAR_l,AZIK4ZA,10,tree_gp_10000,5.63,5.0,782.82,0.0011,4827.16
MNAR_l,AZIK4ZA,10,mlp_opt_0001,8.49,8.0,2776.76,0.0038,9940.19
MNAR_l,AZIK4ZA,25,mean,23.85,24.0,378.89,0.0005,3496.31
MNAR_l,AZIK4ZA,25,reg_opt_00001,8.13,7.0,621.33,0.0008,4305.12
MNAR_l,AZIK4ZA,25,tree_gp_10000,7.72,7.0,723.84,0.001,4632.66
MNAR_l,AZIK4ZA,25,mlp_opt_0001,11.16,11.0,2677.7,0.0036,9798.95
MNAR_l,AJWW3IY,5,mean,20.95,20.0,367.39,0.0005,3305.79
MNAR_l,AJWW3IY,5,reg_opt_00001,4.87,4.0,649.87,0.0009,4178.71
MNAR_l,AJWW3IY,5,tree_gp_10000,5.73,5.0,762.61,0.0011,4519.76
MNAR_l,AJWW3IY,5,mlp_opt_0001,7.63,7.0,2715.96,0.0039,9450.05
MNAR_l,AJWW3IY,10,mean,20.22,20.0,355.03,0.0005,3305.98
MNAR_l,AJWW3IY,10,reg_opt_00001,5.72,5.0,629.7,0.0009,4150.82
MNAR_l,AJWW3IY,10,tree_gp_10000,6.76,6.0,745.25,0.0011,4472.76
MNAR_l,AJWW3IY,10,mlp_opt_0001,8.51,8.0,2679.6,0.0038,9397.56
MNAR_l,AJWW3IY,20,mean,19.81,19.0,356.71,0.0005,3306.33
MNAR_l,AJWW3IY,20,reg_opt_00001,8.3,8.0,610.57,0.0009,4096.98
MNAR_l,AJWW3IY,20,tree_gp_10000,8.82,8.0,716.36,0.001,4598.01
MNAR_l,AJWW3IY,20,mlp_opt_0001,10.77,10.0,2607.27,0.0037,9307.82
MNAR_l,AJWW3IY,15,mean,19.95,20.0,367.38,0.0005,3306.16
MNAR_l,AJWW3IY,15,reg_opt_00001,6.92,6.0,619.98,0.0009,4123.24
MNAR_l,AJWW3IY,15,tree_gp_10000,7.74,7.0,726.7,0.001,4417.6
MNAR_l,AJWW3IY,15,mlp_opt_0001,9.81,9.0,2656.64,0.0038,9354.6
MNAR_l,AJWW3IY,25,mean,19.62,19.0,362.93,0.0005,3306.49
MNAR_l,AJWW3IY,25,reg_opt_00001,9.3,8.0,595.94,0.0009,4071.9
MNAR_l,AJWW3IY,25,tree_gp_10000,9.43,9.0,704.1,0.001,4527.45
MNAR_l,AJWW3IY,25,mlp_opt_0001,12.12,12.0,2589.2,0.0037,9268.23
MNAR_l,AX6281V,20,mean,18.3,18.0,355.42,0.0005,3213.96
MNAR_l,AX6281V,20,reg_opt_00001,6.38,6.0,595.63,0.0009,3981.69
MNAR_l,AX6281V,20,tree_gp_10000,6.5,6.0,706.93,0.001,4293.02
MNAR_l,AX6281V,20,mlp_opt_0001,5.21,5.0,2546.52,0.0037,9050.2
MNAR_l,AX6281V,5,mean,18.59,19.0,355.33,0.0005,3213.43
MNAR_l,AX6281V,5,reg_opt_00001,4.62,4.0,632.97,0.0009,4061.67
MNAR_l,AX6281V,5,tree_gp_10000,5.23,4.0,754.33,0.0011,4420.48
MNAR_l,AX6281V,5,mlp_opt_0001,3.92,3.0,2672.17,0.0039,9186.0
MNAR_l,AX6281V,10,mean,18.11,18.0,359.42,0.0005,3213.62
MNAR_l,AX6281V,10,reg_opt_00001,5.32,5.0,633.89,0.0009,4033.68
MNAR_l,AX6281V,10,tree_gp_10000,5.94,5.0,738.66,0.0011,4315.81
MNAR_l,AX6281V,10,mlp_opt_0001,4.5,4.0,2631.0,0.0039,9137.62
MNAR_l,AX6281V,25,mean,18.27,18.0,361.64,0.0005,3214.12
MNAR_l,AX6281V,25,reg_opt_00001,6.95,6.0,592.62,0.0009,3957.57
MNAR_l,AX6281V,25,tree_gp_10000,7.25,7.0,687.77,0.001,4324.56
MNAR_l,AX6281V,25,mlp_opt_0001,5.69,5.0,2534.29,0.0037,9007.93
MNAR_l,AX6281V,15,mean,18.09,18.0,355.73,0.0005,3213.79
MNAR_l,AX6281V,15,reg_opt_00001,5.84,5.0,610.99,0.0009,4007.58
MNAR_l,AX6281V,15,tree_gp_10000,6.09,5.0,720.16,0.0011,4312.22
MNAR_l,AX6281V,15,mlp_opt_0001,4.77,4.0,2604.71,0.0038,9092.83
MNAR_l,AYWIEKR,15,mean,18.46,18.0,445.11,0.0005,4100.95
MNAR_l,AYWIEKR,15,reg_opt_00001,7.01,6.0,769.54,0.0009,5114.31
MNAR_l,AYWIEKR,15,tree_gp_10000,7.23,6.0,879.47,0.001,5492.46
MNAR_l,AYWIEKR,15,mlp_opt_0001,8.86,8.0,3171.73,0.0037,11602.55
MNAR_l,AYWIEKR,20,mean,18.7,19.0,440.37,0.0005,4101.14
MNAR_l,AYWIEKR,20,reg_opt_00001,7.73,7.0,752.41,0.0009,5081.86
MNAR_l,AYWIEKR,20,tree_gp_10000,8.0,7.0,833.83,0.001,5620.31
MNAR_l,AYWIEKR,20,mlp_opt_0001,9.55,9.0,3140.96,0.0036,11548.55
MNAR_l,AYWIEKR,25,mean,18.98,19.0,443.92,0.0005,4101.34
MNAR_l,AYWIEKR,25,reg_opt_00001,8.41,8.0,737.64,0.0009,5049.19
MNAR_l,AYWIEKR,25,tree_gp_10000,8.75,8.0,853.71,0.001,5623.47
MNAR_l,AYWIEKR,25,mlp_opt_0001,10.49,10.0,3084.22,0.0036,11495.49
MNAR_l,AYWIEKR,5,mean,18.64,19.0,423.84,0.0005,4100.51
MNAR_l,AYWIEKR,5,reg_opt_00001,5.98,6.0,799.54,0.0009,5184.34
MNAR_l,AYWIEKR,5,tree_gp_10000,6.1,5.0,948.83,0.0011,5889.7
MNAR_l,AYWIEKR,5,mlp_opt_0001,7.54,7.0,3329.28,0.0038,11723.29
MNAR_l,AYWIEKR,10,mean,18.42,18.0,460.74,0.0005,4100.74
MNAR_l,AYWIEKR,10,reg_opt_00001,6.49,6.0,770.2,0.0009,5148.65
MNAR_l,AYWIEKR,10,tree_gp_10000,6.63,6.0,910.16,0.0011,5670.22
MNAR_l,AYWIEKR,10,mlp_opt_0001,8.14,7.0,3288.39,0.0038,11660.3
MNAR_l,ATHKM6V,10,mean,12.93,13.0,227.24,0.0005,2173.98
MNAR_l,ATHKM6V,10,reg_opt_00001,7.34,6.0,395.28,0.0009,2729.13
MNAR_l,ATHKM6V,10,tree_gp_10000,6.9,6.0,444.07,0.001,2897.99
MNAR_l,ATHKM6V,10,mlp_opt_0001,9.56,8.0,1623.36,0.0035,6182.13
MNAR_l,ATHKM6V,5,mean,13.11,13.0,211.84,0.0005,2173.85
MNAR_l,ATHKM6V,5,reg_opt_00001,7.39,6.0,390.38,0.0008,2747.79
MNAR_l,ATHKM6V,5,tree_gp_10000,7.31,7.0,485.43,0.0011,2927.66
MNAR_l,ATHKM6V,5,mlp_opt_0001,10.15,8.0,1661.62,0.0036,6213.49
MNAR_l,ATHKM6V,25,mean,12.37,12.0,229.85,0.0005,2174.32
MNAR_l,ATHKM6V,25,reg_opt_00001,7.97,7.0,332.5,0.0007,2677.56
MNAR_l,ATHKM6V,25,tree_gp_10000,7.68,7.0,434.51,0.0009,2863.73
MNAR_l,ATHKM6V,25,mlp_opt_0001,10.07,9.0,1600.79,0.0035,6094.58
MNAR_l,ATHKM6V,15,mean,12.44,12.0,231.32,0.0005,2174.1
MNAR_l,ATHKM6V,15,reg_opt_00001,7.35,6.0,376.03,0.0008,2710.63
MNAR_l,ATHKM6V,15,tree_gp_10000,7.1,6.0,400.12,0.0009,2900.4
MNAR_l,ATHKM6V,15,mlp_opt_0001,5.02,4.0,1667.23,0.0036,6151.85
MNAR_l,ATHKM6V,20,mean,12.59,12.0,221.5,0.0005,2174.21
MNAR_l,ATHKM6V,20,reg_opt_00001,7.69,7.0,375.78,0.0008,2693.57
MNAR_l,ATHKM6V,20,tree_gp_10000,7.68,6.0,420.03,0.0009,2879.35
MNAR_l,ATHKM6V,20,mlp_opt_0001,9.71,9.0,1667.26,0.0036,6122.24
MNAR_l,AFPB8J2,5,mean,20.57,20.0,370.7,0.0005,3600.35
MNAR_l,AFPB8J2,5,reg_opt_00001,6.4,6.0,632.4,0.0008,4552.36
MNAR_l,AFPB8J2,5,tree_gp_10000,6.6,6.0,787.22,0.001,4947.43
MNAR_l,AFPB8J2,5,mlp_opt_0001,8.36,8.0,2730.19,0.0036,10293.03
MNAR_l,AFPB8J2,15,mean,19.49,19.0,362.04,0.0005,3600.75
MNAR_l,AFPB8J2,15,reg_opt_00001,7.79,7.0,614.77,0.0008,4490.73
MNAR_l,AFPB8J2,15,tree_gp_10000,8.0,7.0,738.88,0.001,4908.32
MNAR_l,AFPB8J2,15,mlp_opt_0001,9.53,9.0,2674.3,0.0035,10188.19
MNAR_l,AFPB8J2,10,mean,19.8,20.0,371.99,0.0005,3600.56
MNAR_l,AFPB8J2,10,reg_opt_00001,7.16,7.0,643.22,0.0008,4520.22
MNAR_l,AFPB8J2,10,tree_gp_10000,7.36,7.0,783.08,0.001,5022.14
MNAR_l,AFPB8J2,10,mlp_opt_0001,8.99,9.0,2772.49,0.0036,10237.5
MNAR_l,AFPB8J2,25,mean,19.19,19.0,397.11,0.0005,3601.12
MNAR_l,AFPB8J2,25,reg_opt_00001,9.0,9.0,628.51,0.0008,4433.02
MNAR_l,AFPB8J2,25,tree_gp_10000,9.17,9.0,675.57,0.0009,4771.04
MNAR_l,AFPB8J2,25,mlp_opt_0001,10.78,10.0,2687.78,0.0035,10093.55
MNAR_l,AFPB8J2,20,mean,19.35,19.0,370.78,0.0005,3600.94
MNAR_l,AFPB8J2,20,reg_opt_00001,8.36,8.0,611.23,0.0008,4462.4
MNAR_l,AFPB8J2,20,tree_gp_10000,8.54,8.0,700.02,0.0009,4781.49
MNAR_l,AFPB8J2,20,mlp_opt_0001,10.11,10.0,2750.65,0.0036,10138.8
MNAR_l,A0VFT1N,20,mean,24.89,25.0,426.5,0.0005,4136.38
MNAR_l,A0VFT1N,20,reg_opt_00001,9.97,9.0,726.88,0.0008,5123.46
MNAR_l,A0VFT1N,20,tree_gp_10000,9.6,9.0,822.4,0.0009,5756.68
MNAR_l,A0VFT1N,20,mlp_opt_0001,12.23,12.0,3021.17,0.0035,11646.56
MNAR_l,A0VFT1N,10,mean,24.83,25.0,383.03,0.0004,4135.94
MNAR_l,A0VFT1N,10,reg_opt_00001,7.1,7.0,677.51,0.0008,5192.13
MNAR_l,A0VFT1N,10,tree_gp_10000,6.84,7.0,892.35,0.001,5652.49
MNAR_l,A0VFT1N,10,mlp_opt_0001,9.5,9.0,3170.13,0.0036,11762.24
MNAR_l,A0VFT1N,15,mean,24.88,25.0,422.83,0.0005,4136.17
MNAR_l,A0VFT1N,15,reg_opt_00001,8.52,8.0,736.69,0.0008,5157.43
MNAR_l,A0VFT1N,15,tree_gp_10000,8.11,8.0,845.47,0.001,5633.79
MNAR_l,A0VFT1N,15,mlp_opt_0001,10.99,11.0,3138.69,0.0036,11703.38
MNAR_l,A0VFT1N,5,mean,24.71,25.0,402.72,0.0005,4135.71
MNAR_l,A0VFT1N,5,reg_opt_00001,5.7,5.0,771.11,0.0009,5228.86
MNAR_l,A0VFT1N,5,tree_gp_10000,5.67,5.0,921.36,0.0011,5704.54
MNAR_l,A0VFT1N,5,mlp_opt_0001,7.73,7.0,3250.67,0.0037,11824.59
MNAR_l,A0VFT1N,25,mean,24.9,25.0,417.86,0.0005,4136.59
MNAR_l,A0VFT1N,25,reg_opt_00001,11.3,11.0,689.64,0.0008,5092.81
MNAR_l,A0VFT1N,25,tree_gp_10000,11.06,11.0,811.82,0.0009,5623.41
MNAR_l,A0VFT1N,25,mlp_opt_0001,13.22,13.0,3097.04,0.0035,11593.96
MNAR_l,AURCTAK,10,mean,17.82,18.0,50.18,0.0004,564.54
MNAR_l,AURCTAK,10,reg_opt_00001,8.45,8.0,99.68,0.0008,708.96
MNAR_l,AURCTAK,10,tree_gp_10000,8.11,8.0,120.78,0.001,733.35
MNAR_l,AURCTAK,10,mlp_opt_0001,5.66,5.0,419.72,0.0035,1605.37
MNAR_l,AURCTAK,25,mean,17.55,17.0,52.3,0.0004,564.63
MNAR_l,AURCTAK,25,reg_opt_00001,10.62,10.0,95.33,0.0008,695.47
MNAR_l,AURCTAK,25,tree_gp_10000,9.77,9.0,112.29,0.0009,718.43
MNAR_l,AURCTAK,25,mlp_opt_0001,7.42,7.0,414.36,0.0035,1582.72
MNAR_l,AURCTAK,15,mean,17.44,17.0,56.16,0.0005,564.57
MNAR_l,AURCTAK,15,reg_opt_00001,9.21,9.0,91.36,0.0008,704.06
MNAR_l,AURCTAK,15,tree_gp_10000,8.58,8.0,114.01,0.001,728.66
MNAR_l,AURCTAK,15,mlp_opt_0001,6.19,6.0,423.85,0.0036,1597.61
MNAR_l,AURCTAK,20,mean,17.4,17.0,56.82,0.0005,564.6
MNAR_l,AURCTAK,20,reg_opt_00001,9.95,10.0,97.37,0.0008,699.54
MNAR_l,AURCTAK,20,tree_gp_10000,9.13,9.0,107.07,0.0009,723.74
MNAR_l,AURCTAK,20,mlp_opt_0001,6.83,6.0,419.42,0.0035,1589.98
MNAR_l,AURCTAK,5,mean,18.1,18.0,63.54,0.0005,564.51
MNAR_l,AURCTAK,5,reg_opt_00001,7.37,7.0,100.91,0.0008,713.48
MNAR_l,AURCTAK,5,tree_gp_10000,7.04,7.0,115.88,0.001,738.42
MNAR_l,AURCTAK,5,mlp_opt_0001,4.78,4.0,443.69,0.0037,1614.12
MNAR_l,A36HR6Y,15,mean,18.89,18.0,209.34,0.0005,1968.44
MNAR_l,A36HR6Y,15,reg_opt_00001,10.2,9.0,329.0,0.0008,2454.95
MNAR_l,A36HR6Y,15,tree_gp_10000,10.34,9.0,354.71,0.0009,2616.14
MNAR_l,A36HR6Y,15,mlp_opt_0001,12.25,12.0,1434.71,0.0034,5570.79
MNAR_l,A36HR6Y,25,mean,18.31,18.0,214.42,0.0005,1968.64
MNAR_l,A36HR6Y,25,reg_opt_00001,11.4,10.0,342.92,0.0008,2423.86
MNAR_l,A36HR6Y,25,tree_gp_10000,11.56,10.0,393.46,0.0009,2630.98
MNAR_l,A36HR6Y,25,mlp_opt_0001,13.94,13.0,1403.15,0.0034,5519.12
MNAR_l,A36HR6Y,5,mean,20.38,20.0,218.72,0.0005,1968.22
MNAR_l,A36HR6Y,5,reg_opt_00001,8.02,7.0,357.59,0.0009,2487.82
MNAR_l,A36HR6Y,5,tree_gp_10000,8.4,7.0,411.17,0.001,2690.4
MNAR_l,A36HR6Y,5,mlp_opt_0001,9.91,9.0,1503.32,0.0036,5627.89
MNAR_l,A36HR6Y,10,mean,19.47,19.0,185.39,0.0004,1968.33
MNAR_l,A36HR6Y,10,reg_opt_00001,9.22,8.0,349.56,0.0008,2471.1
MNAR_l,A36HR6Y,10,tree_gp_10000,9.56,8.0,424.51,0.001,2673.94
MNAR_l,A36HR6Y,10,mlp_opt_0001,11.0,11.0,1495.64,0.0036,5596.85
MNAR_l,A36HR6Y,20,mean,18.57,18.0,195.23,0.0005,1968.54
MNAR_l,A36HR6Y,20,reg_opt_00001,10.95,10.0,339.76,0.0008,2439.37
MNAR_l,A36HR6Y,20,tree_gp_10000,11.43,10.0,418.53,0.001,2587.83
MNAR_l,A36HR6Y,20,mlp_opt_0001,13.32,13.0,1458.84,0.0035,5543.08
MNAR_l,A4E0D03,15,mean,21.12,21.0,342.32,0.0005,3485.2
MNAR_l,A4E0D03,15,reg_opt_00001,6.77,6.0,587.86,0.0008,4346.14
MNAR_l,A4E0D03,15,tree_gp_10000,7.38,6.0,692.45,0.0009,4693.66
MNAR_l,A4E0D03,15,mlp_opt_0001,8.42,8.0,2625.45,0.0036,9861.54
MNAR_l,A4E0D03,25,mean,21.55,21.0,337.24,0.0005,3485.55
MNAR_l,A4E0D03,25,reg_opt_00001,8.12,7.0,563.7,0.0008,4292.52
MNAR_l,A4E0D03,25,tree_gp_10000,8.87,8.0,698.54,0.0009,4711.08
MNAR_l,A4E0D03,25,mlp_opt_0001,10.07,9.0,2553.34,0.0035,9770.81
MNAR_l,A4E0D03,20,mean,21.27,21.0,354.95,0.0005,3485.38
MNAR_l,A4E0D03,20,reg_opt_00001,7.43,7.0,609.56,0.0008,4318.93
MNAR_l,A4E0D03,20,tree_gp_10000,8.28,7.0,714.62,0.001,4752.97
MNAR_l,A4E0D03,20,mlp_opt_0001,9.2,8.0,2598.75,0.0035,9813.95
MNAR_l,A4E0D03,5,mean,21.68,21.0,328.25,0.0004,3484.81
MNAR_l,A4E0D03,5,reg_opt_00001,5.6,5.0,659.02,0.0009,4406.38
MNAR_l,A4E0D03,5,tree_gp_10000,5.87,5.0,763.2,0.001,4829.91
MNAR_l,A4E0D03,5,mlp_opt_0001,7.27,6.0,2748.51,0.0037,9961.65
MNAR_l,A4E0D03,10,mean,21.22,21.0,348.25,0.0005,3485.01
MNAR_l,A4E0D03,10,reg_opt_00001,6.24,6.0,622.62,0.0008,4375.53
MNAR_l,A4E0D03,10,tree_gp_10000,6.69,6.0,755.53,0.001,4747.59
MNAR_l,A4E0D03,10,mlp_opt_0001,7.82,7.0,2713.07,0.0037,9911.25
MNAR_l,AJMQUVV,5,mean,22.28,22.0,465.28,0.0005,4245.53
MNAR_l,AJMQUVV,5,reg_opt_00001,6.44,6.0,718.78,0.0008,5367.62
MNAR_l,AJMQUVV,5,tree_gp_10000,7.21,6.0,910.13,0.001,5823.46
MNAR_l,AJMQUVV,5,mlp_opt_0001,8.14,7.0,3269.23,0.0036,12137.4
MNAR_l,AJMQUVV,25,mean,21.02,21.0,435.78,0.0005,4246.44
MNAR_l,AJMQUVV,25,reg_opt_00001,8.65,8.0,726.8,0.0008,5229.88
MNAR_l,AJMQUVV,25,tree_gp_10000,10.46,9.0,810.07,0.0009,5633.66
MNAR_l,AJMQUVV,25,mlp_opt_0001,10.62,10.0,3094.44,0.0034,11903.85
MNAR_l,AJMQUVV,15,mean,21.11,21.0,464.44,0.0005,4246.01
MNAR_l,AJMQUVV,15,reg_opt_00001,7.54,7.0,758.62,0.0008,5294.8
MNAR_l,AJMQUVV,15,tree_gp_10000,8.78,7.0,900.16,0.001,5759.68
MNAR_l,AJMQUVV,15,mlp_opt_0001,9.32,9.0,3255.55,0.0036,12013.94
MNAR_l,AJMQUVV,10,mean,21.53,21.0,444.31,0.0005,4245.78
MNAR_l,AJMQUVV,10,reg_opt_00001,7.07,6.0,799.46,0.0009,5331.03
MNAR_l,AJMQUVV,10,tree_gp_10000,8.75,7.0,849.39,0.0009,5719.06
MNAR_l,AJMQUVV,10,mlp_opt_0001,8.73,8.0,3371.41,0.0038,12073.39
MNAR_l,AJMQUVV,20,mean,20.92,21.0,450.58,0.0005,4246.23
MNAR_l,AJMQUVV,20,reg_opt_00001,8.15,7.0,737.64,0.0008,5261.59
MNAR_l,AJMQUVV,20,tree_gp_10000,9.73,8.0,852.0,0.0009,5678.08
MNAR_l,AJMQUVV,20,mlp_opt_0001,9.96,9.0,3292.38,0.0037,11957.16
MNAR_l,A4G0044,15,mean,17.39,17.0,59.24,0.0005,587.55
MNAR_l,A4G0044,15,reg_opt_00001,11.29,10.0,94.64,0.0008,732.96
MNAR_l,A4G0044,15,tree_gp_10000,6.99,6.0,121.56,0.001,757.49
MNAR_l,A4G0044,15,mlp_opt_0001,16.13,16.0,416.9,0.0034,1662.25
MNAR_l,A4G0044,20,mean,17.67,18.0,63.6,0.0005,587.58
MNAR_l,A4G0044,20,reg_opt_00001,12.27,11.0,95.06,0.0008,728.11
MNAR_l,A4G0044,20,tree_gp_10000,8.21,7.0,123.14,0.001,752.58
MNAR_l,A4G0044,20,mlp_opt_0001,16.53,16.0,413.32,0.0033,1654.24
MNAR_l,A4G0044,10,mean,17.55,17.0,58.81,0.0005,587.52
MNAR_l,A4G0044,10,reg_opt_00001,9.97,8.0,114.65,0.0009,737.43
MNAR_l,A4G0044,10,tree_gp_10000,6.21,5.0,129.93,0.001,763.06
MNAR_l,A4G0044,10,mlp_opt_0001,15.68,15.0,435.68,0.0035,1670.62
MNAR_l,A4G0044,5,mean,17.75,18.0,50.84,0.0004,587.48
MNAR_l,A4G0044,5,reg_opt_00001,8.69,7.0,114.69,0.0009,742.63
MNAR_l,A4G0044,5,tree_gp_10000,5.85,5.0,131.96,0.0011,769.18
MNAR_l,A4G0044,5,mlp_opt_0001,15.34,15.0,463.17,0.0037,1679.81
MNAR_l,A4G0044,25,mean,17.87,18.0,49.57,0.0004,587.61
MNAR_l,A4G0044,25,reg_opt_00001,13.19,12.0,98.67,0.0008,723.83
MNAR_l,A4G0044,25,tree_gp_10000,8.76,7.0,110.41,0.0009,747.96
MNAR_l,A4G0044,25,mlp_opt_0001,16.92,17.0,454.01,0.0037,1646.71
MNAR_l,AIFDJZB,20,mean,22.29,22.0,593.26,0.0005,5892.68
MNAR_l,AIFDJZB,20,reg_opt_00001,8.9,8.0,1039.72,0.0008,7301.29
MNAR_l,AIFDJZB,20,tree_gp_10000,10.24,8.0,1214.15,0.001,8163.39
MNAR_l,AIFDJZB,20,mlp_opt_0001,6.83,6.0,4369.06,0.0035,16593.66
MNAR_l,AIFDJZB,5,mean,23.82,23.0,572.4,0.0005,5891.71
MNAR_l,AIFDJZB,5,reg_opt_00001,7.95,6.0,1067.27,0.0009,7448.28
MNAR_l,AIFDJZB,5,tree_gp_10000,9.47,6.0,1233.95,0.001,8245.83
MNAR_l,AIFDJZB,5,mlp_opt_0001,5.69,4.0,4590.96,0.0037,16845.67
MNAR_l,AIFDJZB,15,mean,22.41,22.0,609.5,0.0005,5892.37
MNAR_l,AIFDJZB,15,reg_opt_00001,8.54,7.0,1005.17,0.0008,7348.82
MNAR_l,AIFDJZB,15,tree_gp_10000,9.88,7.0,1245.63,0.001,8067.05
MNAR_l,AIFDJZB,15,mlp_opt_0001,6.58,5.0,4477.28,0.0036,16671.87
MNAR_l,AIFDJZB,10,mean,22.9,22.0,589.51,0.0005,5892.05
MNAR_l,AIFDJZB,10,reg_opt_00001,8.16,7.0,1071.73,0.0009,7398.06
MNAR_l,AIFDJZB,10,tree_gp_10000,9.74,7.0,1255.96,0.001,8273.56
MNAR_l,AIFDJZB,10,mlp_opt_0001,6.1,5.0,4543.95,0.0036,16757.44
MNAR_l,AIFDJZB,25,mean,22.44,22.0,631.54,0.0005,5892.97
MNAR_l,AIFDJZB,25,reg_opt_00001,9.41,8.0,941.97,0.0008,7257.76
MNAR_l,AIFDJZB,25,tree_gp_10000,10.64,8.0,1111.73,0.0009,8042.38
MNAR_l,AIFDJZB,25,mlp_opt_0001,13.04,12.0,4368.82,0.0035,16517.79
MNAR_l,AQC0L71,5,mean,13.01,13.0,236.75,0.0005,2441.55
MNAR_l,AQC0L71,5,reg_opt_00001,6.67,6.0,459.18,0.0009,3087.16
MNAR_l,AQC0L71,5,tree_gp_10000,6.21,6.0,502.46,0.001,3233.43
MNAR_l,AQC0L71,5,mlp_opt_0001,8.85,8.0,1892.02,0.0037,6981.3
MNAR_l,AQC0L71,25,mean,14.57,14.0,252.29,0.0005,2442.07
MNAR_l,AQC0L71,25,reg_opt_00001,8.82,8.0,398.46,0.0008,3007.59
MNAR_l,AQC0L71,25,tree_gp_10000,8.79,8.0,492.27,0.001,3159.78
MNAR_l,AQC0L71,25,mlp_opt_0001,10.45,10.0,1802.64,0.0035,6845.68
MNAR_l,AQC0L71,10,mean,13.39,14.0,255.07,0.0005,2441.69
MNAR_l,AQC0L71,10,reg_opt_00001,7.43,7.0,454.79,0.0009,3065.53
MNAR_l,AQC0L71,10,tree_gp_10000,6.99,6.0,528.04,0.001,3230.81
MNAR_l,AQC0L71,10,mlp_opt_0001,9.07,8.0,1879.65,0.0036,6942.24
MNAR_l,AQC0L71,15,mean,13.89,14.0,251.22,0.0005,2441.83
MNAR_l,AQC0L71,15,reg_opt_00001,8.06,7.0,407.88,0.0008,3045.53
MNAR_l,AQC0L71,15,tree_gp_10000,7.72,7.0,518.17,0.001,3226.99
MNAR_l,AQC0L71,15,mlp_opt_0001,9.65,9.0,1853.9,0.0036,6909.75
MNAR_l,AQC0L71,20,mean,14.15,14.0,253.8,0.0005,2441.95
MNAR_l,AQC0L71,20,reg_opt_00001,8.43,8.0,390.14,0.0008,3026.27
MNAR_l,AQC0L71,20,tree_gp_10000,8.38,8.0,503.34,0.001,3174.93
MNAR_l,AQC0L71,20,mlp_opt_0001,10.03,9.0,1830.07,0.0035,6875.73
MNAR_l,A7EM0B6,5,mean,18.11,18.0,328.09,0.0005,3037.81
MNAR_l,A7EM0B6,5,reg_opt_00001,4.88,4.0,555.66,0.0009,3841.17
MNAR_l,A7EM0B6,5,tree_gp_10000,5.03,4.0,664.08,0.001,4229.6
MNAR_l,A7EM0B6,5,mlp_opt_0001,3.22,3.0,2341.26,0.0036,8682.42
MNAR_l,A7EM0B6,15,mean,17.91,18.0,272.01,0.0004,3038.15
MNAR_l,A7EM0B6,15,reg_opt_00001,6.66,6.0,529.07,0.0008,3787.31
MNAR_l,A7EM0B6,15,tree_gp_10000,6.86,6.0,617.6,0.001,4138.6
MNAR_l,A7EM0B6,15,mlp_opt_0001,9.54,9.0,2313.88,0.0036,8595.25
MNAR_l,A7EM0B6,10,mean,17.82,18.0,316.95,0.0005,3037.98
MNAR_l,A7EM0B6,10,reg_opt_00001,5.92,5.0,548.12,0.0009,3812.21
MNAR_l,A7EM0B6,10,tree_gp_10000,6.01,5.0,624.98,0.001,4186.3
MNAR_l,A7EM0B6,10,mlp_opt_0001,8.27,7.0,2357.73,0.0037,8639.12
MNAR_l,A7EM0B6,20,mean,18.15,18.0,290.78,0.0005,3038.22
MNAR_l,A7EM0B6,20,reg_opt_00001,7.38,7.0,534.75,0.0008,3763.83
MNAR_l,A7EM0B6,20,tree_gp_10000,7.55,6.0,581.2,0.0009,4113.16
MNAR_l,A7EM0B6,20,mlp_opt_0001,5.38,5.0,2299.51,0.0036,8554.62
MNAR_l,A7EM0B6,25,mean,18.24,18.0,317.87,0.0005,3037.65
MNAR_l,A7EM0B6,25,reg_opt_00001,7.98,7.0,499.81,0.0008,3741.26
MNAR_l,A7EM0B6,25,tree_gp_10000,8.28,7.0,615.49,0.001,4082.55
MNAR_l,A7EM0B6,25,mlp_opt_0001,10.99,10.0,2299.39,0.0036,8512.3
MNAR_m,A1ZJ41O,15,mean,22.75,19.0,373.18,0.0005,3779.21
MNAR_m,A1ZJ41O,15,reg_opt_00001,15.07,11.0,670.68,0.0008,4712.13
MNAR_m,A1ZJ41O,15,tree_gp_10000,14.48,10.0,776.13,0.001,5202.1
MNAR_m,A1ZJ41O,15,mlp_opt_0001,18.5,13.0,2813.4,0.0035,10693.77
MNAR_m,A1ZJ41O,5,mean,30.32,25.0,351.6,0.0004,3778.79
MNAR_m,A1ZJ41O,5,reg_opt_00001,18.48,13.0,730.18,0.0009,4776.83
MNAR_m,A1ZJ41O,5,tree_gp_10000,18.1,11.0,815.64,0.001,5335.95
MNAR_m,A1ZJ41O,5,mlp_opt_0001,24.26,17.0,2896.99,0.0036,10802.88
MNAR_m,A1ZJ41O,10,mean,25.48,21.0,416.17,0.0005,3779.01
MNAR_m,A1ZJ41O,10,reg_opt_00001,16.24,11.0,674.54,0.0008,4743.74
MNAR_m,A1ZJ41O,10,tree_gp_10000,15.41,10.0,817.05,0.001,5496.21
MNAR_m,A1ZJ41O,10,mlp_opt_0001,20.51,14.0,2853.81,0.0036,10745.31
MNAR_m,A1ZJ41O,20,mean,20.84,17.0,400.26,0.0005,3779.41
MNAR_m,A1ZJ41O,20,reg_opt_00001,14.19,10.0,655.98,0.0008,4683.06
MNAR_m,A1ZJ41O,20,tree_gp_10000,13.72,10.0,714.19,0.0009,5212.99
MNAR_m,A1ZJ41O,20,mlp_opt_0001,17.08,12.0,2786.95,0.0035,10640.01
MNAR_m,A1ZJ41O,25,mean,19.43,16.0,399.36,0.0005,3779.59
MNAR_m,A1ZJ41O,25,reg_opt_00001,13.59,10.0,632.37,0.0008,4652.08
MNAR_m,A1ZJ41O,25,tree_gp_10000,13.15,9.0,762.69,0.001,5149.61
MNAR_m,A1ZJ41O,25,mlp_opt_0001,16.14,12.0,2782.9,0.0035,10593.05
MNAR_m,AKXN5ZZ,20,mean,19.91,18.0,394.06,0.0005,3917.32
MNAR_m,AKXN5ZZ,20,reg_opt_00001,11.05,9.0,658.42,0.0008,4853.76
MNAR_m,AKXN5ZZ,20,tree_gp_10000,11.0,9.0,793.75,0.001,5433.05
MNAR_m,AKXN5ZZ,20,mlp_opt_0001,14.26,12.0,2864.3,0.0035,11032.58
MNAR_m,AKXN5ZZ,15,mean,21.18,19.0,404.26,0.0005,3917.11
MNAR_m,AKXN5ZZ,15,reg_opt_00001,11.16,9.0,679.88,0.0008,4885.06
MNAR_m,AKXN5ZZ,15,tree_gp_10000,11.31,9.0,824.43,0.001,5282.55
MNAR_m,AKXN5ZZ,15,mlp_opt_0001,14.6,12.0,2908.85,0.0035,11083.27
MNAR_m,AKXN5ZZ,5,mean,25.97,24.5,395.6,0.0005,3916.67
MNAR_m,AKXN5ZZ,5,reg_opt_00001,11.81,9.0,717.4,0.0009,4949.99
MNAR_m,AKXN5ZZ,5,tree_gp_10000,11.51,8.0,826.77,0.001,5381.82
MNAR_m,AKXN5ZZ,5,mlp_opt_0001,16.54,12.0,3018.08,0.0036,11196.52
MNAR_m,AKXN5ZZ,10,mean,22.97,21.0,433.03,0.0005,3916.9
MNAR_m,AKXN5ZZ,10,reg_opt_00001,11.38,9.0,680.8,0.0008,4916.48
MNAR_m,AKXN5ZZ,10,tree_gp_10000,11.48,8.0,808.38,0.001,5460.92
MNAR_m,AKXN5ZZ,10,mlp_opt_0001,15.19,12.0,2976.4,0.0036,11137.92
MNAR_m,AKXN5ZZ,25,mean,18.93,17.0,350.47,0.0004,3917.51
MNAR_m,AKXN5ZZ,25,reg_opt_00001,11.09,9.0,689.91,0.0008,4824.12
MNAR_m,AKXN5ZZ,25,tree_gp_10000,10.92,9.0,752.59,0.0009,5191.07
MNAR_m,AKXN5ZZ,25,mlp_opt_0001,14.11,12.0,2906.78,0.0035,10981.21
MNAR_m,AAXAA7Z,10,mean,36.94,29.5,311.91,0.0005,2955.18
MNAR_m,AAXAA7Z,10,reg_opt_00001,24.44,15.0,535.98,0.0009,3709.94
MNAR_m,AAXAA7Z,10,tree_gp_10000,24.32,13.0,634.48,0.001,3959.96
MNAR_m,AAXAA7Z,10,mlp_opt_0001,17.17,6.0,2217.92,0.0036,8403.07
MNAR_m,AAXAA7Z,20,mean,29.51,25.0,315.89,0.0005,2955.5
MNAR_m,AAXAA7Z,20,reg_opt_00001,20.39,14.0,469.39,0.0008,3662.25
MNAR_m,AAXAA7Z,20,tree_gp_10000,19.88,12.0,600.73,0.001,3964.95
MNAR_m,AAXAA7Z,20,mlp_opt_0001,14.82,7.0,2197.71,0.0035,8322.33
MNAR_m,AAXAA7Z,15,mean,32.37,27.5,300.68,0.0005,2955.34
MNAR_m,AAXAA7Z,15,reg_opt_00001,21.73,14.0,517.37,0.0008,3685.92
MNAR_m,AAXAA7Z,15,tree_gp_10000,21.66,12.0,616.5,0.001,3977.56
MNAR_m,AAXAA7Z,15,mlp_opt_0001,15.52,6.0,2251.83,0.0036,8362.98
MNAR_m,AAXAA7Z,5,mean,46.77,35.5,313.13,0.0005,2955.01
MNAR_m,AAXAA7Z,5,reg_opt_00001,32.19,20.0,540.69,0.0009,3735.35
MNAR_m,AAXAA7Z,5,tree_gp_10000,32.16,17.0,624.12,0.001,3971.25
MNAR_m,AAXAA7Z,5,mlp_opt_0001,22.22,7.0,2336.94,0.0037,8448.05
MNAR_m,AAXAA7Z,25,mean,27.4,23.0,291.37,0.0005,2955.64
MNAR_m,AAXAA7Z,25,reg_opt_00001,19.48,14.0,508.65,0.0008,3639.84
MNAR_m,AAXAA7Z,25,tree_gp_10000,19.13,12.0,598.49,0.001,3985.66
MNAR_m,AAXAA7Z,25,mlp_opt_0001,14.6,7.0,2229.86,0.0036,8285.41
MNAR_m,AA2KP1S,5,mean,24.02,24.0,400.01,0.0005,3811.83
MNAR_m,AA2KP1S,5,reg_opt_00001,12.99,11.0,707.39,0.0009,4818.93
MNAR_m,AA2KP1S,5,tree_gp_10000,13.14,12.0,844.69,0.001,5377.39
MNAR_m,AA2KP1S,5,mlp_opt_0001,17.98,17.0,2961.55,0.0037,10895.5
MNAR_m,AA2KP1S,25,mean,17.74,17.0,394.91,0.0005,3812.31
MNAR_m,AA2KP1S,25,reg_opt_00001,12.07,11.0,648.09,0.0008,4694.86
MNAR_m,AA2KP1S,25,tree_gp_10000,11.98,11.0,768.66,0.001,5085.4
MNAR_m,AA2KP1S,25,mlp_opt_0001,15.44,14.0,2832.51,0.0035,10687.52
MNAR_m,AA2KP1S,10,mean,21.4,21.0,382.9,0.0005,3811.92
MNAR_m,AA2KP1S,10,reg_opt_00001,12.21,11.0,696.54,0.0009,4785.86
MNAR_m,AA2KP1S,10,tree_gp_10000,12.25,11.0,831.91,0.001,5247.26
MNAR_m,AA2KP1S,10,mlp_opt_0001,16.81,16.0,2961.74,0.0037,10841.21
MNAR_m,AA2KP1S,15,mean,19.76,19.0,407.45,0.0005,3812.09
MNAR_m,AA2KP1S,15,reg_opt_00001,12.14,11.0,695.43,0.0009,4752.22
MNAR_m,AA2KP1S,15,tree_gp_10000,12.29,11.0,799.44,0.001,5215.89
MNAR_m,AA2KP1S,15,mlp_opt_0001,16.26,15.0,2919.32,0.0036,10785.54
MNAR_m,AA2KP1S,20,mean,18.69,18.0,375.99,0.0005,3812.25
MNAR_m,AA2KP1S,20,reg_opt_00001,12.18,11.0,682.03,0.0008,4724.16
MNAR_m,AA2KP1S,20,tree_gp_10000,12.25,11.0,803.75,0.001,5167.8
MNAR_m,AA2KP1S,20,mlp_opt_0001,15.87,15.0,2908.43,0.0036,10734.05
MNAR_m,APGIB2T,10,mean,21.98,21.0,72.69,0.0005,721.4
MNAR_m,APGIB2T,10,reg_opt_00001,15.64,12.0,110.8,0.0007,905.93
MNAR_m,APGIB2T,10,tree_gp_10000,14.65,12.0,147.39,0.001,940.15
MNAR_m,APGIB2T,10,mlp_opt_0001,19.32,17.0,521.51,0.0034,2051.79
MNAR_m,APGIB2T,15,mean,20.17,19.0,68.05,0.0004,721.44
MNAR_m,APGIB2T,15,reg_opt_00001,14.63,11.0,132.46,0.0009,900.05
MNAR_m,APGIB2T,15,tree_gp_10000,13.91,12.0,149.05,0.001,936.49
MNAR_m,APGIB2T,15,mlp_opt_0001,18.09,16.0,531.82,0.0035,2041.75
MNAR_m,APGIB2T,20,mean,18.79,17.0,65.3,0.0004,721.48
MNAR_m,APGIB2T,20,reg_opt_00001,14.0,11.0,110.91,0.0007,894.27
MNAR_m,APGIB2T,20,tree_gp_10000,13.29,11.0,144.23,0.0009,929.04
MNAR_m,APGIB2T,20,mlp_opt_0001,17.21,15.0,544.84,0.0036,2031.98
MNAR_m,APGIB2T,25,mean,17.75,16.0,65.53,0.0004,721.51
MNAR_m,APGIB2T,25,reg_opt_00001,13.55,11.0,126.44,0.0008,888.96
MNAR_m,APGIB2T,25,tree_gp_10000,12.81,11.0,129.96,0.0009,923.55
MNAR_m,APGIB2T,25,mlp_opt_0001,16.53,14.0,540.49,0.0035,2022.1
MNAR_m,APGIB2T,5,mean,25.07,24.0,78.6,0.0005,721.36
MNAR_m,APGIB2T,5,reg_opt_00001,17.45,14.0,122.22,0.0008,912.18
MNAR_m,APGIB2T,5,tree_gp_10000,15.99,12.0,162.06,0.0011,946.74
MNAR_m,APGIB2T,5,mlp_opt_0001,21.74,20.0,572.5,0.0038,2061.73
MNAR_m,AHYIJDV,5,mean,36.7,33.0,325.64,0.0005,3258.55
MNAR_m,AHYIJDV,5,reg_opt_00001,19.59,10.0,574.17,0.0008,4118.09
MNAR_m,AHYIJDV,5,tree_gp_10000,19.72,11.0,667.45,0.001,4467.49
MNAR_m,AHYIJDV,5,mlp_opt_0001,11.81,7.0,2495.26,0.0036,9314.46
MNAR_m,AHYIJDV,10,mean,31.55,27.0,321.06,0.0005,3258.74
MNAR_m,AHYIJDV,10,reg_opt_00001,20.17,12.0,562.23,0.0008,4089.2
MNAR_m,AHYIJDV,10,tree_gp_10000,20.83,13.0,678.5,0.001,4521.0
MNAR_m,AHYIJDV,10,mlp_opt_0001,26.5,22.0,2474.13,0.0036,9266.68
MNAR_m,AHYIJDV,25,mean,23.57,18.0,333.08,0.0005,3259.25
MNAR_m,AHYIJDV,25,reg_opt_00001,16.9,10.0,546.52,0.0008,4013.25
MNAR_m,AHYIJDV,25,tree_gp_10000,17.29,11.0,648.17,0.0009,4505.15
MNAR_m,AHYIJDV,25,mlp_opt_0001,14.34,9.0,2365.27,0.0034,9134.05
MNAR_m,AHYIJDV,20,mean,25.51,20.0,331.47,0.0005,3259.09
MNAR_m,AHYIJDV,20,reg_opt_00001,17.91,10.0,561.08,0.0008,4037.31
MNAR_m,AHYIJDV,20,tree_gp_10000,18.29,11.0,661.2,0.001,4527.27
MNAR_m,AHYIJDV,20,mlp_opt_0001,22.72,15.0,2421.93,0.0035,9177.3
MNAR_m,AHYIJDV,15,mean,27.99,23.0,336.97,0.0005,3258.92
MNAR_m,AHYIJDV,15,reg_opt_00001,19.15,11.0,587.98,0.0009,4063.73
MNAR_m,AHYIJDV,15,tree_gp_10000,19.63,12.0,660.63,0.001,4303.77
MNAR_m,AHYIJDV,15,mlp_opt_0001,23.72,16.0,2473.63,0.0036,9220.86
MNAR_m,ASFODQR,5,mean,57.39,54.5,701.59,0.0005,6745.84
MNAR_m,ASFODQR,5,reg_opt_00001,23.86,13.0,1258.32,0.0009,8523.1
MNAR_m,ASFODQR,5,tree_gp_10000,25.54,12.0,1467.83,0.001,9898.81
MNAR_m,ASFODQR,5,mlp_opt_0001,40.51,30.0,5175.93,0.0036,19287.24
MNAR_m,ASFODQR,20,mean,41.19,34.0,689.52,0.0005,6746.94
MNAR_m,ASFODQR,20,reg_opt_00001,26.25,13.0,1172.93,0.0008,8359.17
MNAR_m,ASFODQR,20,tree_gp_10000,26.37,13.0,1389.55,0.001,9753.28
MNAR_m,ASFODQR,20,mlp_opt_0001,32.82,21.0,4968.13,0.0035,18997.63
MNAR_m,ASFODQR,15,mean,44.97,36.0,693.99,0.0005,6746.59
MNAR_m,ASFODQR,15,reg_opt_00001,26.51,13.0,1207.57,0.0008,8410.84
MNAR_m,ASFODQR,15,tree_gp_10000,27.5,13.0,1404.99,0.001,9605.44
MNAR_m,ASFODQR,15,mlp_opt_0001,34.97,26.0,5061.23,0.0035,19085.66
MNAR_m,ASFODQR,25,mean,38.34,31.0,700.98,0.0005,6747.27
MNAR_m,ASFODQR,25,reg_opt_00001,25.7,14.0,1144.6,0.0008,8307.24
MNAR_m,ASFODQR,25,tree_gp_10000,25.38,13.0,1350.1,0.0009,9615.52
MNAR_m,ASFODQR,25,mlp_opt_0001,31.57,21.0,4983.88,0.0035,18908.32
MNAR_m,ASFODQR,10,mean,50.14,38.0,683.5,0.0005,6746.22
MNAR_m,ASFODQR,10,reg_opt_00001,25.82,12.0,1191.54,0.0008,8467.79
MNAR_m,ASFODQR,10,tree_gp_10000,26.31,12.0,1490.46,0.001,9762.75
MNAR_m,ASFODQR,10,mlp_opt_0001,37.03,26.0,5248.75,0.0037,19182.44
MNAR_m,AUY8KYW,5,mean,40.69,33.5,442.56,0.0005,4394.5
MNAR_m,AUY8KYW,5,reg_opt_00001,23.5,14.0,807.09,0.0009,5556.13
MNAR_m,AUY8KYW,5,tree_gp_10000,22.75,12.0,945.92,0.001,6346.04
MNAR_m,AUY8KYW,5,mlp_opt_0001,32.67,23.0,3406.58,0.0037,12562.62
MNAR_m,AUY8KYW,20,mean,28.78,24.0,446.52,0.0005,4395.22
MNAR_m,AUY8KYW,20,reg_opt_00001,19.42,14.0,759.92,0.0008,5446.36
MNAR_m,AUY8KYW,20,tree_gp_10000,19.09,13.0,929.3,0.001,6118.72
MNAR_m,AUY8KYW,20,mlp_opt_0001,23.37,17.0,3260.66,0.0035,12377.9
MNAR_m,AUY8KYW,10,mean,34.54,28.5,458.93,0.0005,4394.75
MNAR_m,AUY8KYW,10,reg_opt_00001,21.14,14.0,749.79,0.0008,5516.99
MNAR_m,AUY8KYW,10,tree_gp_10000,20.47,13.0,896.31,0.001,6399.61
MNAR_m,AUY8KYW,10,mlp_opt_0001,27.45,20.0,3371.43,0.0036,12496.95
MNAR_m,AUY8KYW,25,mean,26.96,22.0,437.4,0.0005,4395.43
MNAR_m,AUY8KYW,25,reg_opt_00001,18.9,13.0,755.5,0.0008,5412.11
MNAR_m,AUY8KYW,25,tree_gp_10000,18.34,12.0,892.48,0.001,6093.75
MNAR_m,AUY8KYW,25,mlp_opt_0001,22.21,16.0,3242.36,0.0035,12320.59
MNAR_m,AUY8KYW,15,mean,31.19,26.0,443.73,0.0005,4394.99
MNAR_m,AUY8KYW,15,reg_opt_00001,20.06,14.0,796.25,0.0009,5481.28
MNAR_m,AUY8KYW,15,tree_gp_10000,19.78,13.0,919.67,0.001,6201.68
MNAR_m,AUY8KYW,15,mlp_opt_0001,24.94,18.0,3375.11,0.0036,12436.15
MNAR_m,A3OU183,15,mean,19.4,17.0,37.44,0.0005,355.37
MNAR_m,A3OU183,15,reg_opt_00001,15.18,12.0,64.01,0.0009,443.02
MNAR_m,A3OU183,15,tree_gp_10000,14.4,11.0,70.83,0.0009,457.39
MNAR_m,A3OU183,15,mlp_opt_0001,18.93,16.0,257.44,0.0034,1005.6
MNAR_m,A3OU183,20,mean,17.98,16.0,34.33,0.0005,355.39
MNAR_m,A3OU183,20,reg_opt_00001,14.31,11.0,62.25,0.0008,440.58
MNAR_m,A3OU183,20,tree_gp_10000,13.55,11.0,70.08,0.0009,454.03
MNAR_m,A3OU183,20,mlp_opt_0001,17.4,14.0,263.76,0.0035,1000.94
MNAR_m,A3OU183,25,mean,16.83,14.0,32.25,0.0004,355.4
MNAR_m,A3OU183,25,reg_opt_00001,13.62,11.0,59.18,0.0008,437.95
MNAR_m,A3OU183,25,tree_gp_10000,12.98,10.0,72.13,0.001,450.63
MNAR_m,A3OU183,25,mlp_opt_0001,16.73,14.0,260.11,0.0035,996.19
MNAR_m,A3OU183,5,mean,24.54,25.0,32.21,0.0004,355.33
MNAR_m,A3OU183,5,reg_opt_00001,18.13,17.0,65.26,0.0009,449.35
MNAR_m,A3OU183,5,tree_gp_10000,17.16,15.0,79.97,0.0011,464.21
MNAR_m,A3OU183,5,mlp_opt_0001,10.45,8.0,276.08,0.0037,1015.94
MNAR_m,A3OU183,10,mean,21.39,20.0,35.43,0.0005,355.35
MNAR_m,A3OU183,10,reg_opt_00001,16.37,14.0,63.85,0.0009,446.2
MNAR_m,A3OU183,10,tree_gp_10000,15.6,13.0,71.19,0.0009,460.6
MNAR_m,A3OU183,10,mlp_opt_0001,20.56,18.0,275.16,0.0037,1010.3
MNAR_m,AOYM4KG,20,mean,30.92,27.5,76.01,0.0005,693.73
MNAR_m,AOYM4KG,20,reg_opt_00001,25.66,19.0,110.91,0.0008,859.85
MNAR_m,AOYM4KG,20,tree_gp_10000,24.67,18.0,106.55,0.0007,894.04
MNAR_m,AOYM4KG,20,mlp_opt_0001,17.74,12.0,487.56,0.0033,1953.25
MNAR_m,AOYM4KG,10,mean,35.5,31.5,76.62,0.0005,693.66
MNAR_m,AOYM4KG,10,reg_opt_00001,25.71,17.5,107.18,0.0007,871.07
MNAR_m,AOYM4KG,10,tree_gp_10000,24.83,17.0,130.41,0.0009,906.36
MNAR_m,AOYM4KG,10,mlp_opt_0001,14.03,8.0,520.83,0.0036,1972.56
MNAR_m,AOYM4KG,5,mean,40.24,34.0,76.52,0.0005,693.62
MNAR_m,AOYM4KG,5,reg_opt_00001,27.14,19.0,128.14,0.0009,876.9
MNAR_m,AOYM4KG,5,tree_gp_10000,27.84,18.0,153.55,0.001,912.02
MNAR_m,AOYM4KG,5,mlp_opt_0001,14.22,7.0,539.02,0.0037,1983.06
MNAR_m,AOYM4KG,15,mean,33.0,29.5,60.56,0.0004,693.7
MNAR_m,AOYM4KG,15,reg_opt_00001,25.73,19.0,90.38,0.0006,865.36
MNAR_m,AOYM4KG,15,tree_gp_10000,24.87,18.0,103.67,0.0007,897.23
MNAR_m,AOYM4KG,15,mlp_opt_0001,15.79,9.0,523.67,0.0036,1962.7
MNAR_m,AOYM4KG,25,mean,29.06,25.0,74.66,0.0005,693.77
MNAR_m,AOYM4KG,25,reg_opt_00001,25.11,17.0,120.21,0.0008,854.64
MNAR_m,AOYM4KG,25,tree_gp_10000,24.2,16.0,140.81,0.001,888.77
MNAR_m,AOYM4KG,25,mlp_opt_0001,18.67,12.0,515.07,0.0035,1944.95
MNAR_m,AV2GF3B,25,mean,26.34,18.0,37.92,0.0005,366.99
MNAR_m,AV2GF3B,25,reg_opt_00001,20.16,12.0,51.87,0.0007,452.02
MNAR_m,AV2GF3B,25,tree_gp_10000,21.47,12.0,74.44,0.001,465.12
MNAR_m,AV2GF3B,25,mlp_opt_0001,25.56,17.0,252.2,0.0033,1028.87
MNAR_m,AV2GF3B,20,mean,28.81,20.0,31.13,0.0004,366.97
MNAR_m,AV2GF3B,20,reg_opt_00001,21.06,12.0,66.07,0.0009,454.85
MNAR_m,AV2GF3B,20,tree_gp_10000,22.9,13.0,66.99,0.0009,468.65
MNAR_m,AV2GF3B,20,mlp_opt_0001,27.28,19.0,267.96,0.0035,1032.91
MNAR_m,AV2GF3B,15,mean,32.05,23.0,33.32,0.0004,366.95
MNAR_m,AV2GF3B,15,reg_opt_00001,22.3,13.0,67.48,0.0009,457.65
MNAR_m,AV2GF3B,15,tree_gp_10000,24.64,14.0,78.21,0.001,471.71
MNAR_m,AV2GF3B,15,mlp_opt_0001,29.43,22.0,271.77,0.0035,1038.32
MNAR_m,AV2GF3B,5,mean,43.44,40.0,35.08,0.0005,366.91
MNAR_m,AV2GF3B,5,reg_opt_00001,19.09,15.0,67.42,0.0009,463.95
MNAR_m,AV2GF3B,5,tree_gp_10000,21.51,15.5,73.81,0.001,479.46
MNAR_m,AV2GF3B,5,mlp_opt_0001,29.61,24.0,281.4,0.0036,1048.93
MNAR_m,AV2GF3B,10,mean,37.23,28.5,30.44,0.0004,366.93
MNAR_m,AV2GF3B,10,reg_opt_00001,22.61,13.0,65.73,0.0008,460.73
MNAR_m,AV2GF3B,10,tree_gp_10000,25.77,16.0,75.63,0.001,475.15
MNAR_m,AV2GF3B,10,mlp_opt_0001,31.94,27.0,293.46,0.0038,1043.55
MNAR_m,A0NVTRV,5,mean,27.63,26.0,189.61,0.0005,1760.25
MNAR_m,A0NVTRV,5,reg_opt_00001,14.1,9.0,305.19,0.0008,2225.5
MNAR_m,A0NVTRV,5,tree_gp_10000,14.04,9.0,362.2,0.001,2347.68
MNAR_m,A0NVTRV,5,mlp_opt_0001,17.69,12.0,1357.84,0.0036,5031.73
MNAR_m,A0NVTRV,25,mean,18.45,16.0,162.24,0.0004,1760.62
MNAR_m,A0NVTRV,25,reg_opt_00001,10.88,8.0,293.31,0.0008,2168.22
MNAR_m,A0NVTRV,25,tree_gp_10000,11.42,9.0,343.69,0.0009,2310.19
MNAR_m,A0NVTRV,25,mlp_opt_0001,12.58,9.0,1277.66,0.0034,4935.84
MNAR_m,A0NVTRV,20,mean,19.56,17.0,176.01,0.0005,1760.54
MNAR_m,A0NVTRV,20,reg_opt_00001,11.14,8.0,311.35,0.0008,2181.19
MNAR_m,A0NVTRV,20,tree_gp_10000,11.44,9.0,347.8,0.0009,2317.5
MNAR_m,A0NVTRV,20,mlp_opt_0001,14.15,10.0,1304.19,0.0035,4957.57
MNAR_m,A0NVTRV,10,mean,23.47,21.0,164.6,0.0004,1760.35
MNAR_m,A0NVTRV,10,reg_opt_00001,12.29,8.0,319.37,0.0009,2208.53
MNAR_m,A0NVTRV,10,tree_gp_10000,12.53,9.0,366.08,0.001,2356.1
MNAR_m,A0NVTRV,10,mlp_opt_0001,15.84,11.0,1350.04,0.0036,5006.11
MNAR_m,A0NVTRV,15,mean,21.09,19.0,176.32,0.0005,1760.44
MNAR_m,A0NVTRV,15,reg_opt_00001,11.59,8.0,301.88,0.0008,2195.52
MNAR_m,A0NVTRV,15,tree_gp_10000,11.83,8.0,320.98,0.0009,2358.15
MNAR_m,A0NVTRV,15,mlp_opt_0001,13.35,9.0,1338.64,0.0036,4981.17
MNAR_m,A1K5DRI,5,mean,33.04,27.0,405.9,0.0005,4198.6
MNAR_m,A1K5DRI,5,reg_opt_00001,17.6,10.0,736.14,0.0008,5308.61
MNAR_m,A1K5DRI,5,tree_gp_10000,17.69,10.0,906.04,0.001,5858.03
MNAR_m,A1K5DRI,5,mlp_opt_0001,22.67,16.0,3204.18,0.0036,12003.19
MNAR_m,A1K5DRI,25,mean,22.64,19.0,442.83,0.0005,4199.5
MNAR_m,A1K5DRI,25,reg_opt_00001,12.96,9.0,701.2,0.0008,5170.98
MNAR_m,A1K5DRI,25,tree_gp_10000,13.25,10.0,832.22,0.0009,5888.86
MNAR_m,A1K5DRI,25,mlp_opt_0001,16.73,12.0,3064.97,0.0035,11772.8
MNAR_m,A1K5DRI,20,mean,23.95,21.0,456.55,0.0005,4199.29
MNAR_m,A1K5DRI,20,reg_opt_00001,13.24,9.0,721.47,0.0008,5201.58
MNAR_m,A1K5DRI,20,tree_gp_10000,13.64,10.0,843.83,0.001,5901.05
MNAR_m,A1K5DRI,20,mlp_opt_0001,17.23,12.0,3119.04,0.0035,11825.52
MNAR_m,A1K5DRI,10,mean,28.24,24.0,439.6,0.0005,4198.84
MNAR_m,A1K5DRI,10,reg_opt_00001,14.93,9.0,738.92,0.0008,5270.22
MNAR_m,A1K5DRI,10,tree_gp_10000,15.12,10.0,914.64,0.001,5949.9
MNAR_m,A1K5DRI,10,mlp_opt_0001,19.42,14.0,3237.73,0.0036,11938.85
MNAR_m,A1K5DRI,15,mean,25.59,22.0,427.27,0.0005,4199.07
MNAR_m,A1K5DRI,15,reg_opt_00001,13.77,9.0,675.61,0.0008,5236.43
MNAR_m,A1K5DRI,15,tree_gp_10000,14.05,10.0,904.34,0.001,5942.89
MNAR_m,A1K5DRI,15,mlp_opt_0001,17.99,13.0,3233.8,0.0036,11881.72
MNAR_m,AYEFCWQ,10,mean,30.1,25.0,575.38,0.0005,5416.18
MNAR_m,AYEFCWQ,10,reg_opt_00001,20.96,15.0,931.22,0.0008,6798.83
MNAR_m,AYEFCWQ,10,tree_gp_10000,21.46,15.0,1066.06,0.0009,7484.61
MNAR_m,AYEFCWQ,10,mlp_opt_0001,22.12,17.0,4089.24,0.0036,15401.02
MNAR_m,AYEFCWQ,5,mean,37.02,30.0,584.09,0.0005,5415.88
MNAR_m,AYEFCWQ,5,reg_opt_00001,28.03,22.0,973.34,0.0009,6843.42
MNAR_m,AYEFCWQ,5,tree_gp_10000,28.46,23.0,1195.74,0.001,7759.2
MNAR_m,AYEFCWQ,5,mlp_opt_0001,28.39,24.0,4155.85,0.0036,15482.06
MNAR_m,AYEFCWQ,20,mean,24.52,21.0,584.39,0.0005,5416.76
MNAR_m,AYEFCWQ,20,reg_opt_00001,16.6,12.0,926.81,0.0008,6710.77
MNAR_m,AYEFCWQ,20,tree_gp_10000,17.17,12.0,1063.1,0.0009,7483.25
MNAR_m,AYEFCWQ,20,mlp_opt_0001,16.57,12.0,4003.93,0.0035,15255.57
MNAR_m,AYEFCWQ,25,mean,22.96,19.0,535.41,0.0005,5417.03
MNAR_m,AYEFCWQ,25,reg_opt_00001,15.74,11.0,898.04,0.0008,6670.89
MNAR_m,AYEFCWQ,25,tree_gp_10000,16.34,12.0,1087.79,0.001,7523.57
MNAR_m,AYEFCWQ,25,mlp_opt_0001,15.19,11.0,3974.08,0.0035,15185.73
MNAR_m,AYEFCWQ,15,mean,26.66,22.0,564.7,0.0005,5416.48
MNAR_m,AYEFCWQ,15,reg_opt_00001,18.01,12.0,958.53,0.0008,6754.4
MNAR_m,AYEFCWQ,15,tree_gp_10000,18.69,13.0,1084.6,0.0009,7417.84
MNAR_m,AYEFCWQ,15,mlp_opt_0001,18.73,13.0,4155.89,0.0036,15326.31
MNAR_m,AMV7EQF,10,mean,30.84,28.0,391.89,0.0005,4107.9
MNAR_m,AMV7EQF,10,reg_opt_00001,15.75,11.0,694.49,0.0008,5157.09
MNAR_m,AMV7EQF,10,tree_gp_10000,15.03,11.0,890.31,0.001,5666.46
MNAR_m,AMV7EQF,10,mlp_opt_0001,19.96,16.0,3091.51,0.0036,11683.11
MNAR_m,AMV7EQF,5,mean,35.19,31.0,405.38,0.0005,4107.66
MNAR_m,AMV7EQF,5,reg_opt_00001,19.01,13.0,718.34,0.0008,5190.22
MNAR_m,AMV7EQF,5,tree_gp_10000,18.12,13.0,901.54,0.001,5578.05
MNAR_m,AMV7EQF,5,mlp_opt_0001,23.46,19.0,3166.11,0.0036,11742.88
MNAR_m,AMV7EQF,25,mean,25.91,24.0,429.87,0.0005,4108.54
MNAR_m,AMV7EQF,25,reg_opt_00001,13.7,11.0,689.29,0.0008,5059.36
MNAR_m,AMV7EQF,25,tree_gp_10000,13.24,11.0,825.1,0.001,5633.22
MNAR_m,AMV7EQF,25,mlp_opt_0001,17.33,15.0,3007.61,0.0035,11516.06
MNAR_m,AMV7EQF,15,mean,28.54,26.0,393.15,0.0005,4108.12
MNAR_m,AMV7EQF,15,reg_opt_00001,14.65,11.0,712.16,0.0008,5123.32
MNAR_m,AMV7EQF,15,tree_gp_10000,13.96,11.0,839.37,0.001,5720.33
MNAR_m,AMV7EQF,15,mlp_opt_0001,18.59,16.0,3132.39,0.0036,11621.76
MNAR_m,AMV7EQF,20,mean,27.01,25.0,449.41,0.0005,4108.34
MNAR_m,AMV7EQF,20,reg_opt_00001,14.1,11.0,722.91,0.0008,5089.84
MNAR_m,AMV7EQF,20,tree_gp_10000,13.5,10.0,851.55,0.001,5709.27
MNAR_m,AMV7EQF,20,mlp_opt_0001,17.79,16.0,3170.36,0.0037,11567.5
MNAR_m,AZIK4ZA,5,mean,43.68,43.5,347.96,0.0005,3495.57
MNAR_m,AZIK4ZA,5,reg_opt_00001,12.04,8.0,661.41,0.0009,4418.58
MNAR_m,AZIK4ZA,5,tree_gp_10000,11.94,7.0,742.14,0.001,4811.15
MNAR_m,AZIK4ZA,5,mlp_opt_0001,24.61,13.0,2645.56,0.0036,9989.74
MNAR_m,AZIK4ZA,25,mean,34.0,31.0,347.47,0.0005,3496.31
MNAR_m,AZIK4ZA,25,reg_opt_00001,18.24,11.0,575.06,0.0008,4305.4
MNAR_m,AZIK4ZA,25,tree_gp_10000,19.06,11.0,681.5,0.0009,4678.64
MNAR_m,AZIK4ZA,25,mlp_opt_0001,25.81,19.0,2519.23,0.0034,9800.7
MNAR_m,AZIK4ZA,10,mean,40.37,39.0,362.14,0.0005,3495.77
MNAR_m,AZIK4ZA,10,reg_opt_00001,15.23,9.0,606.84,0.0008,4387.26
MNAR_m,AZIK4ZA,10,tree_gp_10000,15.69,9.0,762.96,0.001,4776.08
MNAR_m,AZIK4ZA,10,mlp_opt_0001,25.97,16.0,2641.8,0.0036,9942.47
MNAR_m,AZIK4ZA,15,mean,37.82,36.0,357.39,0.0005,3495.96
MNAR_m,AZIK4ZA,15,reg_opt_00001,16.57,9.0,597.12,0.0008,4359.69
MNAR_m,AZIK4ZA,15,tree_gp_10000,17.19,10.0,700.31,0.0009,4807.71
MNAR_m,AZIK4ZA,15,mlp_opt_0001,25.62,17.0,2612.73,0.0035,9891.08
MNAR_m,AZIK4ZA,20,mean,35.68,33.0,371.63,0.0005,3496.14
MNAR_m,AZIK4ZA,20,reg_opt_00001,17.24,10.0,606.34,0.0008,4331.85
MNAR_m,AZIK4ZA,20,tree_gp_10000,18.77,10.0,708.27,0.001,4712.89
MNAR_m,AZIK4ZA,20,mlp_opt_0001,25.57,18.0,2635.26,0.0036,9845.45
MNAR_m,AJWW3IY,5,mean,30.02,30.0,315.82,0.0005,3305.79
MNAR_m,AJWW3IY,5,reg_opt_00001,13.26,9.0,606.36,0.0009,4179.01
MNAR_m,AJWW3IY,5,tree_gp_10000,13.01,10.0,691.52,0.001,4519.4
MNAR_m,AJWW3IY,5,mlp_opt_0001,18.9,14.0,2531.1,0.0036,9451.55
MNAR_m,AJWW3IY,20,mean,23.22,21.0,313.38,0.0004,3306.33
MNAR_m,AJWW3IY,20,reg_opt_00001,12.11,9.0,549.24,0.0008,4096.13
MNAR_m,AJWW3IY,20,tree_gp_10000,12.15,9.0,672.58,0.001,4498.47
MNAR_m,AJWW3IY,20,mlp_opt_0001,15.82,13.0,2442.08,0.0035,9311.36
MNAR_m,AJWW3IY,10,mean,26.66,25.0,313.58,0.0004,3305.98
MNAR_m,AJWW3IY,10,reg_opt_00001,12.48,9.0,579.47,0.0008,4149.26
MNAR_m,AJWW3IY,10,tree_gp_10000,12.58,9.0,649.27,0.0009,4633.14
MNAR_m,AJWW3IY,10,mlp_opt_0001,17.28,14.0,2520.18,0.0036,9402.26
MNAR_m,AJWW3IY,25,mean,22.04,20.0,328.92,0.0005,3306.49
MNAR_m,AJWW3IY,25,reg_opt_00001,11.97,9.0,560.82,0.0008,4071.15
MNAR_m,AJWW3IY,25,tree_gp_10000,11.97,9.0,635.22,0.0009,4400.16
MNAR_m,AJWW3IY,25,mlp_opt_0001,15.43,12.0,2440.44,0.0035,9268.98
MNAR_m,AJWW3IY,15,mean,24.65,23.0,338.65,0.0005,3306.16
MNAR_m,AJWW3IY,15,reg_opt_00001,12.29,9.0,564.22,0.0008,4121.87
MNAR_m,AJWW3IY,15,tree_gp_10000,12.44,9.0,669.63,0.001,4609.39
MNAR_m,AJWW3IY,15,mlp_opt_0001,16.41,13.0,2513.27,0.0036,9356.03
MNAR_m,AX6281V,15,mean,31.32,24.5,332.87,0.0005,3213.79
MNAR_m,AX6281V,15,reg_opt_00001,17.87,10.0,557.14,0.0008,4006.68
MNAR_m,AX6281V,15,tree_gp_10000,18.41,10.0,667.42,0.001,4332.5
MNAR_m,AX6281V,15,mlp_opt_0001,13.4,7.0,2386.06,0.0035,9093.46
MNAR_m,AX6281V,20,mean,28.49,21.0,333.39,0.0005,3213.96
MNAR_m,AX6281V,20,reg_opt_00001,18.16,10.0,532.02,0.0008,3981.52
MNAR_m,AX6281V,20,tree_gp_10000,18.81,10.0,669.88,0.001,4405.89
MNAR_m,AX6281V,20,mlp_opt_0001,14.35,7.0,2367.04,0.0035,9051.22
MNAR_m,AX6281V,25,mean,26.16,19.0,316.78,0.0005,3214.12
MNAR_m,AX6281V,25,reg_opt_00001,17.87,10.0,556.59,0.0008,3958.2
MNAR_m,AX6281V,25,tree_gp_10000,18.37,10.0,653.65,0.001,4420.45
MNAR_m,AX6281V,25,mlp_opt_0001,14.32,7.0,2361.8,0.0035,9009.8
MNAR_m,AX6281V,10,mean,35.15,28.5,339.68,0.0005,3213.62
MNAR_m,AX6281V,10,reg_opt_00001,17.24,9.0,557.29,0.0008,4033.86
MNAR_m,AX6281V,10,tree_gp_10000,18.22,9.0,624.19,0.0009,4390.57
MNAR_m,AX6281V,10,mlp_opt_0001,12.45,6.0,2462.47,0.0036,9138.41
MNAR_m,AX6281V,5,mean,41.67,34.5,328.38,0.0005,3213.43
MNAR_m,AX6281V,5,reg_opt_00001,17.67,9.0,549.31,0.0008,4062.23
MNAR_m,AX6281V,5,tree_gp_10000,20.32,10.0,703.57,0.001,4365.1
MNAR_m,AX6281V,5,mlp_opt_0001,12.06,5.0,2546.09,0.0037,9184.34
MNAR_m,AYWIEKR,5,mean,33.14,31.5,419.51,0.0005,4100.51
MNAR_m,AYWIEKR,5,reg_opt_00001,16.39,10.0,706.75,0.0008,5183.14
MNAR_m,AYWIEKR,5,tree_gp_10000,15.87,10.0,917.42,0.0011,5835.03
MNAR_m,AYWIEKR,5,mlp_opt_0001,23.2,18.0,3143.6,0.0036,11724.68
MNAR_m,AYWIEKR,10,mean,29.61,28.0,441.22,0.0005,4100.74
MNAR_m,AYWIEKR,10,reg_opt_00001,15.81,10.0,753.28,0.0009,5149.08
MNAR_m,AYWIEKR,10,tree_gp_10000,15.08,10.0,870.11,0.001,5711.09
MNAR_m,AYWIEKR,10,mlp_opt_0001,20.99,16.0,3094.94,0.0036,11661.23
MNAR_m,AYWIEKR,20,mean,25.63,24.0,420.28,0.0005,4101.18
MNAR_m,AYWIEKR,20,reg_opt_00001,15.13,10.0,690.35,0.0008,5081.78
MNAR_m,AYWIEKR,20,tree_gp_10000,14.88,10.0,765.6,0.0009,5463.82
MNAR_m,AYWIEKR,20,mlp_opt_0001,18.86,14.0,3041.79,0.0035,11549.76
MNAR_m,AYWIEKR,15,mean,27.35,26.0,403.14,0.0005,4100.97
MNAR_m,AYWIEKR,15,reg_opt_00001,15.36,10.0,718.27,0.0008,5114.35
MNAR_m,AYWIEKR,15,tree_gp_10000,15.01,10.0,812.1,0.0009,5622.38
MNAR_m,AYWIEKR,15,mlp_opt_0001,19.71,15.0,3093.31,0.0036,11604.14
MNAR_m,AYWIEKR,25,mean,24.25,21.0,411.54,0.0005,4101.38
MNAR_m,AYWIEKR,25,reg_opt_00001,14.81,10.0,681.58,0.0008,5050.91
MNAR_m,AYWIEKR,25,tree_gp_10000,14.59,10.0,792.94,0.0009,5509.56
MNAR_m,AYWIEKR,25,mlp_opt_0001,18.24,13.0,3026.52,0.0035,11497.14
MNAR_m,ATHKM6V,10,mean,19.47,18.0,223.89,0.0005,2173.98
MNAR_m,ATHKM6V,10,reg_opt_00001,13.36,10.0,386.21,0.0008,2729.19
MNAR_m,ATHKM6V,10,tree_gp_10000,12.92,10.0,435.56,0.0009,2884.63
MNAR_m,ATHKM6V,10,mlp_opt_0001,16.68,13.0,1583.49,0.0034,6182.38
MNAR_m,ATHKM6V,15,mean,17.52,15.0,220.62,0.0005,2174.1
MNAR_m,ATHKM6V,15,reg_opt_00001,12.22,9.0,373.64,0.0008,2710.8
MNAR_m,ATHKM6V,15,tree_gp_10000,11.79,9.0,438.23,0.001,2902.88
MNAR_m,ATHKM6V,15,mlp_opt_0001,8.85,6.0,1626.96,0.0035,6152.54
MNAR_m,ATHKM6V,5,mean,22.54,23.0,219.08,0.0005,2174.08
MNAR_m,ATHKM6V,5,reg_opt_00001,14.85,11.0,383.69,0.0008,2748.44
MNAR_m,ATHKM6V,5,tree_gp_10000,14.56,11.0,409.25,0.0009,2909.24
MNAR_m,ATHKM6V,5,mlp_opt_0001,19.36,18.0,1671.56,0.0036,6214.69
MNAR_m,ATHKM6V,20,mean,16.28,14.0,229.57,0.0005,2174.21
MNAR_m,ATHKM6V,20,reg_opt_00001,11.47,9.0,377.42,0.0008,2693.82
MNAR_m,ATHKM6V,20,tree_gp_10000,11.12,9.0,444.1,0.001,2872.32
MNAR_m,ATHKM6V,20,mlp_opt_0001,13.96,11.0,1617.96,0.0035,6123.32
MNAR_m,ATHKM6V,25,mean,15.28,13.0,196.14,0.0004,2174.32
MNAR_m,ATHKM6V,25,reg_opt_00001,10.8,8.0,363.74,0.0008,2678.01
MNAR_m,ATHKM6V,25,tree_gp_10000,10.5,8.0,424.46,0.0009,2834.37
MNAR_m,ATHKM6V,25,mlp_opt_0001,13.17,11.0,1623.46,0.0035,6095.05
MNAR_m,AFPB8J2,5,mean,29.79,27.0,374.32,0.0005,3600.35
MNAR_m,AFPB8J2,5,reg_opt_00001,14.24,10.0,647.49,0.0009,4549.39
MNAR_m,AFPB8J2,5,tree_gp_10000,14.27,10.0,736.45,0.001,4967.0
MNAR_m,AFPB8J2,5,mlp_opt_0001,19.8,13.0,2727.85,0.0036,10292.52
MNAR_m,AFPB8J2,10,mean,26.16,24.0,364.71,0.0005,3600.56
MNAR_m,AFPB8J2,10,reg_opt_00001,13.64,10.0,628.24,0.0008,4520.62
MNAR_m,AFPB8J2,10,tree_gp_10000,13.12,9.0,726.89,0.001,4906.39
MNAR_m,AFPB8J2,10,mlp_opt_0001,17.9,13.0,2699.15,0.0035,10238.78
MNAR_m,AFPB8J2,20,mean,22.46,20.0,350.82,0.0005,3600.94
MNAR_m,AFPB8J2,20,reg_opt_00001,13.26,10.0,608.43,0.0008,4462.29
MNAR_m,AFPB8J2,20,tree_gp_10000,12.79,10.0,732.39,0.001,4813.97
MNAR_m,AFPB8J2,20,mlp_opt_0001,16.32,12.0,2670.32,0.0035,10140.71
MNAR_m,AFPB8J2,25,mean,21.16,18.0,360.75,0.0005,3601.12
MNAR_m,AFPB8J2,25,reg_opt_00001,13.09,10.0,597.18,0.0008,4435.01
MNAR_m,AFPB8J2,25,tree_gp_10000,12.84,10.0,676.73,0.0009,4784.72
MNAR_m,AFPB8J2,25,mlp_opt_0001,15.79,12.0,2634.03,0.0035,10094.56
MNAR_m,AFPB8J2,15,mean,24.09,21.0,388.29,0.0005,3600.75
MNAR_m,AFPB8J2,15,reg_opt_00001,13.45,10.0,567.64,0.0007,4490.39
MNAR_m,AFPB8J2,15,tree_gp_10000,12.9,10.0,721.87,0.0009,4868.15
MNAR_m,AFPB8J2,15,mlp_opt_0001,16.95,13.0,2724.86,0.0036,10187.39
MNAR_m,A0VFT1N,5,mean,42.0,33.5,445.69,0.0005,4135.71
MNAR_m,A0VFT1N,5,reg_opt_00001,19.26,11.0,757.61,0.0009,5228.89
MNAR_m,A0VFT1N,5,tree_gp_10000,20.28,10.0,894.22,0.001,5735.87
MNAR_m,A0VFT1N,5,mlp_opt_0001,27.77,18.0,3140.96,0.0036,11823.6
MNAR_m,A0VFT1N,10,mean,35.3,28.0,429.97,0.0005,4135.94
MNAR_m,A0VFT1N,10,reg_opt_00001,17.5,10.0,731.39,0.0008,5188.72
MNAR_m,A0VFT1N,10,tree_gp_10000,17.5,9.0,850.92,0.001,5813.78
MNAR_m,A0VFT1N,10,mlp_opt_0001,23.89,16.0,3141.99,0.0036,11761.73
MNAR_m,A0VFT1N,20,mean,29.6,23.0,413.06,0.0005,4136.38
MNAR_m,A0VFT1N,20,reg_opt_00001,16.24,10.0,731.16,0.0008,5125.67
MNAR_m,A0VFT1N,20,tree_gp_10000,16.1,10.0,808.77,0.0009,5673.54
MNAR_m,A0VFT1N,20,mlp_opt_0001,21.1,15.0,3055.97,0.0035,11647.32
MNAR_m,A0VFT1N,15,mean,31.9,25.0,435.99,0.0005,4136.17
MNAR_m,A0VFT1N,15,reg_opt_00001,16.51,10.0,704.89,0.0008,5157.8
MNAR_m,A0VFT1N,15,tree_gp_10000,16.61,10.0,860.77,0.001,5738.46
MNAR_m,A0VFT1N,15,mlp_opt_0001,22.07,15.0,3129.86,0.0036,11704.25
MNAR_m,A0VFT1N,25,mean,27.87,22.0,411.21,0.0005,4136.59
MNAR_m,A0VFT1N,25,reg_opt_00001,16.07,11.0,684.1,0.0008,5094.72
MNAR_m,A0VFT1N,25,tree_gp_10000,15.9,10.0,835.77,0.001,5618.77
MNAR_m,A0VFT1N,25,mlp_opt_0001,20.44,14.0,3042.66,0.0035,11595.62
MNAR_m,AURCTAK,5,mean,34.95,27.5,58.1,0.0005,564.51
MNAR_m,AURCTAK,5,reg_opt_00001,26.65,21.0,107.43,0.0009,713.8
MNAR_m,AURCTAK,5,tree_gp_10000,25.45,18.0,110.32,0.0009,739.32
MNAR_m,AURCTAK,5,mlp_opt_0001,17.6,8.0,422.41,0.0035,1614.1
MNAR_m,AURCTAK,15,mean,25.3,19.0,46.16,0.0004,564.57
MNAR_m,AURCTAK,15,reg_opt_00001,19.82,13.0,82.87,0.0007,704.29
MNAR_m,AURCTAK,15,tree_gp_10000,19.12,12.0,118.8,0.001,729.1
MNAR_m,AURCTAK,15,mlp_opt_0001,15.22,8.0,425.5,0.0036,1597.53
MNAR_m,AURCTAK,25,mean,21.39,16.0,55.57,0.0005,564.63
MNAR_m,AURCTAK,25,reg_opt_00001,17.23,11.0,90.76,0.0008,695.62
MNAR_m,AURCTAK,25,tree_gp_10000,16.68,11.0,84.22,0.0007,720.74
MNAR_m,AURCTAK,25,mlp_opt_0001,13.7,8.0,416.75,0.0035,1582.96
MNAR_m,AURCTAK,20,mean,23.08,17.0,56.68,0.0005,564.6
MNAR_m,AURCTAK,20,reg_opt_00001,18.32,12.0,100.99,0.0008,699.89
MNAR_m,AURCTAK,20,tree_gp_10000,17.73,12.0,109.36,0.0009,723.57
MNAR_m,AURCTAK,20,mlp_opt_0001,14.38,8.0,422.84,0.0035,1589.54
MNAR_m,AURCTAK,10,mean,28.8,22.0,55.37,0.0005,564.54
MNAR_m,AURCTAK,10,reg_opt_00001,22.34,15.0,104.87,0.0009,708.97
MNAR_m,AURCTAK,10,tree_gp_10000,21.48,14.0,107.26,0.0009,734.71
MNAR_m,AURCTAK,10,mlp_opt_0001,16.54,8.0,437.88,0.0037,1605.57
MNAR_m,A36HR6Y,25,mean,21.26,19.0,198.66,0.0005,1968.64
MNAR_m,A36HR6Y,25,reg_opt_00001,13.87,11.0,331.65,0.0008,2424.33
MNAR_m,A36HR6Y,25,tree_gp_10000,14.09,11.0,356.4,0.0009,2569.34
MNAR_m,A36HR6Y,25,mlp_opt_0001,16.48,14.0,1398.69,0.0034,5519.32
MNAR_m,A36HR6Y,20,mean,22.65,20.0,214.25,0.0005,1968.54
MNAR_m,A36HR6Y,20,reg_opt_00001,14.02,11.0,315.52,0.0008,2438.78
MNAR_m,A36HR6Y,20,tree_gp_10000,13.92,11.0,383.83,0.0009,2555.96
MNAR_m,A36HR6Y,20,mlp_opt_0001,16.76,14.0,1437.1,0.0035,5541.48
MNAR_m,A36HR6Y,10,mean,26.65,25.0,207.15,0.0005,1968.34
MNAR_m,A36HR6Y,10,reg_opt_00001,14.17,11.0,340.03,0.0008,2471.35
MNAR_m,A36HR6Y,10,tree_gp_10000,14.18,11.0,393.21,0.0009,2626.91
MNAR_m,A36HR6Y,10,mlp_opt_0001,18.25,15.0,1484.89,0.0036,5597.82
MNAR_m,A36HR6Y,15,mean,24.39,22.0,198.42,0.0005,1968.44
MNAR_m,A36HR6Y,15,reg_opt_00001,14.14,11.0,348.82,0.0008,2454.65
MNAR_m,A36HR6Y,15,tree_gp_10000,13.83,11.0,405.52,0.001,2648.08
MNAR_m,A36HR6Y,15,mlp_opt_0001,17.53,15.0,1479.17,0.0036,5570.07
MNAR_m,A36HR6Y,5,mean,30.26,31.0,201.57,0.0005,1968.23
MNAR_m,A36HR6Y,5,reg_opt_00001,13.81,10.0,378.21,0.0009,2488.43
MNAR_m,A36HR6Y,5,tree_gp_10000,13.43,9.0,393.5,0.0009,2652.64
MNAR_m,A36HR6Y,5,mlp_opt_0001,19.2,16.0,1541.53,0.0037,5627.28
MNAR_m,A4E0D03,15,mean,25.02,23.0,333.37,0.0005,3485.2
MNAR_m,A4E0D03,15,reg_opt_00001,11.86,9.0,618.59,0.0008,4345.47
MNAR_m,A4E0D03,15,tree_gp_10000,11.93,9.0,673.51,0.0009,4717.2
MNAR_m,A4E0D03,15,mlp_opt_0001,15.5,13.0,2568.56,0.0035,9861.61
MNAR_m,A4E0D03,5,mean,30.1,30.0,350.29,0.0005,3484.81
MNAR_m,A4E0D03,5,reg_opt_00001,12.14,9.0,544.65,0.0007,4406.21
MNAR_m,A4E0D03,5,tree_gp_10000,12.51,9.0,744.21,0.001,4859.93
MNAR_m,A4E0D03,5,mlp_opt_0001,17.46,15.0,2679.48,0.0036,9962.64
MNAR_m,A4E0D03,20,mean,23.62,21.0,351.66,0.0005,3485.38
MNAR_m,A4E0D03,20,reg_opt_00001,11.8,9.0,604.08,0.0008,4319.21
MNAR_m,A4E0D03,20,tree_gp_10000,11.92,9.0,656.46,0.0009,4674.5
MNAR_m,A4E0D03,20,mlp_opt_0001,15.09,12.0,2587.02,0.0035,9814.75
MNAR_m,A4E0D03,10,mean,26.92,26.0,346.07,0.0005,3485.01
MNAR_m,A4E0D03,10,reg_opt_00001,11.96,9.0,646.42,0.0009,4374.87
MNAR_m,A4E0D03,10,tree_gp_10000,11.91,9.0,702.2,0.001,4774.47
MNAR_m,A4E0D03,10,mlp_opt_0001,16.14,14.0,2680.2,0.0036,9911.49
MNAR_m,A4E0D03,25,mean,22.48,20.0,339.73,0.0005,3485.55
MNAR_m,A4E0D03,25,reg_opt_00001,11.64,9.0,602.29,0.0008,4292.21
MNAR_m,A4E0D03,25,tree_gp_10000,11.56,9.0,702.59,0.001,4590.93
MNAR_m,A4E0D03,25,mlp_opt_0001,14.71,12.0,2606.15,0.0035,9770.26
MNAR_m,AJMQUVV,15,mean,26.08,25.0,457.62,0.0005,4246.01
MNAR_m,AJMQUVV,15,reg_opt_00001,12.04,9.0,749.63,0.0008,5293.97
MNAR_m,AJMQUVV,15,tree_gp_10000,12.5,10.0,903.79,0.001,5827.95
MNAR_m,AJMQUVV,15,mlp_opt_0001,9.46,7.0,3202.24,0.0036,12015.44
MNAR_m,AJMQUVV,20,mean,24.81,24.0,439.33,0.0005,4246.23
MNAR_m,AJMQUVV,20,reg_opt_00001,11.99,10.0,734.9,0.0008,5261.58
MNAR_m,AJMQUVV,20,tree_gp_10000,12.37,10.0,854.26,0.001,5842.63
MNAR_m,AJMQUVV,20,mlp_opt_0001,8.14,7.0,3169.52,0.0035,11957.47
MNAR_m,AJMQUVV,25,mean,23.77,22.0,438.42,0.0005,4246.44
MNAR_m,AJMQUVV,25,reg_opt_00001,12.03,10.0,722.07,0.0008,5229.03
MNAR_m,AJMQUVV,25,tree_gp_10000,12.5,10.0,846.29,0.0009,5855.2
MNAR_m,AJMQUVV,25,mlp_opt_0001,15.68,13.0,3131.27,0.0035,11901.75
MNAR_m,AJMQUVV,10,mean,27.71,27.0,401.53,0.0004,4245.78
MNAR_m,AJMQUVV,10,reg_opt_00001,12.23,10.0,760.43,0.0008,5329.21
MNAR_m,AJMQUVV,10,tree_gp_10000,12.51,10.0,882.48,0.001,5818.29
MNAR_m,AJMQUVV,10,mlp_opt_0001,7.43,6.0,3257.56,0.0036,12075.27
MNAR_m,AJMQUVV,5,mean,30.31,31.0,416.14,0.0005,4245.53
MNAR_m,AJMQUVV,5,reg_opt_00001,12.95,10.0,760.65,0.0008,5365.86
MNAR_m,AJMQUVV,5,tree_gp_10000,12.72,10.0,903.38,0.001,5851.58
MNAR_m,AJMQUVV,5,mlp_opt_0001,17.7,15.0,3299.46,0.0037,12138.34
MNAR_m,A4G0044,10,mean,30.45,26.0,58.52,0.0005,587.52
MNAR_m,A4G0044,10,reg_opt_00001,23.67,18.0,103.0,0.0008,737.74
MNAR_m,A4G0044,10,tree_gp_10000,21.85,16.0,109.38,0.0009,764.42
MNAR_m,A4G0044,10,mlp_opt_0001,29.01,24.0,414.36,0.0033,1670.71
MNAR_m,A4G0044,20,mean,25.06,21.0,61.32,0.0005,587.58
MNAR_m,A4G0044,20,reg_opt_00001,19.83,15.0,91.55,0.0007,728.32
MNAR_m,A4G0044,20,tree_gp_10000,17.81,13.0,113.92,0.0009,755.54
MNAR_m,A4G0044,20,mlp_opt_0001,24.14,18.0,426.98,0.0034,1654.94
MNAR_m,A4G0044,5,mean,36.34,31.5,64.65,0.0005,587.48
MNAR_m,A4G0044,5,reg_opt_00001,28.43,24.0,89.65,0.0007,742.7
MNAR_m,A4G0044,5,tree_gp_10000,26.06,21.5,109.78,0.0009,769.83
MNAR_m,A4G0044,5,mlp_opt_0001,34.76,29.0,451.63,0.0036,1679.57
MNAR_m,A4G0044,15,mean,27.22,23.5,64.89,0.0005,587.55
MNAR_m,A4G0044,15,reg_opt_00001,21.26,16.0,96.22,0.0008,733.01
MNAR_m,A4G0044,15,tree_gp_10000,19.17,14.0,114.9,0.0009,760.25
MNAR_m,A4G0044,15,mlp_opt_0001,25.98,20.0,448.46,0.0036,1662.64
MNAR_m,A4G0044,25,mean,23.36,18.0,58.62,0.0005,587.61
MNAR_m,A4G0044,25,reg_opt_00001,18.82,14.0,103.82,0.0008,723.99
MNAR_m,A4G0044,25,tree_gp_10000,16.7,12.0,122.12,0.001,750.88
MNAR_m,A4G0044,25,mlp_opt_0001,22.68,17.0,446.46,0.0036,1647.27
MNAR_m,AIFDJZB,20,mean,36.18,35.0,600.3,0.0005,5892.68
MNAR_m,AIFDJZB,20,reg_opt_00001,22.12,15.0,1044.75,0.0008,7301.84
MNAR_m,AIFDJZB,20,tree_gp_10000,22.88,15.0,1216.91,0.001,8117.03
MNAR_m,AIFDJZB,20,mlp_opt_0001,13.41,8.0,4421.65,0.0036,16592.21
MNAR_m,AIFDJZB,10,mean,42.32,41.5,613.07,0.0005,5892.05
MNAR_m,AIFDJZB,10,reg_opt_00001,20.07,13.0,1058.13,0.0008,7393.59
MNAR_m,AIFDJZB,10,tree_gp_10000,22.96,13.0,1287.12,0.001,8414.15
MNAR_m,AIFDJZB,10,mlp_opt_0001,12.03,7.0,4553.59,0.0037,16757.6
MNAR_m,AIFDJZB,5,mean,48.58,46.5,625.64,0.0005,5891.71
MNAR_m,AIFDJZB,5,reg_opt_00001,17.55,12.0,1050.55,0.0008,7447.09
MNAR_m,AIFDJZB,5,tree_gp_10000,25.17,14.0,1301.59,0.001,8281.08
MNAR_m,AIFDJZB,5,mlp_opt_0001,11.63,7.0,4637.66,0.0037,16839.38
MNAR_m,AIFDJZB,15,mean,38.71,38.0,608.78,0.0005,5892.37
MNAR_m,AIFDJZB,15,reg_opt_00001,21.72,15.0,1062.95,0.0009,7345.8
MNAR_m,AIFDJZB,15,tree_gp_10000,22.79,15.0,1255.27,0.001,8451.61
MNAR_m,AIFDJZB,15,mlp_opt_0001,12.71,8.0,4501.69,0.0036,16673.58
MNAR_m,AIFDJZB,25,mean,34.11,32.0,602.01,0.0005,5892.97
MNAR_m,AIFDJZB,25,reg_opt_00001,22.37,15.0,993.77,0.0008,7256.0
MNAR_m,AIFDJZB,25,tree_gp_10000,22.57,15.0,1212.71,0.001,8435.02
MNAR_m,AIFDJZB,25,mlp_opt_0001,14.07,9.0,4428.99,0.0036,16520.23
MNAR_m,AQC0L71,20,mean,18.73,17.0,260.26,0.0005,2441.95
MNAR_m,AQC0L71,20,reg_opt_00001,11.88,9.0,432.72,0.0008,3026.18
MNAR_m,AQC0L71,20,tree_gp_10000,11.61,9.0,520.23,0.001,3204.4
MNAR_m,AQC0L71,20,mlp_opt_0001,14.93,12.0,1846.79,0.0036,6877.17
MNAR_m,AQC0L71,15,mean,20.04,20.0,250.69,0.0005,2441.83
MNAR_m,AQC0L71,15,reg_opt_00001,12.14,9.0,430.59,0.0008,3045.44
MNAR_m,AQC0L71,15,tree_gp_10000,11.81,9.0,527.17,0.001,3208.25
MNAR_m,AQC0L71,15,mlp_opt_0001,15.52,13.0,1882.3,0.0036,6908.85
MNAR_m,AQC0L71,5,mean,24.59,25.0,248.99,0.0005,2441.55
MNAR_m,AQC0L71,5,reg_opt_00001,13.35,10.0,461.55,0.0009,3083.36
MNAR_m,AQC0L71,5,tree_gp_10000,12.13,9.0,550.04,0.0011,3244.12
MNAR_m,AQC0L71,5,mlp_opt_0001,17.87,15.0,1947.87,0.0038,6980.15
MNAR_m,AQC0L71,10,mean,21.75,21.0,262.06,0.0005,2441.69
MNAR_m,AQC0L71,10,reg_opt_00001,12.6,10.0,460.19,0.0009,3065.51
MNAR_m,AQC0L71,10,tree_gp_10000,11.85,9.0,546.44,0.0011,3244.23
MNAR_m,AQC0L71,10,mlp_opt_0001,16.31,13.0,1923.62,0.0037,6943.78
MNAR_m,AQC0L71,25,mean,17.77,16.0,249.88,0.0005,2442.07
MNAR_m,AQC0L71,25,reg_opt_00001,11.74,9.0,433.93,0.0008,3007.95
MNAR_m,AQC0L71,25,tree_gp_10000,11.38,9.0,499.26,0.001,3215.02
MNAR_m,AQC0L71,25,mlp_opt_0001,14.55,12.0,1851.55,0.0036,6845.82
MNAR_m,A7EM0B6,5,mean,37.45,31.0,342.56,0.0005,3037.81
MNAR_m,A7EM0B6,5,reg_opt_00001,17.95,9.0,561.39,0.0009,3835.71
MNAR_m,A7EM0B6,5,tree_gp_10000,18.75,9.0,668.75,0.001,4233.63
MNAR_m,A7EM0B6,5,mlp_opt_0001,10.8,4.0,2342.21,0.0036,8684.66
MNAR_m,A7EM0B6,20,mean,26.19,22.0,291.06,0.0005,3038.3
MNAR_m,A7EM0B6,20,reg_opt_00001,17.53,11.0,530.92,0.0008,3764.78
MNAR_m,A7EM0B6,20,tree_gp_10000,17.29,11.0,634.66,0.001,4226.39
MNAR_m,A7EM0B6,20,mlp_opt_0001,11.68,6.0,2255.37,0.0035,8555.74
MNAR_m,A7EM0B6,25,mean,24.35,19.0,285.33,0.0004,3038.45
MNAR_m,A7EM0B6,25,reg_opt_00001,17.14,11.0,525.49,0.0008,3742.38
MNAR_m,A7EM0B6,25,tree_gp_10000,17.05,11.0,604.63,0.0009,4122.16
MNAR_m,A7EM0B6,25,mlp_opt_0001,20.94,14.0,2285.41,0.0036,8516.75
MNAR_m,A7EM0B6,10,mean,31.62,27.5,320.46,0.0005,3037.98
MNAR_m,A7EM0B6,10,reg_opt_00001,17.53,11.0,566.92,0.0009,3814.23
MNAR_m,A7EM0B6,10,tree_gp_10000,18.07,11.0,648.96,0.001,4218.17
MNAR_m,A7EM0B6,10,mlp_opt_0001,10.64,5.0,2387.44,0.0037,8640.39
MNAR_m,A7EM0B6,15,mean,28.48,24.5,281.94,0.0004,3038.15
MNAR_m,A7EM0B6,15,reg_opt_00001,17.58,11.0,546.91,0.0009,3788.83
MNAR_m,A7EM0B6,15,tree_gp_10000,17.74,11.0,612.28,0.001,4268.16
MNAR_m,A7EM0B6,15,mlp_opt_0001,11.07,6.0,2364.94,0.0037,8596.64
MNAR_h,A1ZJ41O,20,mean,22.2,18.0,382.96,0.0005,3779.41
MNAR_h,A1ZJ41O,20,reg_opt_00001,17.1,14.0,617.58,0.0008,4682.95
MNAR_h,A1ZJ41O,20,tree_gp_10000,16.68,13.0,773.64,0.001,5050.83
MNAR_h,A1ZJ41O,20,mlp_opt_0001,19.81,16.0,2739.63,0.0034,10619.08
MNAR_h,A1ZJ41O,25,mean,20.81,17.0,412.26,0.0005,3779.59
MNAR_h,A1ZJ41O,25,reg_opt_00001,16.13,13.0,633.45,0.0008,4654.24
MNAR_h,A1ZJ41O,25,tree_gp_10000,15.69,12.0,704.44,0.0009,5008.97
MNAR_h,A1ZJ41O,25,mlp_opt_0001,18.46,15.0,2734.63,0.0034,10571.91
MNAR_h,A1ZJ41O,15,mean,24.25,20.0,364.52,0.0005,3779.21
MNAR_h,A1ZJ41O,15,reg_opt_00001,18.48,15.0,659.55,0.0008,4712.89
MNAR_h,A1ZJ41O,15,tree_gp_10000,17.91,14.0,809.85,0.001,5233.76
MNAR_h,A1ZJ41O,15,mlp_opt_0001,21.81,18.0,2823.5,0.0035,10669.16
MNAR_h,A1ZJ41O,5,mean,34.57,30.0,366.52,0.0005,3778.79
MNAR_h,A1ZJ41O,5,reg_opt_00001,25.3,21.0,682.67,0.0009,4777.52
MNAR_h,A1ZJ41O,5,tree_gp_10000,24.61,20.0,850.5,0.0011,5576.31
MNAR_h,A1ZJ41O,5,mlp_opt_0001,31.72,28.0,2932.58,0.0037,10780.14
MNAR_h,A1ZJ41O,10,mean,27.59,24.0,406.24,0.0005,3779.01
MNAR_h,A1ZJ41O,10,reg_opt_00001,20.73,17.0,594.71,0.0007,4744.41
MNAR_h,A1ZJ41O,10,tree_gp_10000,20.43,17.0,800.91,0.001,5333.68
MNAR_h,A1ZJ41O,10,mlp_opt_0001,24.98,22.0,2958.86,0.0037,10722.93
MNAR_h,AKXN5ZZ,20,mean,22.58,21.0,402.25,0.0005,3917.32
MNAR_h,AKXN5ZZ,20,reg_opt_00001,14.44,13.0,679.09,0.0008,4852.46
MNAR_h,AKXN5ZZ,20,tree_gp_10000,14.2,12.0,810.2,0.001,5461.78
MNAR_h,AKXN5ZZ,20,mlp_opt_0001,18.13,16.0,2852.06,0.0034,11006.7
MNAR_h,AKXN5ZZ,10,mean,25.88,24.0,406.51,0.0005,3916.9
MNAR_h,AKXN5ZZ,10,reg_opt_00001,15.21,13.0,669.34,0.0008,4916.96
MNAR_h,AKXN5ZZ,10,tree_gp_10000,15.47,13.0,852.34,0.001,5456.84
MNAR_h,AKXN5ZZ,10,mlp_opt_0001,20.0,18.0,2944.73,0.0036,11112.48
MNAR_h,AKXN5ZZ,5,mean,29.77,28.0,394.57,0.0005,3916.67
MNAR_h,AKXN5ZZ,5,reg_opt_00001,16.62,15.0,698.06,0.0008,4951.65
MNAR_h,AKXN5ZZ,5,tree_gp_10000,17.24,15.0,872.11,0.0011,5321.21
MNAR_h,AKXN5ZZ,5,mlp_opt_0001,22.27,21.0,2985.81,0.0036,11173.04
MNAR_h,AKXN5ZZ,25,mean,21.45,19.0,389.07,0.0005,3917.51
MNAR_h,AKXN5ZZ,25,reg_opt_00001,14.23,12.0,647.07,0.0008,4823.55
MNAR_h,AKXN5ZZ,25,tree_gp_10000,13.81,12.0,723.47,0.0009,5222.16
MNAR_h,AKXN5ZZ,25,mlp_opt_0001,17.68,16.0,2886.93,0.0035,10958.03
MNAR_h,AKXN5ZZ,15,mean,23.92,22.0,400.43,0.0005,3917.11
MNAR_h,AKXN5ZZ,15,reg_opt_00001,14.78,13.0,675.07,0.0008,4884.93
MNAR_h,AKXN5ZZ,15,tree_gp_10000,14.59,13.0,798.26,0.001,5424.94
MNAR_h,AKXN5ZZ,15,mlp_opt_0001,18.95,17.0,3009.61,0.0036,11060.62
MNAR_h,AAXAA7Z,15,mean,40.31,33.0,294.55,0.0005,2955.34
MNAR_h,AAXAA7Z,15,reg_opt_00001,30.93,24.0,510.02,0.0008,3685.43
MNAR_h,AAXAA7Z,15,tree_gp_10000,30.39,23.0,622.93,0.001,3957.92
MNAR_h,AAXAA7Z,15,mlp_opt_0001,24.43,17.0,2175.79,0.0035,8345.85
MNAR_h,AAXAA7Z,10,mean,46.35,37.0,272.5,0.0004,2955.18
MNAR_h,AAXAA7Z,10,reg_opt_00001,34.15,26.0,524.26,0.0008,3707.12
MNAR_h,AAXAA7Z,10,tree_gp_10000,34.0,25.0,609.0,0.001,3937.05
MNAR_h,AAXAA7Z,10,mlp_opt_0001,25.33,16.0,2207.22,0.0035,8384.76
MNAR_h,AAXAA7Z,25,mean,33.35,27.0,270.8,0.0004,2955.64
MNAR_h,AAXAA7Z,25,reg_opt_00001,26.7,21.0,451.06,0.0007,3639.65
MNAR_h,AAXAA7Z,25,tree_gp_10000,26.49,21.0,589.73,0.0009,3964.31
MNAR_h,AAXAA7Z,25,mlp_opt_0001,22.75,17.0,2145.9,0.0034,8266.91
MNAR_h,AAXAA7Z,5,mean,59.25,47.0,313.24,0.0005,2955.01
MNAR_h,AAXAA7Z,5,reg_opt_00001,42.53,33.0,528.22,0.0008,3734.1
MNAR_h,AAXAA7Z,5,tree_gp_10000,41.66,31.0,648.73,0.001,4019.03
MNAR_h,AAXAA7Z,5,mlp_opt_0001,30.55,20.0,2303.85,0.0037,8429.65
MNAR_h,AAXAA7Z,20,mean,36.31,30.0,319.51,0.0005,2955.5
MNAR_h,AAXAA7Z,20,reg_opt_00001,28.62,23.0,477.23,0.0008,3661.29
MNAR_h,AAXAA7Z,20,tree_gp_10000,28.28,22.0,602.09,0.001,3927.09
MNAR_h,AAXAA7Z,20,mlp_opt_0001,23.63,17.0,2255.71,0.0036,8304.19
MNAR_h,AA2KP1S,15,mean,22.83,21.0,382.96,0.0005,3812.25
MNAR_h,AA2KP1S,15,reg_opt_00001,14.41,13.0,695.26,0.0009,4754.28
MNAR_h,AA2KP1S,15,tree_gp_10000,14.28,13.0,742.25,0.0009,5328.07
MNAR_h,AA2KP1S,15,mlp_opt_0001,18.95,18.0,2833.67,0.0035,10764.59
MNAR_h,AA2KP1S,20,mean,21.88,20.0,360.75,0.0004,3812.45
MNAR_h,AA2KP1S,20,reg_opt_00001,14.27,13.0,641.82,0.0008,4723.66
MNAR_h,AA2KP1S,20,tree_gp_10000,14.07,13.0,782.15,0.001,5443.25
MNAR_h,AA2KP1S,20,mlp_opt_0001,18.37,18.0,2801.49,0.0035,10715.03
MNAR_h,AA2KP1S,5,mean,27.74,26.0,385.95,0.0005,3811.83
MNAR_h,AA2KP1S,5,reg_opt_00001,15.31,14.0,707.19,0.0009,4819.53
MNAR_h,AA2KP1S,5,tree_gp_10000,15.21,14.0,815.57,0.001,5265.1
MNAR_h,AA2KP1S,5,mlp_opt_0001,21.34,20.0,2939.29,0.0036,10872.73
MNAR_h,AA2KP1S,10,mean,24.52,23.0,405.29,0.0005,3812.05
MNAR_h,AA2KP1S,10,reg_opt_00001,14.81,14.0,700.24,0.0009,4786.15
MNAR_h,AA2KP1S,10,tree_gp_10000,14.49,13.0,803.7,0.001,5176.63
MNAR_h,AA2KP1S,10,mlp_opt_0001,19.83,19.0,2908.22,0.0036,10818.31
MNAR_h,AA2KP1S,25,mean,20.86,19.0,384.5,0.0005,3812.64
MNAR_h,AA2KP1S,25,reg_opt_00001,14.28,13.0,620.73,0.0008,4695.32
MNAR_h,AA2KP1S,25,tree_gp_10000,14.4,13.0,771.55,0.001,5391.34
MNAR_h,AA2KP1S,25,mlp_opt_0001,17.99,17.0,2837.36,0.0035,10663.22
MNAR_h,APGIB2T,5,mean,28.05,26.0,74.65,0.0005,721.36
MNAR_h,APGIB2T,5,reg_opt_00001,23.76,22.0,99.05,0.0006,912.16
MNAR_h,APGIB2T,5,tree_gp_10000,21.46,20.0,149.41,0.001,945.68
MNAR_h,APGIB2T,5,mlp_opt_0001,28.49,26.0,520.0,0.0034,2057.8
MNAR_h,APGIB2T,15,mean,22.23,20.0,78.9,0.0005,721.44
MNAR_h,APGIB2T,15,reg_opt_00001,19.6,18.0,120.34,0.0008,899.54
MNAR_h,APGIB2T,15,tree_gp_10000,18.21,16.0,155.86,0.001,932.42
MNAR_h,APGIB2T,15,mlp_opt_0001,22.8,21.0,515.63,0.0034,2037.06
MNAR_h,APGIB2T,25,mean,19.75,18.0,74.18,0.0005,721.51
MNAR_h,APGIB2T,25,reg_opt_00001,18.41,16.0,125.08,0.0008,888.79
MNAR_h,APGIB2T,25,tree_gp_10000,17.51,16.0,132.41,0.0009,919.7
MNAR_h,APGIB2T,25,mlp_opt_0001,20.52,19.0,515.13,0.0034,2018.41
MNAR_h,APGIB2T,20,mean,20.91,19.0,56.59,0.0004,721.48
MNAR_h,APGIB2T,20,reg_opt_00001,18.96,17.0,128.68,0.0008,894.12
MNAR_h,APGIB2T,20,tree_gp_10000,17.65,16.0,123.61,0.0008,925.71
MNAR_h,APGIB2T,20,mlp_opt_0001,21.57,20.0,533.21,0.0035,2027.48
MNAR_h,APGIB2T,10,mean,24.25,22.0,80.57,0.0005,721.4
MNAR_h,APGIB2T,10,reg_opt_00001,20.89,19.0,136.98,0.0009,905.9
MNAR_h,APGIB2T,10,tree_gp_10000,18.85,17.0,135.59,0.0009,941.41
MNAR_h,APGIB2T,10,mlp_opt_0001,24.71,23.0,550.86,0.0036,2047.22
MNAR_h,AHYIJDV,5,mean,48.91,46.0,334.31,0.0005,3258.55
MNAR_h,AHYIJDV,5,reg_opt_00001,34.26,32.0,612.72,0.0009,4119.68
MNAR_h,AHYIJDV,5,tree_gp_10000,34.66,32.0,714.12,0.001,4627.27
MNAR_h,AHYIJDV,5,mlp_opt_0001,23.38,20.0,2475.68,0.0036,9292.19
MNAR_h,AHYIJDV,10,mean,38.74,34.0,337.71,0.0005,3258.74
MNAR_h,AHYIJDV,10,reg_opt_00001,28.46,25.0,562.64,0.0008,4091.05
MNAR_h,AHYIJDV,10,tree_gp_10000,28.24,24.0,700.85,0.001,4765.06
MNAR_h,AHYIJDV,10,mlp_opt_0001,23.11,19.0,2483.95,0.0036,9245.49
MNAR_h,AHYIJDV,25,mean,27.47,21.0,342.52,0.0005,3259.25
MNAR_h,AHYIJDV,25,reg_opt_00001,19.98,14.0,549.95,0.0008,4012.27
MNAR_h,AHYIJDV,25,tree_gp_10000,20.09,14.0,646.02,0.0009,4610.54
MNAR_h,AHYIJDV,25,mlp_opt_0001,17.35,11.0,2398.59,0.0035,9117.19
MNAR_h,AHYIJDV,20,mean,29.71,24.0,327.69,0.0005,3259.09
MNAR_h,AHYIJDV,20,reg_opt_00001,21.37,16.0,575.19,0.0008,4036.34
MNAR_h,AHYIJDV,20,tree_gp_10000,21.92,16.0,655.69,0.001,4550.23
MNAR_h,AHYIJDV,20,mlp_opt_0001,18.63,13.0,2439.14,0.0035,9157.24
MNAR_h,AHYIJDV,15,mean,33.1,28.0,315.65,0.0005,3258.92
MNAR_h,AHYIJDV,15,reg_opt_00001,23.97,19.0,555.53,0.0008,4062.0
MNAR_h,AHYIJDV,15,tree_gp_10000,24.94,20.0,689.09,0.001,4532.3
MNAR_h,AHYIJDV,15,mlp_opt_0001,20.51,15.0,2483.53,0.0036,9201.41
MNAR_h,ASFODQR,10,mean,63.61,58.0,696.35,0.0005,6746.22
MNAR_h,ASFODQR,10,reg_opt_00001,45.92,42.0,1216.48,0.0009,8467.66
MNAR_h,ASFODQR,10,tree_gp_10000,46.46,42.0,1476.0,0.001,9699.34
MNAR_h,ASFODQR,10,mlp_opt_0001,57.35,53.0,5140.71,0.0036,19142.26
MNAR_h,ASFODQR,5,mean,77.26,75.0,688.94,0.0005,6745.84
MNAR_h,ASFODQR,5,reg_opt_00001,46.46,45.0,1219.48,0.0009,8527.8
MNAR_h,ASFODQR,5,tree_gp_10000,46.95,47.0,1441.96,0.001,9878.61
MNAR_h,ASFODQR,5,mlp_opt_0001,65.97,65.0,5246.76,0.0037,19242.54
MNAR_h,ASFODQR,15,mean,55.71,48.0,690.41,0.0005,6746.59
MNAR_h,ASFODQR,15,reg_opt_00001,43.24,37.0,1201.06,0.0008,8412.37
MNAR_h,ASFODQR,15,tree_gp_10000,43.08,37.0,1395.68,0.001,9807.73
MNAR_h,ASFODQR,15,mlp_opt_0001,51.06,45.0,5084.6,0.0036,19047.01
MNAR_h,ASFODQR,20,mean,50.23,43.0,712.03,0.0005,6746.94
MNAR_h,ASFODQR,20,reg_opt_00001,40.54,34.0,1157.61,0.0008,8358.72
MNAR_h,ASFODQR,20,tree_gp_10000,40.21,34.0,1382.65,0.001,9580.01
MNAR_h,ASFODQR,20,mlp_opt_0001,45.97,39.0,5021.25,0.0035,18962.65
MNAR_h,ASFODQR,25,mean,45.8,39.0,680.45,0.0005,6747.27
MNAR_h,ASFODQR,25,reg_opt_00001,37.65,31.0,1127.21,0.0008,8306.8
MNAR_h,ASFODQR,25,tree_gp_10000,37.35,30.0,1330.96,0.0009,9431.13
MNAR_h,ASFODQR,25,mlp_opt_0001,41.91,35.0,4961.51,0.0035,18873.45
MNAR_h,AUY8KYW,10,mean,42.24,37.0,436.64,0.0005,4394.75
MNAR_h,AUY8KYW,10,reg_opt_00001,30.65,26.0,731.86,0.0008,5517.41
MNAR_h,AUY8KYW,10,tree_gp_10000,29.97,24.0,953.81,0.001,6074.63
MNAR_h,AUY8KYW,10,mlp_opt_0001,37.74,32.0,3307.87,0.0036,12471.76
MNAR_h,AUY8KYW,25,mean,31.63,27.0,423.99,0.0005,4395.43
MNAR_h,AUY8KYW,25,reg_opt_00001,24.85,21.0,744.99,0.0008,5412.7
MNAR_h,AUY8KYW,25,tree_gp_10000,24.53,20.0,799.81,0.0009,6111.97
MNAR_h,AUY8KYW,25,mlp_opt_0001,28.45,24.0,3174.46,0.0034,12295.74
MNAR_h,AUY8KYW,5,mean,51.62,46.0,433.48,0.0005,4394.5
MNAR_h,AUY8KYW,5,reg_opt_00001,34.68,30.0,764.92,0.0008,5555.33
MNAR_h,AUY8KYW,5,tree_gp_10000,33.77,29.0,985.94,0.0011,6289.38
MNAR_h,AUY8KYW,5,mlp_opt_0001,46.3,41.0,3396.47,0.0037,12537.73
MNAR_h,AUY8KYW,20,mean,34.3,29.0,421.6,0.0005,4395.22
MNAR_h,AUY8KYW,20,reg_opt_00001,26.37,22.0,786.68,0.0008,5445.87
MNAR_h,AUY8KYW,20,tree_gp_10000,25.98,21.0,875.83,0.0009,6124.88
MNAR_h,AUY8KYW,20,mlp_opt_0001,30.58,26.0,3290.37,0.0035,12350.78
MNAR_h,AUY8KYW,15,mean,37.64,33.0,428.26,0.0005,4394.99
MNAR_h,AUY8KYW,15,reg_opt_00001,28.27,24.0,685.57,0.0007,5480.47
MNAR_h,AUY8KYW,15,tree_gp_10000,27.92,23.0,899.88,0.001,6226.14
MNAR_h,AUY8KYW,15,mlp_opt_0001,33.37,29.0,3330.16,0.0036,12409.73
MNAR_h,A3OU183,15,mean,22.67,20.0,36.81,0.0005,355.37
MNAR_h,A3OU183,15,reg_opt_00001,18.84,17.0,60.82,0.0008,443.27
MNAR_h,A3OU183,15,tree_gp_10000,17.77,16.0,64.2,0.0009,458.83
MNAR_h,A3OU183,15,mlp_opt_0001,14.51,12.0,262.98,0.0035,1003.28
MNAR_h,A3OU183,25,mean,19.45,17.0,36.99,0.0005,355.4
MNAR_h,A3OU183,25,reg_opt_00001,16.2,14.0,59.61,0.0008,437.82
MNAR_h,A3OU183,25,tree_gp_10000,15.17,13.0,65.42,0.0009,451.43
MNAR_h,A3OU183,25,mlp_opt_0001,13.14,11.0,257.95,0.0034,994.39
MNAR_h,A3OU183,20,mean,20.7,18.0,37.52,0.0005,355.39
MNAR_h,A3OU183,20,reg_opt_00001,17.23,15.0,58.25,0.0008,440.44
MNAR_h,A3OU183,20,tree_gp_10000,16.23,14.0,66.93,0.0009,455.85
MNAR_h,A3OU183,20,mlp_opt_0001,13.71,11.0,265.98,0.0035,998.56
MNAR_h,A3OU183,5,mean,30.5,29.0,30.78,0.0004,355.33
MNAR_h,A3OU183,5,reg_opt_00001,25.38,24.0,63.38,0.0008,449.13
MNAR_h,A3OU183,5,tree_gp_10000,23.72,23.0,63.69,0.0008,464.71
MNAR_h,A3OU183,5,mlp_opt_0001,15.6,14.0,279.67,0.0037,1013.41
MNAR_h,A3OU183,10,mean,25.51,23.0,32.07,0.0004,355.35
MNAR_h,A3OU183,10,reg_opt_00001,21.36,20.0,61.28,0.0008,446.21
MNAR_h,A3OU183,10,tree_gp_10000,19.94,18.0,74.56,0.001,461.79
MNAR_h,A3OU183,10,mlp_opt_0001,15.42,14.0,275.99,0.0037,1008.51
MNAR_h,AOYM4KG,25,mean,35.7,34.0,66.31,0.0005,693.77
MNAR_h,AOYM4KG,25,reg_opt_00001,33.76,32.0,119.51,0.0008,854.37
MNAR_h,AOYM4KG,25,tree_gp_10000,33.4,32.0,127.32,0.0009,895.01
MNAR_h,AOYM4KG,25,mlp_opt_0001,31.65,30.0,498.24,0.0034,1940.72
MNAR_h,AOYM4KG,20,mean,40.18,40.0,71.56,0.0005,693.73
MNAR_h,AOYM4KG,20,reg_opt_00001,37.94,38.0,117.14,0.0008,859.27
MNAR_h,AOYM4KG,20,tree_gp_10000,37.32,37.0,129.82,0.0009,899.46
MNAR_h,AOYM4KG,20,mlp_opt_0001,34.31,34.0,503.45,0.0034,1949.24
MNAR_h,AOYM4KG,5,mean,57.65,53.0,66.77,0.0005,693.62
MNAR_h,AOYM4KG,5,reg_opt_00001,43.46,44.0,123.4,0.0008,876.2
MNAR_h,AOYM4KG,5,tree_gp_10000,41.74,41.0,128.76,0.0009,913.24
MNAR_h,AOYM4KG,5,mlp_opt_0001,23.39,20.0,539.32,0.0037,1978.78
MNAR_h,AOYM4KG,15,mean,45.76,45.0,73.98,0.0005,693.7
MNAR_h,AOYM4KG,15,reg_opt_00001,42.2,41.0,113.25,0.0008,864.93
MNAR_h,AOYM4KG,15,tree_gp_10000,41.21,40.0,132.11,0.0009,902.74
MNAR_h,AOYM4KG,15,mlp_opt_0001,35.06,34.0,526.73,0.0036,1958.39
MNAR_h,AOYM4KG,10,mean,51.56,49.0,74.64,0.0005,693.66
MNAR_h,AOYM4KG,10,reg_opt_00001,44.02,42.0,116.72,0.0008,870.54
MNAR_h,AOYM4KG,10,tree_gp_10000,42.69,41.0,151.88,0.001,907.85
MNAR_h,AOYM4KG,10,mlp_opt_0001,30.89,29.0,536.05,0.0037,1968.62
MNAR_h,AV2GF3B,20,mean,32.04,24.0,35.64,0.0005,366.97
MNAR_h,AV2GF3B,20,reg_opt_00001,27.97,20.0,61.74,0.0008,454.82
MNAR_h,AV2GF3B,20,tree_gp_10000,28.03,20.0,75.38,0.001,468.61
MNAR_h,AV2GF3B,20,mlp_opt_0001,31.84,24.0,255.0,0.0033,1031.3
MNAR_h,AV2GF3B,15,mean,36.46,27.0,40.44,0.0005,366.95
MNAR_h,AV2GF3B,15,reg_opt_00001,31.13,23.0,59.83,0.0008,457.55
MNAR_h,AV2GF3B,15,tree_gp_10000,31.91,23.0,77.84,0.001,471.78
MNAR_h,AV2GF3B,15,mlp_opt_0001,35.77,27.0,266.78,0.0034,1036.19
MNAR_h,AV2GF3B,25,mean,29.3,21.0,38.68,0.0005,366.99
MNAR_h,AV2GF3B,25,reg_opt_00001,25.63,18.0,50.08,0.0006,452.08
MNAR_h,AV2GF3B,25,tree_gp_10000,25.56,18.0,68.74,0.0009,465.31
MNAR_h,AV2GF3B,25,mlp_opt_0001,29.08,22.0,260.09,0.0034,1026.74
MNAR_h,AV2GF3B,5,mean,58.05,58.0,29.47,0.0004,366.91
MNAR_h,AV2GF3B,5,reg_opt_00001,39.24,39.0,70.26,0.0009,463.89
MNAR_h,AV2GF3B,5,tree_gp_10000,44.87,44.0,66.45,0.0009,479.09
MNAR_h,AV2GF3B,5,mlp_opt_0001,51.54,51.0,283.85,0.0037,1046.45
MNAR_h,AV2GF3B,10,mean,43.01,36.0,40.02,0.0005,366.93
MNAR_h,AV2GF3B,10,reg_opt_00001,35.28,30.0,69.82,0.0009,460.52
MNAR_h,AV2GF3B,10,tree_gp_10000,38.6,32.0,82.25,0.0011,475.58
MNAR_h,AV2GF3B,10,mlp_opt_0001,41.69,35.0,284.34,0.0037,1041.42
MNAR_h,A0NVTRV,5,mean,31.55,28.0,180.94,0.0005,1760.25
MNAR_h,A0NVTRV,5,reg_opt_00001,19.43,17.0,331.39,0.0009,2224.6
MNAR_h,A0NVTRV,5,tree_gp_10000,17.83,15.0,388.68,0.001,2344.17
MNAR_h,A0NVTRV,5,mlp_opt_0001,24.27,22.0,1298.44,0.0035,5021.29
MNAR_h,A0NVTRV,10,mean,26.68,23.0,181.49,0.0005,1760.35
MNAR_h,A0NVTRV,10,reg_opt_00001,16.37,14.0,306.73,0.0008,2210.06
MNAR_h,A0NVTRV,10,tree_gp_10000,15.37,12.0,365.21,0.001,2359.82
MNAR_h,A0NVTRV,10,mlp_opt_0001,20.5,18.0,1306.66,0.0035,4995.02
MNAR_h,A0NVTRV,15,mean,24.2,21.0,181.65,0.0005,1760.44
MNAR_h,A0NVTRV,15,reg_opt_00001,15.58,13.0,294.96,0.0008,2195.38
MNAR_h,A0NVTRV,15,tree_gp_10000,15.22,13.0,332.79,0.0009,2336.69
MNAR_h,A0NVTRV,15,mlp_opt_0001,19.17,17.0,1337.77,0.0036,4970.65
MNAR_h,A0NVTRV,20,mean,22.43,20.0,170.31,0.0005,1760.54
MNAR_h,A0NVTRV,20,reg_opt_00001,14.97,12.0,309.13,0.0008,2181.45
MNAR_h,A0NVTRV,20,tree_gp_10000,15.18,12.0,358.19,0.001,2289.08
MNAR_h,A0NVTRV,20,mlp_opt_0001,18.23,16.0,1328.76,0.0036,4946.54
MNAR_h,A0NVTRV,25,mean,21.29,19.0,171.62,0.0005,1760.62
MNAR_h,A0NVTRV,25,reg_opt_00001,14.65,12.0,291.99,0.0008,2167.15
MNAR_h,A0NVTRV,25,tree_gp_10000,14.58,12.0,294.57,0.0008,2309.72
MNAR_h,A0NVTRV,25,mlp_opt_0001,17.45,15.0,1306.36,0.0035,4924.53
MNAR_h,A1K5DRI,10,mean,30.98,27.0,411.64,0.0005,4198.84
MNAR_h,A1K5DRI,10,reg_opt_00001,19.57,15.0,771.31,0.0009,5268.79
MNAR_h,A1K5DRI,10,tree_gp_10000,19.27,15.0,928.67,0.001,5924.35
MNAR_h,A1K5DRI,10,mlp_opt_0001,26.27,23.0,3155.85,0.0036,11914.7
MNAR_h,A1K5DRI,5,mean,37.17,32.0,415.9,0.0005,4198.6
MNAR_h,A1K5DRI,5,reg_opt_00001,23.56,18.0,784.5,0.0009,5306.41
MNAR_h,A1K5DRI,5,tree_gp_10000,23.71,18.0,902.02,0.001,5963.33
MNAR_h,A1K5DRI,5,mlp_opt_0001,31.19,27.0,3223.53,0.0036,11972.0
MNAR_h,A1K5DRI,25,mean,24.56,21.0,443.53,0.0005,4199.5
MNAR_h,A1K5DRI,25,reg_opt_00001,17.68,15.0,698.51,0.0008,5170.15
MNAR_h,A1K5DRI,25,tree_gp_10000,17.47,14.0,835.21,0.0009,5615.16
MNAR_h,A1K5DRI,25,mlp_opt_0001,22.08,19.0,3040.37,0.0034,11747.85
MNAR_h,A1K5DRI,20,mean,26.03,23.0,431.2,0.0005,4199.29
MNAR_h,A1K5DRI,20,reg_opt_00001,18.02,15.0,737.37,0.0008,5201.57
MNAR_h,A1K5DRI,20,tree_gp_10000,17.98,15.0,855.72,0.001,5691.21
MNAR_h,A1K5DRI,20,mlp_opt_0001,22.94,20.0,3167.87,0.0036,11799.51
MNAR_h,A1K5DRI,15,mean,27.99,24.0,459.65,0.0005,4199.07
MNAR_h,A1K5DRI,15,reg_opt_00001,18.43,15.0,762.31,0.0009,5236.2
MNAR_h,A1K5DRI,15,tree_gp_10000,18.46,15.0,832.3,0.0009,5700.89
MNAR_h,A1K5DRI,15,mlp_opt_0001,24.2,21.0,3234.19,0.0036,11857.81
MNAR_h,AYEFCWQ,5,mean,36.89,29.0,556.09,0.0005,5415.9
MNAR_h,AYEFCWQ,5,reg_opt_00001,27.97,19.0,996.58,0.0009,6847.37
MNAR_h,AYEFCWQ,5,tree_gp_10000,28.11,20.0,1212.26,0.0011,7759.49
MNAR_h,AYEFCWQ,5,mlp_opt_0001,32.28,23.0,4241.6,0.0037,15451.11
MNAR_h,AYEFCWQ,25,mean,23.14,19.0,566.53,0.0005,5417.05
MNAR_h,AYEFCWQ,25,reg_opt_00001,18.57,14.0,923.94,0.0008,6670.35
MNAR_h,AYEFCWQ,25,tree_gp_10000,18.63,14.0,1261.48,0.0011,7378.63
MNAR_h,AYEFCWQ,25,mlp_opt_0001,21.33,17.0,4047.1,0.0035,15154.45
MNAR_h,AYEFCWQ,10,mean,29.56,24.0,572.46,0.0005,5416.21
MNAR_h,AYEFCWQ,10,reg_opt_00001,21.67,15.0,1008.05,0.0009,6799.22
MNAR_h,AYEFCWQ,10,tree_gp_10000,22.45,15.0,1187.6,0.001,7498.12
MNAR_h,AYEFCWQ,10,mlp_opt_0001,25.27,19.0,4236.97,0.0037,15369.32
MNAR_h,AYEFCWQ,20,mean,24.54,20.0,587.09,0.0005,5416.78
MNAR_h,AYEFCWQ,20,reg_opt_00001,18.88,14.0,968.39,0.0008,6710.58
MNAR_h,AYEFCWQ,20,tree_gp_10000,19.15,14.0,1123.4,0.001,7389.06
MNAR_h,AYEFCWQ,20,mlp_opt_0001,21.89,18.0,4121.39,0.0036,15222.46
MNAR_h,AYEFCWQ,15,mean,26.38,22.0,561.87,0.0005,5416.5
MNAR_h,AYEFCWQ,15,reg_opt_00001,19.7,14.0,980.11,0.0009,6753.82
MNAR_h,AYEFCWQ,15,tree_gp_10000,19.88,14.0,1172.34,0.001,7705.28
MNAR_h,AYEFCWQ,15,mlp_opt_0001,22.94,18.0,4214.05,0.0037,15293.88
MNAR_h,AMV7EQF,10,mean,29.65,27.0,432.21,0.0005,4107.9
MNAR_h,AMV7EQF,10,reg_opt_00001,17.28,14.0,722.91,0.0008,5157.14
MNAR_h,AMV7EQF,10,tree_gp_10000,16.3,13.0,903.05,0.001,5763.12
MNAR_h,AMV7EQF,10,mlp_opt_0001,21.66,19.0,3180.45,0.0037,11656.68
MNAR_h,AMV7EQF,15,mean,28.33,26.0,433.75,0.0005,4108.12
MNAR_h,AMV7EQF,15,reg_opt_00001,16.65,14.0,720.64,0.0008,5122.03
MNAR_h,AMV7EQF,15,tree_gp_10000,15.57,13.0,860.9,0.001,5556.32
MNAR_h,AMV7EQF,15,mlp_opt_0001,21.0,19.0,3177.93,0.0037,11598.19
MNAR_h,AMV7EQF,20,mean,27.59,25.0,401.85,0.0005,4108.34
MNAR_h,AMV7EQF,20,reg_opt_00001,16.45,14.0,733.35,0.0008,5088.39
MNAR_h,AMV7EQF,20,tree_gp_10000,15.5,13.0,853.47,0.001,5542.75
MNAR_h,AMV7EQF,20,mlp_opt_0001,20.88,19.0,3129.57,0.0036,11544.27
MNAR_h,AMV7EQF,5,mean,33.67,30.0,418.8,0.0005,4107.66
MNAR_h,AMV7EQF,5,reg_opt_00001,19.62,15.0,759.0,0.0009,5193.06
MNAR_h,AMV7EQF,5,tree_gp_10000,18.93,15.0,921.79,0.0011,5600.96
MNAR_h,AMV7EQF,5,mlp_opt_0001,24.25,21.0,3296.66,0.0038,11716.33
MNAR_h,AMV7EQF,25,mean,27.02,25.0,430.59,0.0005,4108.54
MNAR_h,AMV7EQF,25,reg_opt_00001,16.6,14.0,710.92,0.0008,5059.67
MNAR_h,AMV7EQF,25,tree_gp_10000,16.03,14.0,836.27,0.001,5491.01
MNAR_h,AMV7EQF,25,mlp_opt_0001,21.1,19.0,3121.93,0.0036,11493.97
MNAR_h,AZIK4ZA,10,mean,55.07,53.0,368.08,0.0005,3495.77
MNAR_h,AZIK4ZA,10,reg_opt_00001,28.88,28.0,669.43,0.0009,4388.19
MNAR_h,AZIK4ZA,10,tree_gp_10000,31.2,28.0,782.06,0.0011,4783.46
MNAR_h,AZIK4ZA,10,mlp_opt_0001,43.07,42.0,2800.48,0.0038,9918.18
MNAR_h,AZIK4ZA,5,mean,61.16,61.0,370.2,0.0005,3495.57
MNAR_h,AZIK4ZA,5,reg_opt_00001,25.01,25.0,657.27,0.0009,4419.06
MNAR_h,AZIK4ZA,5,tree_gp_10000,25.92,23.0,795.78,0.0011,4730.51
MNAR_h,AZIK4ZA,5,mlp_opt_0001,44.05,45.0,2846.69,0.0039,9969.36
MNAR_h,AZIK4ZA,15,mean,50.59,49.0,377.21,0.0005,3495.96
MNAR_h,AZIK4ZA,15,reg_opt_00001,32.35,30.0,653.46,0.0009,4358.62
MNAR_h,AZIK4ZA,15,tree_gp_10000,32.89,31.0,770.78,0.001,4765.7
MNAR_h,AZIK4ZA,15,mlp_opt_0001,42.95,41.0,2766.29,0.0037,9871.17
MNAR_h,AZIK4ZA,20,mean,47.09,45.0,379.82,0.0005,3496.12
MNAR_h,AZIK4ZA,20,reg_opt_00001,34.59,33.0,636.98,0.0009,4331.51
MNAR_h,AZIK4ZA,20,tree_gp_10000,33.93,32.0,760.94,0.001,4820.65
MNAR_h,AZIK4ZA,20,mlp_opt_0001,41.06,39.0,2738.72,0.0037,9824.92
MNAR_h,AZIK4ZA,25,mean,43.6,41.0,377.82,0.0005,3496.28
MNAR_h,AZIK4ZA,25,reg_opt_00001,33.72,32.0,624.34,0.0008,4305.14
MNAR_h,AZIK4ZA,25,tree_gp_10000,33.55,32.0,730.28,0.001,4763.12
MNAR_h,AZIK4ZA,25,mlp_opt_0001,38.95,37.0,2702.19,0.0037,9779.39
MNAR_h,AJWW3IY,15,mean,27.49,25.0,346.92,0.0005,3306.16
MNAR_h,AJWW3IY,15,reg_opt_00001,16.91,15.0,592.77,0.0008,4122.84
MNAR_h,AJWW3IY,15,tree_gp_10000,16.33,14.0,714.96,0.001,4619.69
MNAR_h,AJWW3IY,15,mlp_opt_0001,20.95,19.0,2551.52,0.0037,9333.61
MNAR_h,AJWW3IY,5,mean,34.73,33.0,348.98,0.0005,3305.79
MNAR_h,AJWW3IY,5,reg_opt_00001,20.05,18.0,621.59,0.0009,4179.59
MNAR_h,AJWW3IY,5,tree_gp_10000,19.06,17.0,727.2,0.001,4535.39
MNAR_h,AJWW3IY,5,mlp_opt_0001,26.94,25.0,2633.3,0.0038,9430.23
MNAR_h,AJWW3IY,10,mean,30.25,28.0,348.48,0.0005,3305.98
MNAR_h,AJWW3IY,10,reg_opt_00001,18.33,17.0,617.85,0.0009,4150.29
MNAR_h,AJWW3IY,10,tree_gp_10000,17.65,16.0,731.79,0.001,4591.75
MNAR_h,AJWW3IY,10,mlp_opt_0001,23.2,22.0,2603.97,0.0037,9380.62
MNAR_h,AJWW3IY,20,mean,25.59,23.0,350.87,0.0005,3306.33
MNAR_h,AJWW3IY,20,reg_opt_00001,15.94,14.0,583.92,0.0008,4096.69
MNAR_h,AJWW3IY,20,tree_gp_10000,15.57,13.0,696.79,0.001,4674.16
MNAR_h,AJWW3IY,20,mlp_opt_0001,19.48,17.0,2548.07,0.0036,9289.52
MNAR_h,AJWW3IY,25,mean,24.4,22.0,348.84,0.0005,3306.49
MNAR_h,AJWW3IY,25,reg_opt_00001,15.26,13.0,576.45,0.0008,4071.32
MNAR_h,AJWW3IY,25,tree_gp_10000,14.98,13.0,690.61,0.001,4794.45
MNAR_h,AJWW3IY,25,mlp_opt_0001,18.51,16.0,2527.28,0.0036,9249.47
MNAR_h,AX6281V,25,mean,29.36,22.0,358.87,0.0005,3214.12
MNAR_h,AX6281V,25,reg_opt_00001,24.41,18.0,556.06,0.0008,3957.94
MNAR_h,AX6281V,25,tree_gp_10000,23.78,17.0,661.63,0.001,4404.28
MNAR_h,AX6281V,25,mlp_opt_0001,21.13,15.0,2413.51,0.0036,8990.55
MNAR_h,AX6281V,10,mean,43.54,39.0,328.16,0.0005,3213.62
MNAR_h,AX6281V,10,reg_opt_00001,30.91,27.0,589.26,0.0009,4033.99
MNAR_h,AX6281V,10,tree_gp_10000,30.77,26.0,736.09,0.0011,4621.2
MNAR_h,AX6281V,10,mlp_opt_0001,24.36,20.0,2535.88,0.0037,9120.37
MNAR_h,AX6281V,15,mean,36.85,32.0,335.17,0.0005,3213.79
MNAR_h,AX6281V,15,reg_opt_00001,28.96,24.0,573.88,0.0008,4006.89
MNAR_h,AX6281V,15,tree_gp_10000,28.91,24.0,678.76,0.001,4382.42
MNAR_h,AX6281V,15,mlp_opt_0001,23.9,19.0,2494.83,0.0037,9073.5
MNAR_h,AX6281V,5,mean,54.66,50.0,341.07,0.0005,3213.43
MNAR_h,AX6281V,5,reg_opt_00001,29.8,26.0,619.91,0.0009,4062.63
MNAR_h,AX6281V,5,tree_gp_10000,31.51,27.0,740.65,0.0011,4489.7
MNAR_h,AX6281V,5,mlp_opt_0001,21.18,16.0,2577.91,0.0038,9165.3
MNAR_h,AX6281V,20,mean,32.35,26.0,348.37,0.0005,3213.96
MNAR_h,AX6281V,20,reg_opt_00001,26.52,21.0,574.68,0.0008,3982.25
MNAR_h,AX6281V,20,tree_gp_10000,25.86,20.0,702.85,0.001,4431.04
MNAR_h,AX6281V,20,mlp_opt_0001,22.42,17.0,2494.75,0.0037,9031.38
MNAR_h,AYWIEKR,20,mean,31.13,28.0,431.98,0.0005,4101.18
MNAR_h,AYWIEKR,20,reg_opt_00001,21.16,18.0,736.24,0.0008,5079.59
MNAR_h,AYWIEKR,20,tree_gp_10000,20.86,18.0,830.14,0.001,5670.74
MNAR_h,AYWIEKR,20,mlp_opt_0001,25.91,24.0,3034.23,0.0035,11521.98
MNAR_h,AYWIEKR,10,mean,37.14,35.0,439.19,0.0005,4100.74
MNAR_h,AYWIEKR,10,reg_opt_00001,23.62,21.0,716.37,0.0008,5148.04
MNAR_h,AYWIEKR,10,tree_gp_10000,23.32,20.0,856.73,0.001,5709.64
MNAR_h,AYWIEKR,10,mlp_opt_0001,29.76,28.0,3149.34,0.0036,11636.32
MNAR_h,AYWIEKR,25,mean,29.27,26.0,427.28,0.0005,4101.38
MNAR_h,AYWIEKR,25,reg_opt_00001,20.52,18.0,713.78,0.0008,5049.8
MNAR_h,AYWIEKR,25,tree_gp_10000,20.06,17.0,818.73,0.0009,5689.5
MNAR_h,AYWIEKR,25,mlp_opt_0001,24.81,22.0,3034.65,0.0035,11473.5
MNAR_h,AYWIEKR,5,mean,43.06,41.0,449.43,0.0005,4100.51
MNAR_h,AYWIEKR,5,reg_opt_00001,25.61,23.0,804.24,0.0009,5181.27
MNAR_h,AYWIEKR,5,tree_gp_10000,24.8,21.0,893.46,0.001,5822.66
MNAR_h,AYWIEKR,5,mlp_opt_0001,34.59,33.0,3214.97,0.0037,11691.86
MNAR_h,AYWIEKR,15,mean,33.59,31.0,429.82,0.0005,4100.97
MNAR_h,AYWIEKR,15,reg_opt_00001,22.17,20.0,705.83,0.0008,5112.35
MNAR_h,AYWIEKR,15,tree_gp_10000,21.63,19.0,823.43,0.0009,5708.74
MNAR_h,AYWIEKR,15,mlp_opt_0001,27.36,25.0,3129.94,0.0036,11578.46
MNAR_h,ATHKM6V,25,mean,18.23,16.0,211.97,0.0005,2174.54
MNAR_h,ATHKM6V,25,reg_opt_00001,13.24,11.0,335.4,0.0007,2677.95
MNAR_h,ATHKM6V,25,tree_gp_10000,13.08,11.0,428.34,0.0009,2880.22
MNAR_h,ATHKM6V,25,mlp_opt_0001,10.81,8.0,1543.4,0.0034,6083.33
MNAR_h,ATHKM6V,15,mean,20.54,18.0,207.27,0.0005,2174.32
MNAR_h,ATHKM6V,15,reg_opt_00001,14.36,12.0,347.96,0.0008,2711.37
MNAR_h,ATHKM6V,15,tree_gp_10000,13.97,12.0,456.28,0.001,2874.5
MNAR_h,ATHKM6V,15,mlp_opt_0001,11.08,8.0,1613.99,0.0035,6139.48
MNAR_h,ATHKM6V,20,mean,19.07,16.0,206.72,0.0004,2174.44
MNAR_h,ATHKM6V,20,reg_opt_00001,13.67,11.0,381.32,0.0008,2694.02
MNAR_h,ATHKM6V,20,tree_gp_10000,13.48,11.0,453.81,0.001,2897.58
MNAR_h,ATHKM6V,20,mlp_opt_0001,11.01,8.0,1590.06,0.0035,6110.47
MNAR_h,ATHKM6V,10,mean,23.09,20.0,220.67,0.0005,2174.21
MNAR_h,ATHKM6V,10,reg_opt_00001,15.88,14.0,410.29,0.0009,2728.89
MNAR_h,ATHKM6V,10,tree_gp_10000,15.23,13.0,467.53,0.001,2879.72
MNAR_h,ATHKM6V,10,mlp_opt_0001,11.78,9.0,1670.22,0.0036,6170.03
MNAR_h,ATHKM6V,5,mean,27.87,25.0,207.9,0.0005,2174.08
MNAR_h,ATHKM6V,5,reg_opt_00001,19.28,17.0,384.13,0.0008,2748.69
MNAR_h,ATHKM6V,5,tree_gp_10000,18.12,16.0,467.2,0.001,2885.48
MNAR_h,ATHKM6V,5,mlp_opt_0001,13.13,10.0,1730.37,0.0038,6201.27
MNAR_h,AFPB8J2,5,mean,34.3,32.0,331.91,0.0004,3600.35
MNAR_h,AFPB8J2,5,reg_opt_00001,20.88,19.0,622.71,0.0008,4551.88
MNAR_h,AFPB8J2,5,tree_gp_10000,19.84,17.0,792.7,0.001,4911.76
MNAR_h,AFPB8J2,5,mlp_opt_0001,27.54,26.0,2696.45,0.0035,10270.49
MNAR_h,AFPB8J2,10,mean,29.38,27.0,374.67,0.0005,3600.56
MNAR_h,AFPB8J2,10,reg_opt_00001,19.3,18.0,624.41,0.0008,4518.75
MNAR_h,AFPB8J2,10,tree_gp_10000,18.35,16.0,770.19,0.001,4910.99
MNAR_h,AFPB8J2,10,mlp_opt_0001,23.89,22.0,2698.05,0.0035,10218.98
MNAR_h,AFPB8J2,25,mean,23.38,21.0,372.44,0.0005,3600.78
MNAR_h,AFPB8J2,25,reg_opt_00001,16.36,14.0,585.04,0.0008,4433.85
MNAR_h,AFPB8J2,25,tree_gp_10000,15.85,13.0,699.11,0.0009,4833.58
MNAR_h,AFPB8J2,25,mlp_opt_0001,19.21,17.0,2625.83,0.0035,10072.58
MNAR_h,AFPB8J2,15,mean,26.57,24.0,354.93,0.0005,3600.74
MNAR_h,AFPB8J2,15,reg_opt_00001,18.07,16.0,646.95,0.0009,4489.46
MNAR_h,AFPB8J2,15,tree_gp_10000,17.35,15.0,749.88,0.001,4966.79
MNAR_h,AFPB8J2,15,mlp_opt_0001,21.63,20.0,2757.12,0.0036,10164.16
MNAR_h,AFPB8J2,20,mean,24.69,22.0,370.47,0.0005,3600.6
MNAR_h,AFPB8J2,20,reg_opt_00001,17.08,15.0,577.07,0.0008,4460.9
MNAR_h,AFPB8J2,20,tree_gp_10000,16.53,14.0,726.02,0.001,4908.53
MNAR_h,AFPB8J2,20,mlp_opt_0001,20.12,18.0,2723.25,0.0036,10117.01
MNAR_h,A0VFT1N,10,mean,40.4,35.0,400.27,0.0005,4135.94
MNAR_h,A0VFT1N,10,reg_opt_00001,25.29,20.0,707.81,0.0008,5191.12
MNAR_h,A0VFT1N,10,tree_gp_10000,25.23,19.0,857.98,0.001,5683.0
MNAR_h,A0VFT1N,10,mlp_opt_0001,32.86,27.0,3112.33,0.0036,11733.21
MNAR_h,A0VFT1N,25,mean,30.97,26.0,414.72,0.0005,4136.59
MNAR_h,A0VFT1N,25,reg_opt_00001,21.53,17.0,680.54,0.0008,5091.99
MNAR_h,A0VFT1N,25,tree_gp_10000,21.19,17.0,810.41,0.0009,5750.52
MNAR_h,A0VFT1N,25,mlp_opt_0001,17.98,13.0,2986.85,0.0034,11571.06
MNAR_h,A0VFT1N,20,mean,32.96,28.0,396.55,0.0005,4136.38
MNAR_h,A0VFT1N,20,reg_opt_00001,22.48,18.0,682.28,0.0008,5122.71
MNAR_h,A0VFT1N,20,tree_gp_10000,22.28,17.0,841.74,0.001,5536.35
MNAR_h,A0VFT1N,20,mlp_opt_0001,27.56,23.0,3063.33,0.0035,11623.86
MNAR_h,A0VFT1N,15,mean,35.89,31.0,427.52,0.0005,4136.17
MNAR_h,A0VFT1N,15,reg_opt_00001,23.71,19.0,735.85,0.0008,5157.88
MNAR_h,A0VFT1N,15,tree_gp_10000,23.64,18.0,854.09,0.001,5637.84
MNAR_h,A0VFT1N,15,mlp_opt_0001,29.63,25.0,3096.07,0.0035,11679.01
MNAR_h,A0VFT1N,5,mean,49.8,43.0,441.22,0.0005,4135.71
MNAR_h,A0VFT1N,5,reg_opt_00001,29.11,23.0,739.58,0.0008,5228.73
MNAR_h,A0VFT1N,5,tree_gp_10000,29.13,23.0,902.07,0.001,5851.93
MNAR_h,A0VFT1N,5,mlp_opt_0001,39.93,34.0,3214.17,0.0037,11795.99
MNAR_h,AURCTAK,15,mean,27.73,22.0,45.34,0.0004,564.57
MNAR_h,AURCTAK,15,reg_opt_00001,24.6,19.0,98.09,0.0008,704.24
MNAR_h,AURCTAK,15,tree_gp_10000,23.76,19.0,91.73,0.0008,731.08
MNAR_h,AURCTAK,15,mlp_opt_0001,20.15,15.0,394.44,0.0033,1594.19
MNAR_h,AURCTAK,10,mean,32.1,26.0,57.29,0.0005,564.54
MNAR_h,AURCTAK,10,reg_opt_00001,28.59,23.0,80.48,0.0007,708.75
MNAR_h,AURCTAK,10,tree_gp_10000,27.59,22.0,92.74,0.0008,733.99
MNAR_h,AURCTAK,10,mlp_opt_0001,22.83,18.0,412.4,0.0035,1601.83
MNAR_h,AURCTAK,25,mean,23.18,18.0,52.94,0.0004,564.63
MNAR_h,AURCTAK,25,reg_opt_00001,20.67,16.0,96.56,0.0008,695.49
MNAR_h,AURCTAK,25,tree_gp_10000,19.83,15.0,104.75,0.0009,719.8
MNAR_h,AURCTAK,25,mlp_opt_0001,17.32,13.0,400.64,0.0034,1579.24
MNAR_h,AURCTAK,20,mean,25.06,20.0,58.57,0.0005,564.6
MNAR_h,AURCTAK,20,reg_opt_00001,22.23,17.0,100.93,0.0008,699.81
MNAR_h,AURCTAK,20,tree_gp_10000,21.36,17.0,112.79,0.0009,724.59
MNAR_h,AURCTAK,20,mlp_opt_0001,18.41,14.0,417.63,0.0035,1586.44
MNAR_h,AURCTAK,5,mean,41.5,37.0,56.43,0.0005,564.51
MNAR_h,AURCTAK,5,reg_opt_00001,37.32,33.0,90.19,0.0008,713.76
MNAR_h,AURCTAK,5,tree_gp_10000,35.83,31.0,107.05,0.0009,739.42
MNAR_h,AURCTAK,5,mlp_opt_0001,28.04,24.0,441.63,0.0037,1610.23
MNAR_h,A36HR6Y,25,mean,24.02,21.0,206.52,0.0005,1968.65
MNAR_h,A36HR6Y,25,reg_opt_00001,16.6,14.0,328.05,0.0008,2424.15
MNAR_h,A36HR6Y,25,tree_gp_10000,16.35,13.0,386.77,0.0009,2615.43
MNAR_h,A36HR6Y,25,mlp_opt_0001,19.67,17.0,1393.01,0.0033,5506.56
MNAR_h,A36HR6Y,20,mean,25.42,22.0,190.83,0.0005,1968.56
MNAR_h,A36HR6Y,20,reg_opt_00001,17.16,14.0,283.25,0.0007,2437.06
MNAR_h,A36HR6Y,20,tree_gp_10000,16.81,14.0,409.07,0.001,2637.64
MNAR_h,A36HR6Y,20,mlp_opt_0001,20.6,18.0,1440.48,0.0035,5531.23
MNAR_h,A36HR6Y,5,mean,35.64,33.0,216.38,0.0005,1968.23
MNAR_h,A36HR6Y,5,reg_opt_00001,20.45,18.0,327.88,0.0008,2487.3
MNAR_h,A36HR6Y,5,tree_gp_10000,22.07,18.0,393.44,0.0009,2688.4
MNAR_h,A36HR6Y,5,mlp_opt_0001,26.81,25.0,1521.89,0.0037,5614.26
MNAR_h,A36HR6Y,10,mean,30.26,28.0,187.55,0.0005,1968.35
MNAR_h,A36HR6Y,10,reg_opt_00001,19.16,17.0,344.3,0.0008,2471.25
MNAR_h,A36HR6Y,10,tree_gp_10000,19.17,16.0,424.55,0.001,2640.74
MNAR_h,A36HR6Y,10,mlp_opt_0001,23.58,22.0,1496.94,0.0036,5585.9
MNAR_h,A36HR6Y,15,mean,27.29,25.0,207.61,0.0005,1968.45
MNAR_h,A36HR6Y,15,reg_opt_00001,18.09,15.0,352.53,0.0008,2454.56
MNAR_h,A36HR6Y,15,tree_gp_10000,17.95,15.0,384.91,0.0009,2645.82
MNAR_h,A36HR6Y,15,mlp_opt_0001,21.78,20.0,1489.08,0.0036,5556.59
MNAR_h,A4E0D03,15,mean,28.44,26.0,350.4,0.0005,3485.2
MNAR_h,A4E0D03,15,reg_opt_00001,16.48,15.0,599.32,0.0008,4344.72
MNAR_h,A4E0D03,15,tree_gp_10000,15.99,14.0,721.45,0.001,4801.05
MNAR_h,A4E0D03,15,mlp_opt_0001,21.21,19.0,2579.85,0.0035,9839.78
MNAR_h,A4E0D03,20,mean,27.08,25.0,368.63,0.0005,3485.37
MNAR_h,A4E0D03,20,reg_opt_00001,15.97,14.0,618.17,0.0008,4317.62
MNAR_h,A4E0D03,20,tree_gp_10000,15.62,13.0,685.25,0.0009,4677.49
MNAR_h,A4E0D03,20,mlp_opt_0001,20.51,19.0,2551.03,0.0035,9792.41
MNAR_h,A4E0D03,5,mean,34.9,33.0,345.49,0.0005,3484.81
MNAR_h,A4E0D03,5,reg_opt_00001,18.4,17.0,623.7,0.0008,4404.81
MNAR_h,A4E0D03,5,tree_gp_10000,18.11,16.0,721.51,0.001,4750.16
MNAR_h,A4E0D03,5,mlp_opt_0001,25.12,23.0,2690.67,0.0037,9942.0
MNAR_h,A4E0D03,10,mean,30.66,29.0,331.21,0.0004,3485.01
MNAR_h,A4E0D03,10,reg_opt_00001,17.44,16.0,590.16,0.0008,4374.38
MNAR_h,A4E0D03,10,tree_gp_10000,17.18,15.0,719.95,0.001,4836.93
MNAR_h,A4E0D03,10,mlp_opt_0001,22.64,21.0,2648.02,0.0036,9889.79
MNAR_h,A4E0D03,25,mean,26.15,24.0,352.44,0.0005,3485.54
MNAR_h,A4E0D03,25,reg_opt_00001,15.69,14.0,587.43,0.0008,4291.9
MNAR_h,A4E0D03,25,tree_gp_10000,15.36,13.0,706.56,0.001,4743.45
MNAR_h,A4E0D03,25,mlp_opt_0001,20.11,18.0,2555.18,0.0035,9751.04
MNAR_h,AJMQUVV,10,mean,32.3,31.0,417.08,0.0005,4245.78
MNAR_h,AJMQUVV,10,reg_opt_00001,17.07,15.5,752.27,0.0008,5329.02
MNAR_h,AJMQUVV,10,tree_gp_10000,17.23,15.0,893.2,0.001,5770.55
MNAR_h,AJMQUVV,10,mlp_opt_0001,17.56,16.0,3170.67,0.0035,12048.76
MNAR_h,AJMQUVV,5,mean,35.41,34.0,383.63,0.0004,4245.53
MNAR_h,AJMQUVV,5,reg_opt_00001,18.02,16.0,745.34,0.0008,5364.63
MNAR_h,AJMQUVV,5,tree_gp_10000,17.34,15.0,904.91,0.001,5832.04
MNAR_h,AJMQUVV,5,mlp_opt_0001,24.87,23.0,3223.86,0.0036,12106.47
MNAR_h,AJMQUVV,20,mean,29.05,28.0,440.26,0.0005,4246.23
MNAR_h,AJMQUVV,20,reg_opt_00001,17.57,16.0,745.35,0.0008,5259.72
MNAR_h,AJMQUVV,20,tree_gp_10000,17.85,16.0,833.84,0.0009,5730.36
MNAR_h,AJMQUVV,20,mlp_opt_0001,16.08,14.0,3189.48,0.0036,11930.2
MNAR_h,AJMQUVV,25,mean,28.0,27.0,437.62,0.0005,4246.44
MNAR_h,AJMQUVV,25,reg_opt_00001,18.02,17.0,713.67,0.0008,5227.74
MNAR_h,AJMQUVV,25,tree_gp_10000,18.51,17.0,803.11,0.0009,5769.37
MNAR_h,AJMQUVV,25,mlp_opt_0001,22.86,21.0,3157.35,0.0035,11879.01
MNAR_h,AJMQUVV,15,mean,30.41,29.0,425.09,0.0005,4246.01
MNAR_h,AJMQUVV,15,reg_opt_00001,17.2,16.0,752.85,0.0008,5294.39
MNAR_h,AJMQUVV,15,tree_gp_10000,17.2,15.0,814.26,0.0009,5853.78
MNAR_h,AJMQUVV,15,mlp_opt_0001,17.0,15.0,3277.51,0.0037,11988.67
MNAR_h,A4G0044,10,mean,36.99,32.0,57.68,0.0005,587.52
MNAR_h,A4G0044,10,reg_opt_00001,30.73,26.0,101.48,0.0008,737.73
MNAR_h,A4G0044,10,tree_gp_10000,29.09,24.0,120.62,0.001,765.57
MNAR_h,A4G0044,10,mlp_opt_0001,35.92,31.0,431.83,0.0035,1665.89
MNAR_h,A4G0044,5,mean,45.77,41.0,63.39,0.0005,587.48
MNAR_h,A4G0044,5,reg_opt_00001,39.05,35.0,94.47,0.0008,742.83
MNAR_h,A4G0044,5,tree_gp_10000,37.2,34.0,125.58,0.001,770.38
MNAR_h,A4G0044,5,mlp_opt_0001,44.7,40.0,446.72,0.0036,1675.86
MNAR_h,A4G0044,15,mean,32.21,27.0,56.02,0.0005,587.55
MNAR_h,A4G0044,15,reg_opt_00001,26.96,23.0,96.19,0.0008,732.89
MNAR_h,A4G0044,15,tree_gp_10000,25.43,21.0,119.23,0.001,761.29
MNAR_h,A4G0044,15,mlp_opt_0001,31.54,27.0,441.44,0.0036,1658.61
MNAR_h,A4G0044,20,mean,29.09,24.0,63.49,0.0005,587.58
MNAR_h,A4G0044,20,reg_opt_00001,24.75,20.0,85.46,0.0007,728.19
MNAR_h,A4G0044,20,tree_gp_10000,23.26,19.0,113.0,0.0009,756.78
MNAR_h,A4G0044,20,mlp_opt_0001,28.84,24.0,438.13,0.0035,1651.43
MNAR_h,A4G0044,25,mean,27.23,22.0,50.72,0.0004,587.61
MNAR_h,A4G0044,25,reg_opt_00001,23.35,19.0,96.4,0.0008,723.85
MNAR_h,A4G0044,25,tree_gp_10000,21.85,17.0,120.29,0.001,751.87
MNAR_h,A4G0044,25,mlp_opt_0001,26.95,22.0,441.19,0.0036,1644.01
MNAR_h,AIFDJZB,25,mean,41.55,38.0,607.7,0.0005,5892.97
MNAR_h,AIFDJZB,25,reg_opt_00001,36.96,34.0,957.61,0.0008,7255.37
MNAR_h,AIFDJZB,25,tree_gp_10000,36.86,33.0,1200.67,0.001,8271.91
MNAR_h,AIFDJZB,25,mlp_opt_0001,41.95,38.0,4267.53,0.0034,16486.2
MNAR_h,AIFDJZB,20,mean,45.3,42.0,633.33,0.0005,5892.68
MNAR_h,AIFDJZB,20,reg_opt_00001,38.18,35.0,1023.45,0.0008,7300.46
MNAR_h,AIFDJZB,20,tree_gp_10000,38.46,35.0,1193.57,0.001,8270.55
MNAR_h,AIFDJZB,20,mlp_opt_0001,45.53,41.0,4360.89,0.0035,16560.72
MNAR_h,AIFDJZB,10,mean,54.78,50.0,602.6,0.0005,5892.05
MNAR_h,AIFDJZB,10,reg_opt_00001,36.52,34.0,1027.87,0.0008,7396.91
MNAR_h,AIFDJZB,10,tree_gp_10000,40.01,33.0,1262.76,0.001,8126.4
MNAR_h,AIFDJZB,10,mlp_opt_0001,21.18,17.0,4517.6,0.0036,16717.74
MNAR_h,AIFDJZB,15,mean,49.72,46.0,598.93,0.0005,5892.37
MNAR_h,AIFDJZB,15,reg_opt_00001,37.65,35.0,1003.38,0.0008,7347.57
MNAR_h,AIFDJZB,15,tree_gp_10000,38.3,34.0,1232.6,0.001,8229.82
MNAR_h,AIFDJZB,15,mlp_opt_0001,24.11,21.0,4459.92,0.0036,16639.42
MNAR_h,AIFDJZB,5,mean,63.73,60.0,568.68,0.0005,5891.71
MNAR_h,AIFDJZB,5,reg_opt_00001,32.57,31.0,1081.76,0.0009,7446.55
MNAR_h,AIFDJZB,5,tree_gp_10000,34.87,29.0,1251.61,0.001,8207.74
MNAR_h,AIFDJZB,5,mlp_opt_0001,18.5,14.0,4615.72,0.0037,16806.76
MNAR_h,AQC0L71,5,mean,32.81,31.0,284.63,0.0006,2441.55
MNAR_h,AQC0L71,5,reg_opt_00001,18.63,17.0,436.44,0.0008,3086.89
MNAR_h,AQC0L71,5,tree_gp_10000,17.74,16.0,532.79,0.001,3249.12
MNAR_h,AQC0L71,5,mlp_opt_0001,24.27,23.0,1842.32,0.0036,6965.94
MNAR_h,AQC0L71,10,mean,28.16,26.0,267.59,0.0005,2441.69
MNAR_h,AQC0L71,10,reg_opt_00001,16.64,15.0,458.64,0.0009,3064.86
MNAR_h,AQC0L71,10,tree_gp_10000,16.15,14.0,435.99,0.0008,3247.25
MNAR_h,AQC0L71,10,mlp_opt_0001,21.51,20.0,1848.76,0.0036,6928.76
MNAR_h,AQC0L71,20,mean,23.49,21.0,260.88,0.0005,2441.95
MNAR_h,AQC0L71,20,reg_opt_00001,15.4,13.0,440.41,0.0009,3025.83
MNAR_h,AQC0L71,20,tree_gp_10000,15.32,13.0,460.03,0.0009,3242.67
MNAR_h,AQC0L71,20,mlp_opt_0001,19.12,17.0,1819.48,0.0035,6862.92
MNAR_h,AQC0L71,25,mean,22.28,20.0,237.41,0.0005,2442.07
MNAR_h,AQC0L71,25,reg_opt_00001,15.09,13.0,372.98,0.0007,3006.95
MNAR_h,AQC0L71,25,tree_gp_10000,14.99,13.0,494.66,0.001,3219.6
MNAR_h,AQC0L71,25,mlp_opt_0001,18.38,17.0,1810.34,0.0035,6831.61
MNAR_h,AQC0L71,15,mean,25.4,23.0,255.2,0.0005,2441.83
MNAR_h,AQC0L71,15,reg_opt_00001,15.78,14.0,443.66,0.0009,3044.55
MNAR_h,AQC0L71,15,tree_gp_10000,15.57,14.0,501.19,0.001,3267.01
MNAR_h,AQC0L71,15,mlp_opt_0001,20.06,19.0,1873.42,0.0036,6892.96
MNAR_h,A7EM0B6,10,mean,39.54,35.0,306.79,0.0005,3037.98
MNAR_h,A7EM0B6,10,reg_opt_00001,29.23,26.0,531.39,0.0008,3813.93
MNAR_h,A7EM0B6,10,tree_gp_10000,28.87,25.0,674.47,0.0011,4206.78
MNAR_h,A7EM0B6,10,mlp_opt_0001,19.45,15.0,2282.92,0.0036,8619.51
MNAR_h,A7EM0B6,15,mean,34.47,30.0,318.94,0.0005,3038.15
MNAR_h,A7EM0B6,15,reg_opt_00001,27.14,23.0,528.88,0.0008,3788.15
MNAR_h,A7EM0B6,15,tree_gp_10000,26.55,23.0,633.92,0.001,4236.08
MNAR_h,A7EM0B6,15,mlp_opt_0001,20.29,16.0,2263.84,0.0035,8580.01
MNAR_h,A7EM0B6,25,mean,28.33,23.0,312.0,0.0005,3038.45
MNAR_h,A7EM0B6,25,reg_opt_00001,23.17,19.0,524.86,0.0008,3741.58
MNAR_h,A7EM0B6,25,tree_gp_10000,22.67,18.0,590.83,0.0009,4115.93
MNAR_h,A7EM0B6,25,mlp_opt_0001,18.98,15.0,2222.1,0.0035,8499.44
MNAR_h,A7EM0B6,5,mean,48.29,42.0,336.91,0.0005,3037.81
MNAR_h,A7EM0B6,5,reg_opt_00001,30.32,26.0,553.92,0.0009,3840.03
MNAR_h,A7EM0B6,5,tree_gp_10000,32.52,28.0,637.9,0.001,4329.09
MNAR_h,A7EM0B6,5,mlp_opt_0001,18.05,12.0,2385.09,0.0037,8666.0
MNAR_h,A7EM0B6,20,mean,30.85,26.0,316.65,0.0005,3038.3
MNAR_h,A7EM0B6,20,reg_opt_00001,24.87,21.0,544.6,0.0008,3763.36
MNAR_h,A7EM0B6,20,tree_gp_10000,24.28,20.0,626.31,0.001,4164.18
MNAR_h,A7EM0B6,20,mlp_opt_0001,19.78,16.0,2273.41,0.0035,8537.24
MAR_h,A1ZJ41O,5,tree-ad_gp_5000-dw_30000,8.81,6.0,748.71,0.0009,5016.15
MAR_h,A1ZJ41O,10,tree-ad_gp_5000-dw_30000,8.39,6.0,732.62,0.0009,4969.51
MAR_h,A1ZJ41O,15,tree-ad_gp_5000-dw_30000,10.34,7.0,707.94,0.0009,4928.47
MAR_h,A1ZJ41O,25,tree-ad_gp_5000-dw_30000,13.41,10.0,664.77,0.0008,4847.57
MAR_h,A1ZJ41O,20,tree-ad_gp_5000-dw_30000,12.47,10.0,689.01,0.0009,4884.61
MAR_h,AKXN5ZZ,5,tree-ad_gp_5000-dw_30000,7.19,6.0,774.95,0.0009,5198.46
MAR_h,AKXN5ZZ,10,tree-ad_gp_5000-dw_30000,9.48,8.0,755.51,0.0009,5149.28
MAR_h,AKXN5ZZ,15,tree-ad_gp_5000-dw_30000,9.71,7.0,732.64,0.0009,5106.03
MAR_h,AKXN5ZZ,25,tree-ad_gp_5000-dw_30000,12.0,10.0,686.37,0.0008,5023.21
MAR_h,AKXN5ZZ,20,tree-ad_gp_5000-dw_30000,9.34,7.0,711.82,0.0009,5058.7
MAR_h,AAXAA7Z,5,tree-ad_gp_5000-dw_30000,7.96,5.0,578.28,0.0009,3925.1
MAR_h,AAXAA7Z,10,tree-ad_gp_5000-dw_30000,12.35,8.0,572.35,0.0009,3887.12
MAR_h,AAXAA7Z,25,tree-ad_gp_5000-dw_30000,18.36,12.0,518.85,0.0008,3788.19
MAR_h,AAXAA7Z,15,tree-ad_gp_5000-dw_30000,11.93,8.0,555.79,0.0009,3852.9
MAR_h,AAXAA7Z,20,tree-ad_gp_5000-dw_30000,12.84,10.0,536.03,0.0009,3819.03
MAR_h,AA2KP1S,5,tree-ad_gp_5000-dw_30000,5.48,3.0,755.07,0.0009,5052.41
MAR_h,AA2KP1S,10,tree-ad_gp_5000-dw_30000,8.14,6.0,731.97,0.0009,5009.0
MAR_h,AA2KP1S,15,tree-ad_gp_5000-dw_30000,8.56,6.0,711.81,0.0009,4964.83
MAR_h,AA2KP1S,20,tree-ad_gp_5000-dw_30000,9.73,7.0,694.09,0.0009,4927.09
MAR_h,AA2KP1S,25,tree-ad_gp_5000-dw_30000,11.04,8.0,669.29,0.0008,4887.61
MAR_h,APGIB2T,10,tree-ad_gp_5000-dw_30000,7.51,6.0,127.68,0.0008,946.52
MAR_h,APGIB2T,15,tree-ad_gp_5000-dw_30000,12.65,11.0,126.3,0.0008,937.77
MAR_h,APGIB2T,5,tree-ad_gp_5000-dw_30000,5.25,4.0,138.9,0.0009,953.6
MAR_h,APGIB2T,20,tree-ad_gp_5000-dw_30000,14.17,11.0,126.38,0.0008,930.32
MAR_h,APGIB2T,25,tree-ad_gp_5000-dw_30000,10.98,9.0,124.38,0.0008,922.88
MAR_h,AHYIJDV,5,tree-ad_gp_5000-dw_30000,8.05,6.0,636.41,0.0009,4322.65
MAR_h,AHYIJDV,10,tree-ad_gp_5000-dw_30000,12.7,9.0,625.4,0.0009,4281.7
MAR_h,AHYIJDV,15,tree-ad_gp_5000-dw_30000,10.73,9.0,608.97,0.0009,4247.67
MAR_h,AHYIJDV,20,tree-ad_gp_5000-dw_30000,12.09,9.0,590.75,0.0009,4212.21
MAR_h,AHYIJDV,25,tree-ad_gp_5000-dw_30000,14.55,11.0,576.17,0.0008,4179.23
MAR_h,ASFODQR,5,tree-ad_gp_5000-dw_30000,9.12,6.0,1331.35,0.0009,8954.98
MAR_h,ASFODQR,10,tree-ad_gp_5000-dw_30000,13.27,8.0,1295.76,0.0009,8879.05
MAR_h,ASFODQR,15,tree-ad_gp_5000-dw_30000,16.43,11.0,1257.01,0.0009,8798.81
MAR_h,ASFODQR,20,tree-ad_gp_5000-dw_30000,24.47,15.0,1220.84,0.0009,8729.83
MAR_h,ASFODQR,25,tree-ad_gp_5000-dw_30000,24.95,17.0,1183.36,0.0008,8661.83
MAR_h,AUY8KYW,10,tree-ad_gp_5000-dw_30000,8.94,6.0,830.4,0.0009,5786.43
MAR_h,AUY8KYW,5,tree-ad_gp_5000-dw_30000,7.4,5.0,872.92,0.0009,5841.25
MAR_h,AUY8KYW,15,tree-ad_gp_5000-dw_30000,13.86,11.0,811.67,0.0009,5736.04
MAR_h,AUY8KYW,25,tree-ad_gp_5000-dw_30000,15.32,12.0,766.72,0.0008,5644.15
MAR_h,AUY8KYW,20,tree-ad_gp_5000-dw_30000,17.28,13.0,799.42,0.0009,5690.08
MAR_h,A3OU183,5,tree-ad_gp_5000-dw_30000,5.28,4.0,62.88,0.0008,469.33
MAR_h,A3OU183,10,tree-ad_gp_5000-dw_30000,8.98,7.0,62.17,0.0008,464.86
MAR_h,A3OU183,25,tree-ad_gp_5000-dw_30000,13.22,9.0,59.52,0.0008,454.33
MAR_h,A3OU183,15,tree-ad_gp_5000-dw_30000,7.35,6.0,63.7,0.0008,461.06
MAR_h,A3OU183,20,tree-ad_gp_5000-dw_30000,10.16,7.0,63.19,0.0008,457.76
MAR_h,AOYM4KG,5,tree-ad_gp_5000-dw_30000,2.9,2.0,133.17,0.0009,922.05
MAR_h,AOYM4KG,10,tree-ad_gp_5000-dw_30000,3.79,3.0,131.74,0.0009,913.32
MAR_h,AOYM4KG,25,tree-ad_gp_5000-dw_30000,9.64,7.0,119.01,0.0008,890.72
MAR_h,AOYM4KG,20,tree-ad_gp_5000-dw_30000,6.74,5.0,123.64,0.0008,897.66
MAR_h,AOYM4KG,15,tree-ad_gp_5000-dw_30000,4.77,4.0,129.82,0.0009,905.58
MAR_h,AV2GF3B,15,tree-ad_gp_5000-dw_30000,8.84,6.0,63.39,0.0008,476.27
MAR_h,AV2GF3B,10,tree-ad_gp_5000-dw_30000,8.33,6.0,68.09,0.0009,480.22
MAR_h,AV2GF3B,5,tree-ad_gp_5000-dw_30000,6.59,4.0,71.23,0.0009,484.86
MAR_h,AV2GF3B,20,tree-ad_gp_5000-dw_30000,8.99,7.0,64.99,0.0008,472.43
MAR_h,AV2GF3B,25,tree-ad_gp_5000-dw_30000,12.41,9.0,63.81,0.0008,468.11
MAR_h,A0NVTRV,10,tree-ad_gp_5000-dw_30000,21.24,12.0,332.21,0.0009,2307.71
MAR_h,A0NVTRV,5,tree-ad_gp_5000-dw_30000,11.06,7.0,346.79,0.0009,2330.88
MAR_h,A0NVTRV,15,tree-ad_gp_5000-dw_30000,28.71,17.0,321.52,0.0009,2289.39
MAR_h,A0NVTRV,20,tree-ad_gp_5000-dw_30000,33.91,17.0,316.29,0.0009,2269.68
MAR_h,A0NVTRV,25,tree-ad_gp_5000-dw_30000,26.17,16.0,311.18,0.0008,2252.62
MAR_h,A1K5DRI,5,tree-ad_gp_5000-dw_30000,9.45,5.0,827.36,0.0009,5568.28
MAR_h,A1K5DRI,10,tree-ad_gp_5000-dw_30000,11.76,8.0,804.5,0.0009,5520.47
MAR_h,A1K5DRI,15,tree-ad_gp_5000-dw_30000,13.88,9.0,778.55,0.0009,5473.64
MAR_h,A1K5DRI,20,tree-ad_gp_5000-dw_30000,16.04,11.0,758.28,0.0009,5426.26
MAR_h,A1K5DRI,25,tree-ad_gp_5000-dw_30000,16.35,13.0,735.9,0.0008,5384.04
MAR_h,AYEFCWQ,5,tree-ad_gp_5000-dw_30000,10.29,8.0,1061.62,0.0009,7185.53
MAR_h,AYEFCWQ,10,tree-ad_gp_5000-dw_30000,11.82,9.0,1032.2,0.0009,7122.84
MAR_h,AYEFCWQ,15,tree-ad_gp_5000-dw_30000,11.93,9.0,999.62,0.0009,7056.69
MAR_h,AYEFCWQ,20,tree-ad_gp_5000-dw_30000,13.77,10.0,969.94,0.0008,7000.69
MAR_h,AYEFCWQ,25,tree-ad_gp_5000-dw_30000,14.07,10.0,941.27,0.0008,6941.96
MAR_h,AMV7EQF,5,tree-ad_gp_5000-dw_30000,13.41,11.0,807.66,0.0009,5445.48
MAR_h,AMV7EQF,10,tree-ad_gp_5000-dw_30000,13.2,10.0,781.12,0.0009,5398.65
MAR_h,AMV7EQF,15,tree-ad_gp_5000-dw_30000,14.51,12.0,761.07,0.0009,5350.6
MAR_h,AMV7EQF,20,tree-ad_gp_5000-dw_30000,15.73,12.0,741.22,0.0009,5308.98
MAR_h,AMV7EQF,25,tree-ad_gp_5000-dw_30000,16.51,13.0,717.31,0.0008,5265.37
MAR_h,AZIK4ZA,15,tree-ad_gp_5000-dw_30000,16.14,13.0,643.63,0.0009,4562.23
MAR_h,AZIK4ZA,5,tree-ad_gp_5000-dw_30000,6.77,5.0,692.81,0.0009,4643.16
MAR_h,AZIK4ZA,10,tree-ad_gp_5000-dw_30000,14.15,10.0,666.85,0.0009,4600.3
MAR_h,AZIK4ZA,25,tree-ad_gp_5000-dw_30000,25.6,19.0,609.65,0.0008,4486.03
MAR_h,AZIK4ZA,20,tree-ad_gp_5000-dw_30000,16.6,14.0,629.78,0.0009,4524.13
MAR_h,AJWW3IY,5,tree-ad_gp_5000-dw_30000,5.36,4.0,634.45,0.0009,4384.99
MAR_h,AJWW3IY,10,tree-ad_gp_5000-dw_30000,10.41,9.0,628.11,0.0009,4346.56
MAR_h,AJWW3IY,20,tree-ad_gp_5000-dw_30000,12.24,10.0,594.28,0.0009,4271.87
MAR_h,AJWW3IY,15,tree-ad_gp_5000-dw_30000,12.11,10.0,615.05,0.0009,4308.95
MAR_h,AJWW3IY,25,tree-ad_gp_5000-dw_30000,13.79,10.0,577.79,0.0008,4239.71
MAR_h,AX6281V,5,tree-ad_gp_5000-dw_30000,6.91,4.0,627.15,0.0009,4261.21
MAR_h,AX6281V,10,tree-ad_gp_5000-dw_30000,8.64,6.0,610.13,0.0009,4222.16
MAR_h,AX6281V,15,tree-ad_gp_5000-dw_30000,11.33,8.0,593.84,0.0009,4185.81
MAR_h,AX6281V,20,tree-ad_gp_5000-dw_30000,13.42,9.0,583.23,0.0009,4155.45
MAR_h,AX6281V,25,tree-ad_gp_5000-dw_30000,15.25,11.0,565.8,0.0008,4118.26
MAR_h,AYWIEKR,15,tree-ad_gp_5000-dw_30000,9.41,7.0,755.91,0.0009,5347.07
MAR_h,AYWIEKR,5,tree-ad_gp_5000-dw_30000,5.16,4.0,815.34,0.0009,5441.79
MAR_h,AYWIEKR,10,tree-ad_gp_5000-dw_30000,12.72,9.0,784.74,0.0009,5392.52
MAR_h,AYWIEKR,20,tree-ad_gp_5000-dw_30000,12.62,9.0,739.31,0.0009,5302.66
MAR_h,AYWIEKR,25,tree-ad_gp_5000-dw_30000,13.02,10.0,715.55,0.0008,5257.63
MAR_h,ATHKM6V,5,tree-ad_gp_5000-dw_30000,6.73,4.0,429.4,0.0009,2883.78
MAR_h,ATHKM6V,10,tree-ad_gp_5000-dw_30000,8.09,6.0,413.66,0.0009,2857.52
MAR_h,ATHKM6V,15,tree-ad_gp_5000-dw_30000,11.66,7.0,401.9,0.0009,2831.74
MAR_h,ATHKM6V,25,tree-ad_gp_5000-dw_30000,11.8,8.0,377.72,0.0008,2785.17
MAR_h,ATHKM6V,20,tree-ad_gp_5000-dw_30000,13.15,9.0,394.28,0.0009,2808.71
MAR_h,AFPB8J2,5,tree-ad_gp_5000-dw_30000,8.77,7.0,712.07,0.0009,4774.94
MAR_h,AFPB8J2,10,tree-ad_gp_5000-dw_30000,11.31,8.0,686.41,0.0009,4733.99
MAR_h,AFPB8J2,25,tree-ad_gp_5000-dw_30000,12.06,9.0,623.78,0.0008,4616.07
MAR_h,AFPB8J2,15,tree-ad_gp_5000-dw_30000,10.26,8.0,668.55,0.0009,4691.72
MAR_h,AFPB8J2,20,tree-ad_gp_5000-dw_30000,13.43,10.0,648.42,0.0009,4650.84
MAR_h,A0VFT1N,5,tree-ad_gp_5000-dw_30000,9.44,6.0,813.58,0.0009,5488.24
MAR_h,A0VFT1N,15,tree-ad_gp_5000-dw_30000,12.84,9.0,755.61,0.0009,5392.21
MAR_h,A0VFT1N,10,tree-ad_gp_5000-dw_30000,11.12,8.0,785.08,0.0009,5439.27
MAR_h,A0VFT1N,20,tree-ad_gp_5000-dw_30000,14.05,11.0,736.09,0.0008,5352.89
MAR_h,A0VFT1N,25,tree-ad_gp_5000-dw_30000,16.0,12.0,712.23,0.0008,5309.97
MAR_h,AURCTAK,5,tree-ad_gp_5000-dw_30000,5.69,5.0,102.79,0.0009,746.84
MAR_h,AURCTAK,10,tree-ad_gp_5000-dw_30000,7.1,6.0,100.6,0.0008,739.85
MAR_h,AURCTAK,20,tree-ad_gp_5000-dw_30000,11.33,9.0,96.01,0.0008,727.58
MAR_h,AURCTAK,15,tree-ad_gp_5000-dw_30000,9.54,8.0,100.24,0.0008,733.32
MAR_h,AURCTAK,25,tree-ad_gp_5000-dw_30000,23.91,13.0,94.09,0.0008,722.03
MAR_h,A36HR6Y,5,tree-ad_gp_5000-dw_30000,9.46,7.0,383.11,0.0009,2604.08
MAR_h,A36HR6Y,10,tree-ad_gp_5000-dw_30000,10.44,8.0,376.87,0.0009,2581.89
MAR_h,A36HR6Y,15,tree-ad_gp_5000-dw_30000,11.27,9.0,367.24,0.0009,2562.16
MAR_h,A36HR6Y,20,tree-ad_gp_5000-dw_30000,12.25,9.0,355.63,0.0009,2539.29
MAR_h,A36HR6Y,25,tree-ad_gp_5000-dw_30000,14.05,11.0,344.51,0.0008,2517.5
MAR_h,A4E0D03,5,tree-ad_gp_5000-dw_30000,9.63,7.0,678.42,0.0009,4620.65
MAR_h,A4E0D03,10,tree-ad_gp_5000-dw_30000,10.04,8.0,667.11,0.0009,4579.58
MAR_h,A4E0D03,15,tree-ad_gp_5000-dw_30000,12.53,10.0,647.57,0.0009,4540.6
MAR_h,A4E0D03,25,tree-ad_gp_5000-dw_30000,13.83,11.0,605.52,0.0008,4465.02
MAR_h,A4E0D03,20,tree-ad_gp_5000-dw_30000,12.76,10.0,629.39,0.0009,4501.54
MAR_h,AJMQUVV,5,tree-ad_gp_5000-dw_30000,10.15,7.0,821.99,0.0009,5627.05
MAR_h,AJMQUVV,10,tree-ad_gp_5000-dw_30000,11.95,8.0,812.22,0.0009,5574.35
MAR_h,AJMQUVV,15,tree-ad_gp_5000-dw_30000,11.34,8.0,786.37,0.0009,5528.21
MAR_h,AJMQUVV,20,tree-ad_gp_5000-dw_30000,13.47,10.0,760.42,0.0008,5482.36
MAR_h,AJMQUVV,25,tree-ad_gp_5000-dw_30000,13.98,11.0,741.45,0.0008,5438.76
MAR_h,A4G0044,5,tree-ad_gp_5000-dw_30000,3.09,2.0,107.7,0.0009,776.87
MAR_h,A4G0044,10,tree-ad_gp_5000-dw_30000,6.47,5.0,104.3,0.0008,769.84
MAR_h,A4G0044,20,tree-ad_gp_5000-dw_30000,11.4,9.0,99.13,0.0008,758.06
MAR_h,A4G0044,15,tree-ad_gp_5000-dw_30000,9.69,7.0,103.55,0.0008,763.88
MAR_h,A4G0044,25,tree-ad_gp_5000-dw_30000,12.52,10.0,98.27,0.0008,751.18
MAR_h,AIFDJZB,5,tree-ad_gp_5000-dw_30000,12.95,8.0,1164.16,0.0009,7830.29
MAR_h,AIFDJZB,10,tree-ad_gp_5000-dw_30000,16.62,11.0,1132.13,0.0009,7759.06
MAR_h,AIFDJZB,15,tree-ad_gp_5000-dw_30000,17.06,12.0,1102.18,0.0009,7689.16
MAR_h,AIFDJZB,20,tree-ad_gp_5000-dw_30000,19.68,13.0,1066.26,0.0009,7626.25
MAR_h,AIFDJZB,25,tree-ad_gp_5000-dw_30000,18.11,13.0,1037.03,0.0008,7563.67
MAR_h,AQC0L71,5,tree-ad_gp_5000-dw_30000,7.15,4.0,478.27,0.0009,3235.78
MAR_h,AQC0L71,10,tree-ad_gp_5000-dw_30000,8.53,6.0,471.41,0.0009,3207.78
MAR_h,AQC0L71,15,tree-ad_gp_5000-dw_30000,12.32,8.0,454.93,0.0009,3179.5
MAR_h,AQC0L71,20,tree-ad_gp_5000-dw_30000,14.33,11.0,441.84,0.0009,3153.89
MAR_h,AQC0L71,25,tree-ad_gp_5000-dw_30000,12.29,10.0,429.75,0.0008,3128.86
MAR_h,A7EM0B6,5,tree-ad_gp_5000-dw_30000,7.89,6.0,606.12,0.0009,4032.2
MAR_h,A7EM0B6,10,tree-ad_gp_5000-dw_30000,11.41,9.0,587.01,0.0009,3997.5
MAR_h,A7EM0B6,15,tree-ad_gp_5000-dw_30000,10.05,7.0,567.76,0.0009,3962.47
MAR_h,A7EM0B6,20,tree-ad_gp_5000-dw_30000,11.69,9.0,553.05,0.0009,3928.53
MAR_h,A7EM0B6,25,tree-ad_gp_5000-dw_30000,12.51,9.0,537.52,0.0008,3894.31
MAR_l,A1ZJ41O,5,tree-ad_gp_5000-dw_30000,32.69,27.0,750.79,0.0009,5010.92
MAR_l,A1ZJ41O,10,tree-ad_gp_5000-dw_30000,30.3,27.0,726.33,0.0009,4966.07
MAR_l,A1ZJ41O,15,tree-ad_gp_5000-dw_30000,24.2,19.0,706.88,0.0009,4921.6
MAR_l,A1ZJ41O,20,tree-ad_gp_5000-dw_30000,28.61,26.0,690.0,0.0009,4880.88
MAR_l,A1ZJ41O,25,tree-ad_gp_5000-dw_30000,31.76,29.0,667.28,0.0008,4838.75
MAR_l,AKXN5ZZ,5,tree-ad_gp_5000-dw_30000,27.54,24.0,778.99,0.0009,5193.25
MAR_l,AKXN5ZZ,10,tree-ad_gp_5000-dw_30000,30.8,29.0,755.48,0.0009,5142.23
MAR_l,AKXN5ZZ,25,tree-ad_gp_5000-dw_30000,35.68,34.0,687.46,0.0008,5010.58
MAR_l,AKXN5ZZ,15,tree-ad_gp_5000-dw_30000,33.32,30.0,736.39,0.0009,5097.0
MAR_l,AKXN5ZZ,20,tree-ad_gp_5000-dw_30000,36.68,28.0,716.18,0.0009,5054.25
MAR_l,AAXAA7Z,5,tree-ad_gp_5000-dw_30000,32.36,32.0,588.44,0.0009,3921.1
MAR_l,AAXAA7Z,10,tree-ad_gp_5000-dw_30000,30.7,31.0,570.99,0.0009,3883.89
MAR_l,AAXAA7Z,15,tree-ad_gp_5000-dw_30000,31.72,29.0,555.39,0.0009,3848.29
MAR_l,AAXAA7Z,20,tree-ad_gp_5000-dw_30000,30.98,25.0,539.39,0.0009,3814.62
MAR_l,AAXAA7Z,25,tree-ad_gp_5000-dw_30000,37.44,36.0,521.91,0.0008,3780.59
MAR_l,AA2KP1S,5,tree-ad_gp_5000-dw_30000,42.75,43.0,748.16,0.0009,5053.09
MAR_l,AA2KP1S,10,tree-ad_gp_5000-dw_30000,41.21,39.0,732.56,0.0009,5002.17
MAR_l,AA2KP1S,15,tree-ad_gp_5000-dw_30000,39.76,37.0,712.23,0.0009,4957.77
MAR_l,AA2KP1S,25,tree-ad_gp_5000-dw_30000,32.46,27.0,668.74,0.0008,4870.33
MAR_l,AA2KP1S,20,tree-ad_gp_5000-dw_30000,34.3,30.0,691.55,0.0009,4914.51
MAR_l,APGIB2T,5,tree-ad_gp_5000-dw_30000,23.23,17.0,133.41,0.0009,953.11
MAR_l,APGIB2T,20,tree-ad_gp_5000-dw_30000,27.31,23.0,122.91,0.0008,929.09
MAR_l,APGIB2T,10,tree-ad_gp_5000-dw_30000,25.47,16.0,132.59,0.0009,944.66
MAR_l,APGIB2T,25,tree-ad_gp_5000-dw_30000,24.04,19.0,122.38,0.0008,922.34
MAR_l,APGIB2T,15,tree-ad_gp_5000-dw_30000,24.3,17.0,131.71,0.0009,937.56
MAR_l,AHYIJDV,5,tree-ad_gp_5000-dw_30000,26.0,23.0,644.81,0.0009,4320.93
MAR_l,AHYIJDV,10,tree-ad_gp_5000-dw_30000,30.21,28.0,625.07,0.0009,4277.32
MAR_l,AHYIJDV,15,tree-ad_gp_5000-dw_30000,30.21,27.0,611.17,0.0009,4239.19
MAR_l,AHYIJDV,20,tree-ad_gp_5000-dw_30000,34.27,30.0,591.69,0.0009,4200.01
MAR_l,AHYIJDV,25,tree-ad_gp_5000-dw_30000,33.97,31.0,573.72,0.0008,4164.48
MAR_l,ASFODQR,5,tree-ad_gp_5000-dw_30000,37.94,36.0,1334.15,0.0009,8948.61
MAR_l,ASFODQR,15,tree-ad_gp_5000-dw_30000,34.3,29.0,1253.26,0.0009,8785.98
MAR_l,ASFODQR,10,tree-ad_gp_5000-dw_30000,33.68,29.0,1306.39,0.0009,8872.27
MAR_l,ASFODQR,20,tree-ad_gp_5000-dw_30000,34.9,31.0,1224.32,0.0009,8715.02
MAR_l,ASFODQR,25,tree-ad_gp_5000-dw_30000,38.64,34.0,1192.32,0.0008,8644.81
MAR_l,AUY8KYW,5,tree-ad_gp_5000-dw_30000,26.45,24.0,870.59,0.0009,5839.12
MAR_l,AUY8KYW,10,tree-ad_gp_5000-dw_30000,26.61,23.0,839.76,0.0009,5784.29
MAR_l,AUY8KYW,25,tree-ad_gp_5000-dw_30000,40.4,38.0,766.4,0.0008,5633.87
MAR_l,AUY8KYW,15,tree-ad_gp_5000-dw_30000,24.43,20.0,821.72,0.0009,5727.19
MAR_l,AUY8KYW,20,tree-ad_gp_5000-dw_30000,30.45,28.0,793.4,0.0009,5678.46
MAR_l,A3OU183,5,tree-ad_gp_5000-dw_30000,18.09,12.0,64.51,0.0009,469.02
MAR_l,A3OU183,20,tree-ad_gp_5000-dw_30000,23.72,16.0,58.52,0.0008,457.2
MAR_l,A3OU183,15,tree-ad_gp_5000-dw_30000,20.42,13.0,60.62,0.0008,461.22
MAR_l,A3OU183,10,tree-ad_gp_5000-dw_30000,19.8,11.0,63.71,0.0008,464.53
MAR_l,A3OU183,25,tree-ad_gp_5000-dw_30000,23.94,19.0,59.0,0.0008,452.49
MAR_l,AOYM4KG,10,tree-ad_gp_5000-dw_30000,38.37,32.0,126.45,0.0009,913.08
MAR_l,AOYM4KG,5,tree-ad_gp_5000-dw_30000,34.6,34.0,131.92,0.0009,921.32
MAR_l,AOYM4KG,20,tree-ad_gp_5000-dw_30000,33.73,31.0,119.94,0.0008,895.42
MAR_l,AOYM4KG,25,tree-ad_gp_5000-dw_30000,32.26,23.0,119.88,0.0008,889.19
MAR_l,AOYM4KG,15,tree-ad_gp_5000-dw_30000,29.92,24.0,128.91,0.0009,904.26
MAR_l,AV2GF3B,15,tree-ad_gp_5000-dw_30000,21.97,16.0,64.55,0.0008,475.52
MAR_l,AV2GF3B,5,tree-ad_gp_5000-dw_30000,26.2,18.0,70.25,0.0009,483.83
MAR_l,AV2GF3B,25,tree-ad_gp_5000-dw_30000,24.49,20.0,61.99,0.0008,467.71
MAR_l,AV2GF3B,10,tree-ad_gp_5000-dw_30000,24.14,19.0,70.02,0.0009,480.53
MAR_l,AV2GF3B,20,tree-ad_gp_5000-dw_30000,25.98,20.0,65.62,0.0008,471.32
MAR_l,A0NVTRV,10,tree-ad_gp_5000-dw_30000,27.17,21.0,331.06,0.0009,2306.5
MAR_l,A0NVTRV,5,tree-ad_gp_5000-dw_30000,24.96,18.0,346.57,0.0009,2328.73
MAR_l,A0NVTRV,20,tree-ad_gp_5000-dw_30000,27.27,18.0,313.54,0.0008,2264.6
MAR_l,A0NVTRV,15,tree-ad_gp_5000-dw_30000,26.07,18.0,328.3,0.0009,2285.49
MAR_l,A0NVTRV,25,tree-ad_gp_5000-dw_30000,24.4,18.0,307.71,0.0008,2244.82
MAR_l,A1K5DRI,10,tree-ad_gp_5000-dw_30000,34.71,31.0,796.45,0.0009,5519.29
MAR_l,A1K5DRI,5,tree-ad_gp_5000-dw_30000,36.09,30.0,831.46,0.0009,5567.26
MAR_l,A1K5DRI,15,tree-ad_gp_5000-dw_30000,34.03,31.0,783.13,0.0009,5468.68
MAR_l,A1K5DRI,20,tree-ad_gp_5000-dw_30000,33.27,30.0,760.23,0.0009,5420.15
MAR_l,A1K5DRI,25,tree-ad_gp_5000-dw_30000,33.55,30.0,738.44,0.0008,5380.38
MAR_l,AYEFCWQ,5,tree-ad_gp_5000-dw_30000,49.32,37.0,1052.2,0.0009,7182.39
MAR_l,AYEFCWQ,10,tree-ad_gp_5000-dw_30000,50.4,39.0,1027.64,0.0009,7119.07
MAR_l,AYEFCWQ,15,tree-ad_gp_5000-dw_30000,47.95,34.0,999.7,0.0009,7059.87
MAR_l,AYEFCWQ,20,tree-ad_gp_5000-dw_30000,46.79,33.0,974.59,0.0009,7001.25
MAR_l,AYEFCWQ,25,tree-ad_gp_5000-dw_30000,50.48,38.0,944.18,0.0008,6941.59
MAR_l,AMV7EQF,5,tree-ad_gp_5000-dw_30000,38.49,32.0,812.75,0.0009,5444.56
MAR_l,AMV7EQF,15,tree-ad_gp_5000-dw_30000,45.68,40.0,760.57,0.0009,5343.39
MAR_l,AMV7EQF,10,tree-ad_gp_5000-dw_30000,41.53,38.0,792.24,0.0009,5391.46
MAR_l,AMV7EQF,20,tree-ad_gp_5000-dw_30000,47.25,47.0,743.37,0.0009,5298.55
MAR_l,AMV7EQF,25,tree-ad_gp_5000-dw_30000,46.15,38.0,725.72,0.0008,5254.51
MAR_l,AZIK4ZA,5,tree-ad_gp_5000-dw_30000,34.91,33.0,690.09,0.0009,4639.56
MAR_l,AZIK4ZA,10,tree-ad_gp_5000-dw_30000,33.81,28.0,674.54,0.0009,4593.05
MAR_l,AZIK4ZA,15,tree-ad_gp_5000-dw_30000,34.48,30.0,652.52,0.0009,4553.91
MAR_l,AZIK4ZA,20,tree-ad_gp_5000-dw_30000,35.59,27.0,632.35,0.0009,4511.15
MAR_l,AZIK4ZA,25,tree-ad_gp_5000-dw_30000,44.75,42.0,615.55,0.0008,4475.97
MAR_l,AJWW3IY,10,tree-ad_gp_5000-dw_30000,28.59,25.0,626.74,0.0009,4336.67
MAR_l,AJWW3IY,5,tree-ad_gp_5000-dw_30000,30.69,31.0,654.56,0.0009,4382.08
MAR_l,AJWW3IY,20,tree-ad_gp_5000-dw_30000,32.38,27.0,597.29,0.0009,4262.86
MAR_l,AJWW3IY,15,tree-ad_gp_5000-dw_30000,30.76,27.0,616.44,0.0009,4299.25
MAR_l,AJWW3IY,25,tree-ad_gp_5000-dw_30000,42.81,39.0,575.06,0.0008,4226.78
MAR_l,AX6281V,5,tree-ad_gp_5000-dw_30000,31.63,27.0,627.42,0.0009,4259.87
MAR_l,AX6281V,15,tree-ad_gp_5000-dw_30000,33.1,27.0,595.81,0.0009,4177.1
MAR_l,AX6281V,10,tree-ad_gp_5000-dw_30000,28.49,25.0,618.88,0.0009,4219.14
MAR_l,AX6281V,20,tree-ad_gp_5000-dw_30000,32.95,29.0,578.96,0.0009,4142.98
MAR_l,AX6281V,25,tree-ad_gp_5000-dw_30000,32.28,28.0,560.71,0.0008,4107.3
MAR_l,AYWIEKR,5,tree-ad_gp_5000-dw_30000,27.67,25.0,808.57,0.0009,5433.61
MAR_l,AYWIEKR,10,tree-ad_gp_5000-dw_30000,26.97,24.0,782.76,0.0009,5379.63
MAR_l,AYWIEKR,15,tree-ad_gp_5000-dw_30000,31.81,29.0,767.76,0.0009,5336.78
MAR_l,AYWIEKR,20,tree-ad_gp_5000-dw_30000,33.14,29.0,741.09,0.0009,5288.64
MAR_l,AYWIEKR,25,tree-ad_gp_5000-dw_30000,39.56,34.0,722.57,0.0008,5244.78
MAR_l,ATHKM6V,5,tree-ad_gp_5000-dw_30000,28.23,26.0,428.24,0.0009,2881.18
MAR_l,ATHKM6V,10,tree-ad_gp_5000-dw_30000,27.96,25.0,414.63,0.0009,2852.41
MAR_l,ATHKM6V,15,tree-ad_gp_5000-dw_30000,25.42,22.0,400.77,0.0009,2825.77
MAR_l,ATHKM6V,25,tree-ad_gp_5000-dw_30000,25.76,21.0,376.1,0.0008,2777.97
MAR_l,ATHKM6V,20,tree-ad_gp_5000-dw_30000,26.25,26.0,389.47,0.0009,2801.08
MAR_l,AFPB8J2,15,tree-ad_gp_5000-dw_30000,31.36,27.0,662.34,0.0009,4683.03
MAR_l,AFPB8J2,5,tree-ad_gp_5000-dw_30000,39.65,41.0,714.42,0.0009,4771.25
MAR_l,AFPB8J2,10,tree-ad_gp_5000-dw_30000,33.82,30.0,687.12,0.0009,4725.55
MAR_l,AFPB8J2,25,tree-ad_gp_5000-dw_30000,33.63,30.0,628.1,0.0008,4603.65
MAR_l,AFPB8J2,20,tree-ad_gp_5000-dw_30000,32.63,29.0,649.78,0.0009,4638.95
MAR_l,A0VFT1N,5,tree-ad_gp_5000-dw_30000,34.61,30.0,818.34,0.0009,5487.99
MAR_l,A0VFT1N,10,tree-ad_gp_5000-dw_30000,34.69,33.0,795.67,0.0009,5432.48
MAR_l,A0VFT1N,15,tree-ad_gp_5000-dw_30000,29.18,24.0,766.45,0.0009,5384.35
MAR_l,A0VFT1N,20,tree-ad_gp_5000-dw_30000,37.17,33.0,742.65,0.0009,5335.94
MAR_l,A0VFT1N,25,tree-ad_gp_5000-dw_30000,41.97,36.0,725.0,0.0008,5293.59
MAR_l,AURCTAK,5,tree-ad_gp_5000-dw_30000,20.28,15.0,106.63,0.0009,745.88
MAR_l,AURCTAK,10,tree-ad_gp_5000-dw_30000,22.3,17.0,106.64,0.0009,739.07
MAR_l,AURCTAK,15,tree-ad_gp_5000-dw_30000,23.03,17.0,104.19,0.0009,733.64
MAR_l,AURCTAK,25,tree-ad_gp_5000-dw_30000,24.48,20.0,98.14,0.0008,721.65
MAR_l,AURCTAK,20,tree-ad_gp_5000-dw_30000,21.38,17.0,101.91,0.0009,726.6
MAR_l,A36HR6Y,5,tree-ad_gp_5000-dw_30000,42.38,34.0,385.01,0.0009,2607.61
MAR_l,A36HR6Y,10,tree-ad_gp_5000-dw_30000,44.12,40.0,375.99,0.0009,2583.91
MAR_l,A36HR6Y,25,tree-ad_gp_5000-dw_30000,44.25,41.0,340.01,0.0008,2513.62
MAR_l,A36HR6Y,20,tree-ad_gp_5000-dw_30000,43.4,33.0,352.46,0.0008,2536.11
MAR_l,A36HR6Y,15,tree-ad_gp_5000-dw_30000,43.55,39.0,365.82,0.0009,2558.09
MAR_l,A4E0D03,5,tree-ad_gp_5000-dw_30000,30.69,26.0,684.12,0.0009,4618.87
MAR_l,A4E0D03,10,tree-ad_gp_5000-dw_30000,33.68,32.0,663.06,0.0009,4573.89
MAR_l,A4E0D03,20,tree-ad_gp_5000-dw_30000,36.66,36.0,623.96,0.0008,4494.16
MAR_l,A4E0D03,15,tree-ad_gp_5000-dw_30000,31.51,27.0,644.38,0.0009,4532.91
MAR_l,A4E0D03,25,tree-ad_gp_5000-dw_30000,40.93,35.0,609.22,0.0008,4456.36
MAR_l,AJMQUVV,5,tree-ad_gp_5000-dw_30000,51.4,31.0,830.74,0.0009,5628.15
MAR_l,AJMQUVV,10,tree-ad_gp_5000-dw_30000,48.89,29.0,806.95,0.0009,5578.37
MAR_l,AJMQUVV,15,tree-ad_gp_5000-dw_30000,45.3,28.0,780.88,0.0009,5522.89
MAR_l,AJMQUVV,20,tree-ad_gp_5000-dw_30000,51.15,36.0,757.52,0.0008,5483.35
MAR_l,AJMQUVV,25,tree-ad_gp_5000-dw_30000,51.52,34.0,739.56,0.0008,5440.53
MAR_l,A4G0044,10,tree-ad_gp_5000-dw_30000,29.91,25.0,109.2,0.0009,770.64
MAR_l,A4G0044,5,tree-ad_gp_5000-dw_30000,29.42,26.0,113.14,0.0009,777.58
MAR_l,A4G0044,15,tree-ad_gp_5000-dw_30000,31.83,30.0,106.44,0.0009,762.94
MAR_l,A4G0044,25,tree-ad_gp_5000-dw_30000,39.9,33.0,100.2,0.0008,751.15
MAR_l,A4G0044,20,tree-ad_gp_5000-dw_30000,36.01,32.0,104.53,0.0008,756.79
MAR_l,AIFDJZB,5,tree-ad_gp_5000-dw_30000,35.62,33.0,1162.83,0.0009,7828.75
MAR_l,AIFDJZB,15,tree-ad_gp_5000-dw_30000,34.02,33.0,1086.45,0.0009,7679.61
MAR_l,AIFDJZB,10,tree-ad_gp_5000-dw_30000,35.07,31.0,1131.43,0.0009,7753.69
MAR_l,AIFDJZB,20,tree-ad_gp_5000-dw_30000,39.58,36.0,1057.25,0.0009,7617.59
MAR_l,AIFDJZB,25,tree-ad_gp_5000-dw_30000,36.19,32.0,1027.06,0.0008,7553.33
MAR_l,AQC0L71,5,tree-ad_gp_5000-dw_30000,32.3,28.0,486.72,0.0009,3236.09
MAR_l,AQC0L71,10,tree-ad_gp_5000-dw_30000,29.96,25.0,471.28,0.0009,3206.28
MAR_l,AQC0L71,15,tree-ad_gp_5000-dw_30000,27.35,21.0,455.32,0.0009,3179.17
MAR_l,AQC0L71,20,tree-ad_gp_5000-dw_30000,31.89,24.0,442.54,0.0009,3154.0
MAR_l,AQC0L71,25,tree-ad_gp_5000-dw_30000,34.2,29.0,431.95,0.0008,3128.97
MAR_l,A7EM0B6,5,tree-ad_gp_5000-dw_30000,28.15,25.0,603.57,0.0009,4026.05
MAR_l,A7EM0B6,10,tree-ad_gp_5000-dw_30000,29.22,24.0,585.93,0.0009,3989.9
MAR_l,A7EM0B6,15,tree-ad_gp_5000-dw_30000,29.95,26.0,570.36,0.0009,3953.52
MAR_l,A7EM0B6,20,tree-ad_gp_5000-dw_30000,33.21,28.0,555.41,0.0009,3919.22
MAR_l,A7EM0B6,25,tree-ad_gp_5000-dw_30000,36.48,31.0,536.58,0.0008,3885.65
MAR_m,A1ZJ41O,5,tree-ad_gp_5000-dw_30000,3.12,2.0,749.4,0.0009,5017.55
MAR_m,A1ZJ41O,10,tree-ad_gp_5000-dw_30000,3.24,2.0,730.22,0.0009,4975.72
MAR_m,A1ZJ41O,15,tree-ad_gp_5000-dw_30000,3.31,2.0,711.14,0.0009,4938.53
MAR_m,A1ZJ41O,20,tree-ad_gp_5000-dw_30000,3.4,2.0,691.78,0.0009,4901.1
MAR_m,A1ZJ41O,25,tree-ad_gp_5000-dw_30000,3.48,2.0,675.05,0.0008,4863.0
MAR_m,AKXN5ZZ,5,tree-ad_gp_5000-dw_30000,2.8,2.0,775.16,0.0009,5200.64
MAR_m,AKXN5ZZ,10,tree-ad_gp_5000-dw_30000,2.88,2.0,748.51,0.0009,5157.33
MAR_m,AKXN5ZZ,15,tree-ad_gp_5000-dw_30000,2.96,2.0,731.45,0.0009,5115.41
MAR_m,AKXN5ZZ,20,tree-ad_gp_5000-dw_30000,3.04,2.0,707.83,0.0009,5077.27
MAR_m,AKXN5ZZ,25,tree-ad_gp_5000-dw_30000,3.13,2.0,688.12,0.0008,5038.71
MAR_m,AAXAA7Z,5,tree-ad_gp_5000-dw_30000,4.47,3.0,584.1,0.0009,3926.51
MAR_m,AAXAA7Z,15,tree-ad_gp_5000-dw_30000,4.68,3.0,545.19,0.0009,3861.43
MAR_m,AAXAA7Z,10,tree-ad_gp_5000-dw_30000,4.57,3.0,566.52,0.0009,3892.99
MAR_m,AAXAA7Z,20,tree-ad_gp_5000-dw_30000,4.8,3.0,538.3,0.0009,3832.42
MAR_m,AAXAA7Z,25,tree-ad_gp_5000-dw_30000,4.96,3.0,522.05,0.0008,3804.69
MAR_m,AA2KP1S,5,tree-ad_gp_5000-dw_30000,3.25,2.0,752.38,0.0009,5058.97
MAR_m,AA2KP1S,10,tree-ad_gp_5000-dw_30000,3.34,2.0,729.31,0.0009,5016.45
MAR_m,AA2KP1S,15,tree-ad_gp_5000-dw_30000,3.45,2.0,706.75,0.0009,4977.32
MAR_m,AA2KP1S,20,tree-ad_gp_5000-dw_30000,3.54,2.0,685.53,0.0009,4939.07
MAR_m,AA2KP1S,25,tree-ad_gp_5000-dw_30000,3.61,2.0,676.1,0.0008,4903.88
MAR_m,APGIB2T,5,tree-ad_gp_5000-dw_30000,4.44,3.0,136.16,0.0009,955.47
MAR_m,APGIB2T,10,tree-ad_gp_5000-dw_30000,4.55,3.0,131.17,0.0009,946.75
MAR_m,APGIB2T,20,tree-ad_gp_5000-dw_30000,4.7,3.0,125.23,0.0008,932.68
MAR_m,APGIB2T,25,tree-ad_gp_5000-dw_30000,4.76,3.0,122.64,0.0008,925.82
MAR_m,APGIB2T,15,tree-ad_gp_5000-dw_30000,4.64,3.0,131.07,0.0009,939.97
MAR_m,AHYIJDV,5,tree-ad_gp_5000-dw_30000,3.38,2.0,632.68,0.0009,4324.54
MAR_m,AHYIJDV,10,tree-ad_gp_5000-dw_30000,3.47,2.0,620.37,0.0009,4288.27
MAR_m,AHYIJDV,15,tree-ad_gp_5000-dw_30000,3.56,2.0,600.04,0.0009,4254.42
MAR_m,AHYIJDV,25,tree-ad_gp_5000-dw_30000,3.75,2.0,563.99,0.0008,4191.49
MAR_m,AHYIJDV,20,tree-ad_gp_5000-dw_30000,3.65,2.0,590.42,0.0009,4222.41
MAR_m,ASFODQR,5,tree-ad_gp_5000-dw_30000,4.52,3.0,1333.0,0.0009,8963.17
MAR_m,ASFODQR,10,tree-ad_gp_5000-dw_30000,4.67,3.0,1289.66,0.0009,8888.25
MAR_m,ASFODQR,15,tree-ad_gp_5000-dw_30000,4.78,3.0,1261.14,0.0009,8815.57
MAR_m,ASFODQR,20,tree-ad_gp_5000-dw_30000,4.92,3.0,1220.54,0.0009,8751.29
MAR_m,ASFODQR,25,tree-ad_gp_5000-dw_30000,5.05,3.0,1191.47,0.0008,8685.62
MAR_m,AUY8KYW,5,tree-ad_gp_5000-dw_30000,4.34,3.0,863.62,0.0009,5845.34
MAR_m,AUY8KYW,15,tree-ad_gp_5000-dw_30000,4.59,3.0,814.31,0.0009,5750.64
MAR_m,AUY8KYW,10,tree-ad_gp_5000-dw_30000,4.45,3.0,842.84,0.0009,5795.1
MAR_m,AUY8KYW,20,tree-ad_gp_5000-dw_30000,4.71,3.0,792.74,0.0009,5706.84
MAR_m,AUY8KYW,25,tree-ad_gp_5000-dw_30000,4.85,3.0,774.8,0.0008,5663.38
MAR_m,A3OU183,10,tree-ad_gp_5000-dw_30000,4.77,3.0,61.81,0.0008,466.32
MAR_m,A3OU183,15,tree-ad_gp_5000-dw_30000,4.89,3.0,62.09,0.0008,462.8
MAR_m,A3OU183,20,tree-ad_gp_5000-dw_30000,4.93,3.0,60.49,0.0008,459.43
MAR_m,A3OU183,5,tree-ad_gp_5000-dw_30000,4.71,3.0,67.4,0.0009,469.7
MAR_m,A3OU183,25,tree-ad_gp_5000-dw_30000,4.95,3.0,61.76,0.0008,455.54
MAR_m,AOYM4KG,20,tree-ad_gp_5000-dw_30000,7.26,3.0,118.92,0.0008,899.78
MAR_m,AOYM4KG,5,tree-ad_gp_5000-dw_30000,6.7,3.0,134.98,0.0009,921.8
MAR_m,AOYM4KG,15,tree-ad_gp_5000-dw_30000,7.12,3.0,127.32,0.0009,906.45
MAR_m,AOYM4KG,10,tree-ad_gp_5000-dw_30000,6.96,3.0,133.23,0.0009,914.41
MAR_m,AOYM4KG,25,tree-ad_gp_5000-dw_30000,7.43,3.0,120.19,0.0008,891.73
MAR_m,AV2GF3B,10,tree-ad_gp_5000-dw_30000,5.57,4.0,67.0,0.0009,481.35
MAR_m,AV2GF3B,5,tree-ad_gp_5000-dw_30000,5.4,3.0,69.69,0.0009,485.16
MAR_m,AV2GF3B,25,tree-ad_gp_5000-dw_30000,6.0,4.0,61.7,0.0008,470.12
MAR_m,AV2GF3B,20,tree-ad_gp_5000-dw_30000,5.94,4.0,63.57,0.0008,473.46
MAR_m,AV2GF3B,15,tree-ad_gp_5000-dw_30000,5.73,4.0,66.21,0.0009,476.67
MAR_m,A0NVTRV,5,tree-ad_gp_5000-dw_30000,2.75,2.0,339.73,0.0009,2333.1
MAR_m,A0NVTRV,20,tree-ad_gp_5000-dw_30000,2.92,2.0,311.13,0.0008,2276.89
MAR_m,A0NVTRV,10,tree-ad_gp_5000-dw_30000,2.79,2.0,334.9,0.0009,2313.72
MAR_m,A0NVTRV,15,tree-ad_gp_5000-dw_30000,2.84,2.0,327.42,0.0009,2295.35
MAR_m,A0NVTRV,25,tree-ad_gp_5000-dw_30000,2.95,2.0,306.22,0.0008,2262.2
MAR_m,A1K5DRI,5,tree-ad_gp_5000-dw_30000,3.34,2.0,826.82,0.0009,5571.94
MAR_m,A1K5DRI,10,tree-ad_gp_5000-dw_30000,3.44,2.0,803.35,0.0009,5528.78
MAR_m,A1K5DRI,15,tree-ad_gp_5000-dw_30000,3.53,2.0,777.41,0.0009,5482.95
MAR_m,A1K5DRI,20,tree-ad_gp_5000-dw_30000,3.62,2.0,755.84,0.0009,5441.59
MAR_m,A1K5DRI,25,tree-ad_gp_5000-dw_30000,3.69,2.0,732.63,0.0008,5401.57
MAR_m,AYEFCWQ,5,tree-ad_gp_5000-dw_30000,3.47,2.0,1067.86,0.0009,7193.38
MAR_m,AYEFCWQ,10,tree-ad_gp_5000-dw_30000,3.56,2.0,1031.45,0.0009,7134.97
MAR_m,AYEFCWQ,15,tree-ad_gp_5000-dw_30000,3.64,2.0,1005.63,0.0009,7077.6
MAR_m,AYEFCWQ,25,tree-ad_gp_5000-dw_30000,3.83,2.0,948.12,0.0008,6969.75
MAR_m,AYEFCWQ,20,tree-ad_gp_5000-dw_30000,3.73,2.0,976.43,0.0009,7022.45
MAR_m,AMV7EQF,5,tree-ad_gp_5000-dw_30000,4.44,3.0,813.34,0.0009,5449.95
MAR_m,AMV7EQF,10,tree-ad_gp_5000-dw_30000,4.55,3.0,788.37,0.0009,5406.95
MAR_m,AMV7EQF,15,tree-ad_gp_5000-dw_30000,4.66,3.0,767.05,0.0009,5362.93
MAR_m,AMV7EQF,20,tree-ad_gp_5000-dw_30000,4.76,3.0,743.5,0.0009,5321.08
MAR_m,AMV7EQF,25,tree-ad_gp_5000-dw_30000,4.84,3.0,720.81,0.0008,5279.67
MAR_m,AZIK4ZA,5,tree-ad_gp_5000-dw_30000,3.88,2.0,679.59,0.0009,4646.58
MAR_m,AZIK4ZA,15,tree-ad_gp_5000-dw_30000,4.11,3.0,650.03,0.0009,4570.97
MAR_m,AZIK4ZA,10,tree-ad_gp_5000-dw_30000,3.98,2.0,673.96,0.0009,4606.43
MAR_m,AZIK4ZA,25,tree-ad_gp_5000-dw_30000,4.35,3.0,617.16,0.0008,4501.33
MAR_m,AZIK4ZA,20,tree-ad_gp_5000-dw_30000,4.24,3.0,636.77,0.0009,4534.37
MAR_m,AJWW3IY,5,tree-ad_gp_5000-dw_30000,3.18,2.0,653.47,0.0009,4387.89
MAR_m,AJWW3IY,15,tree-ad_gp_5000-dw_30000,3.37,2.0,613.14,0.0009,4316.25
MAR_m,AJWW3IY,20,tree-ad_gp_5000-dw_30000,3.46,2.0,593.65,0.0008,4283.22
MAR_m,AJWW3IY,10,tree-ad_gp_5000-dw_30000,3.29,2.0,635.91,0.0009,4353.54
MAR_m,AJWW3IY,25,tree-ad_gp_5000-dw_30000,3.55,2.0,583.49,0.0008,4253.57
MAR_m,AX6281V,5,tree-ad_gp_5000-dw_30000,3.26,2.0,626.56,0.0009,4265.67
MAR_m,AX6281V,15,tree-ad_gp_5000-dw_30000,3.43,2.0,588.53,0.0009,4196.64
MAR_m,AX6281V,10,tree-ad_gp_5000-dw_30000,3.34,2.0,610.89,0.0009,4229.72
MAR_m,AX6281V,20,tree-ad_gp_5000-dw_30000,3.52,2.0,575.63,0.0008,4165.11
MAR_m,AX6281V,25,tree-ad_gp_5000-dw_30000,3.61,2.0,559.74,0.0008,4133.77
MAR_m,AYWIEKR,10,tree-ad_gp_5000-dw_30000,3.6,2.0,780.8,0.0009,5398.54
MAR_m,AYWIEKR,5,tree-ad_gp_5000-dw_30000,3.5,2.0,810.25,0.0009,5445.13
MAR_m,AYWIEKR,20,tree-ad_gp_5000-dw_30000,3.8,2.0,733.47,0.0008,5314.19
MAR_m,AYWIEKR,15,tree-ad_gp_5000-dw_30000,3.7,2.0,761.32,0.0009,5355.41
MAR_m,AYWIEKR,25,tree-ad_gp_5000-dw_30000,3.9,2.0,716.55,0.0008,5275.2
MAR_m,ATHKM6V,5,tree-ad_gp_5000-dw_30000,2.83,2.0,424.94,0.0009,2884.81
MAR_m,ATHKM6V,10,tree-ad_gp_5000-dw_30000,2.89,2.0,414.63,0.0009,2861.09
MAR_m,ATHKM6V,15,tree-ad_gp_5000-dw_30000,2.93,2.0,402.15,0.0009,2839.16
MAR_m,ATHKM6V,20,tree-ad_gp_5000-dw_30000,2.99,2.0,392.77,0.0009,2817.77
MAR_m,ATHKM6V,25,tree-ad_gp_5000-dw_30000,3.06,2.0,378.66,0.0008,2795.48
MAR_m,AFPB8J2,5,tree-ad_gp_5000-dw_30000,3.52,2.0,703.83,0.0009,4778.42
MAR_m,AFPB8J2,10,tree-ad_gp_5000-dw_30000,3.6,2.0,684.39,0.0009,4737.9
MAR_m,AFPB8J2,15,tree-ad_gp_5000-dw_30000,3.66,3.0,669.5,0.0009,4702.7
MAR_m,AFPB8J2,20,tree-ad_gp_5000-dw_30000,3.76,3.0,646.82,0.0008,4666.04
MAR_m,AFPB8J2,25,tree-ad_gp_5000-dw_30000,3.82,3.0,632.8,0.0008,4630.56
MAR_m,A0VFT1N,5,tree-ad_gp_5000-dw_30000,3.38,2.0,813.87,0.0009,5492.34
MAR_m,A0VFT1N,10,tree-ad_gp_5000-dw_30000,3.47,2.0,788.68,0.0009,5448.72
MAR_m,A0VFT1N,15,tree-ad_gp_5000-dw_30000,3.57,2.0,761.34,0.0009,5403.45
MAR_m,A0VFT1N,20,tree-ad_gp_5000-dw_30000,3.67,2.0,747.03,0.0009,5364.88
MAR_m,A0VFT1N,25,tree-ad_gp_5000-dw_30000,3.75,2.0,724.0,0.0008,5322.04
MAR_m,AURCTAK,10,tree-ad_gp_5000-dw_30000,6.05,4.0,105.1,0.0009,741.25
MAR_m,AURCTAK,15,tree-ad_gp_5000-dw_30000,6.25,4.0,101.56,0.0009,734.25
MAR_m,AURCTAK,5,tree-ad_gp_5000-dw_30000,5.91,4.0,110.15,0.0009,746.57
MAR_m,AURCTAK,20,tree-ad_gp_5000-dw_30000,6.32,4.0,100.49,0.0008,729.14
MAR_m,AURCTAK,25,tree-ad_gp_5000-dw_30000,6.49,4.0,97.55,0.0008,724.27
MAR_m,A36HR6Y,15,tree-ad_gp_5000-dw_30000,3.68,3.0,359.05,0.0009,2567.0
MAR_m,A36HR6Y,5,tree-ad_gp_5000-dw_30000,3.52,3.0,390.56,0.0009,2608.68
MAR_m,A36HR6Y,25,tree-ad_gp_5000-dw_30000,3.81,3.0,342.03,0.0008,2528.25
MAR_m,A36HR6Y,10,tree-ad_gp_5000-dw_30000,3.6,3.0,380.09,0.0009,2587.76
MAR_m,A36HR6Y,20,tree-ad_gp_5000-dw_30000,3.75,3.0,353.98,0.0009,2547.01
MAR_m,A4E0D03,10,tree-ad_gp_5000-dw_30000,3.36,2.0,659.87,0.0009,4586.88
MAR_m,A4E0D03,5,tree-ad_gp_5000-dw_30000,3.25,2.0,683.71,0.0009,4624.86
MAR_m,A4E0D03,15,tree-ad_gp_5000-dw_30000,3.46,2.0,646.03,0.0009,4550.04
MAR_m,A4E0D03,25,tree-ad_gp_5000-dw_30000,3.63,2.0,605.25,0.0008,4482.03
MAR_m,A4E0D03,20,tree-ad_gp_5000-dw_30000,3.55,2.0,626.84,0.0009,4514.51
MAR_m,AJMQUVV,5,tree-ad_gp_5000-dw_30000,3.72,2.0,825.01,0.0009,5633.22
MAR_m,AJMQUVV,10,tree-ad_gp_5000-dw_30000,3.8,2.0,800.23,0.0009,5586.53
MAR_m,AJMQUVV,15,tree-ad_gp_5000-dw_30000,3.89,3.0,778.51,0.0009,5541.42
MAR_m,AJMQUVV,20,tree-ad_gp_5000-dw_30000,3.95,3.0,758.58,0.0008,5501.36
MAR_m,AJMQUVV,25,tree-ad_gp_5000-dw_30000,4.06,3.0,741.82,0.0008,5458.66
MAR_m,A4G0044,5,tree-ad_gp_5000-dw_30000,6.05,4.0,111.08,0.0009,778.47
MAR_m,A4G0044,10,tree-ad_gp_5000-dw_30000,6.22,4.0,111.42,0.0009,771.7
MAR_m,A4G0044,20,tree-ad_gp_5000-dw_30000,6.49,4.0,104.12,0.0008,759.14
MAR_m,A4G0044,15,tree-ad_gp_5000-dw_30000,6.33,4.0,108.84,0.0009,765.13
MAR_m,A4G0044,25,tree-ad_gp_5000-dw_30000,6.58,4.0,103.59,0.0008,753.72
MAR_m,AIFDJZB,5,tree-ad_gp_5000-dw_30000,4.02,2.0,1142.7,0.0009,7837.61
MAR_m,AIFDJZB,10,tree-ad_gp_5000-dw_30000,4.11,2.0,1117.6,0.0009,7771.38
MAR_m,AIFDJZB,15,tree-ad_gp_5000-dw_30000,4.23,2.0,1087.62,0.0009,7709.06
MAR_m,AIFDJZB,20,tree-ad_gp_5000-dw_30000,4.35,3.0,1057.42,0.0008,7649.53
MAR_m,AIFDJZB,25,tree-ad_gp_5000-dw_30000,4.49,3.0,1026.58,0.0008,7592.23
MAR_m,AQC0L71,5,tree-ad_gp_5000-dw_30000,3.18,2.0,486.75,0.0009,3239.43
MAR_m,AQC0L71,15,tree-ad_gp_5000-dw_30000,3.33,2.0,456.38,0.0009,3186.02
MAR_m,AQC0L71,10,tree-ad_gp_5000-dw_30000,3.25,2.0,473.71,0.0009,3212.66
MAR_m,AQC0L71,25,tree-ad_gp_5000-dw_30000,3.48,2.0,435.49,0.0008,3139.96
MAR_m,AQC0L71,20,tree-ad_gp_5000-dw_30000,3.41,2.0,450.13,0.0009,3164.02
MAR_m,A7EM0B6,10,tree-ad_gp_5000-dw_30000,3.79,2.0,585.43,0.0009,4001.92
MAR_m,A7EM0B6,5,tree-ad_gp_5000-dw_30000,3.69,2.0,610.19,0.001,4035.89
MAR_m,A7EM0B6,15,tree-ad_gp_5000-dw_30000,3.9,2.0,573.03,0.0009,3971.52
MAR_m,A7EM0B6,20,tree-ad_gp_5000-dw_30000,4.01,2.0,556.36,0.0009,3940.9
MAR_m,A7EM0B6,25,tree-ad_gp_5000-dw_30000,4.12,2.0,538.37,0.0008,3909.7
MNAR_h,A1ZJ41O,5,tree-ad_gp_5000-dw_30000,23.3,19.0,745.88,0.0009,5012.26
MNAR_h,A1ZJ41O,10,tree-ad_gp_5000-dw_30000,19.81,16.0,720.32,0.0009,4964.21
MNAR_h,A1ZJ41O,15,tree-ad_gp_5000-dw_30000,18.11,14.0,696.72,0.0009,4919.52
MNAR_h,A1ZJ41O,25,tree-ad_gp_5000-dw_30000,16.2,13.0,664.05,0.0008,4840.68
MNAR_h,A1ZJ41O,20,tree-ad_gp_5000-dw_30000,16.94,13.0,684.2,0.0009,4878.57
MNAR_h,AKXN5ZZ,10,tree-ad_gp_5000-dw_30000,15.57,13.0,735.94,0.0009,5146.54
MNAR_h,AKXN5ZZ,5,tree-ad_gp_5000-dw_30000,16.79,14.0,766.25,0.0009,5190.9
MNAR_h,AKXN5ZZ,20,tree-ad_gp_5000-dw_30000,15.13,13.0,694.76,0.0008,5058.04
MNAR_h,AKXN5ZZ,15,tree-ad_gp_5000-dw_30000,15.26,13.0,721.23,0.0009,5100.45
MNAR_h,AKXN5ZZ,25,tree-ad_gp_5000-dw_30000,14.9,13.0,675.29,0.0008,5016.61
MNAR_h,AAXAA7Z,5,tree-ad_gp_5000-dw_30000,41.25,30.0,581.73,0.0009,3923.84
MNAR_h,AAXAA7Z,10,tree-ad_gp_5000-dw_30000,32.54,23.0,566.05,0.0009,3883.41
MNAR_h,AAXAA7Z,15,tree-ad_gp_5000-dw_30000,30.05,23.0,549.94,0.0009,3849.45
MNAR_h,AAXAA7Z,25,tree-ad_gp_5000-dw_30000,26.58,21.0,516.73,0.0008,3783.7
MNAR_h,AAXAA7Z,20,tree-ad_gp_5000-dw_30000,28.14,22.0,531.84,0.0009,3815.71
MNAR_h,AA2KP1S,10,tree-ad_gp_5000-dw_30000,14.04,13.0,723.6,0.0009,5007.41
MNAR_h,AA2KP1S,20,tree-ad_gp_5000-dw_30000,13.96,12.0,679.21,0.0008,4920.98
MNAR_h,AA2KP1S,25,tree-ad_gp_5000-dw_30000,14.32,13.0,657.8,0.0008,4882.51
MNAR_h,AA2KP1S,15,tree-ad_gp_5000-dw_30000,14.01,13.0,706.25,0.0009,4965.07
MNAR_h,AA2KP1S,5,tree-ad_gp_5000-dw_30000,14.03,13.0,760.06,0.0009,5054.17
MNAR_h,APGIB2T,10,tree-ad_gp_5000-dw_30000,18.95,17.0,135.77,0.0009,945.81
MNAR_h,APGIB2T,5,tree-ad_gp_5000-dw_30000,21.04,19.0,141.96,0.0009,955.14
MNAR_h,APGIB2T,25,tree-ad_gp_5000-dw_30000,17.2,15.0,124.23,0.0008,922.04
MNAR_h,APGIB2T,15,tree-ad_gp_5000-dw_30000,17.92,16.0,133.4,0.0009,937.24
MNAR_h,APGIB2T,20,tree-ad_gp_5000-dw_30000,17.8,16.0,129.25,0.0008,929.08
MNAR_h,AHYIJDV,5,tree-ad_gp_5000-dw_30000,32.47,30.0,628.97,0.0009,4317.13
MNAR_h,AHYIJDV,10,tree-ad_gp_5000-dw_30000,28.18,24.0,614.4,0.0009,4275.85
MNAR_h,AHYIJDV,15,tree-ad_gp_5000-dw_30000,23.87,19.0,598.39,0.0009,4239.84
MNAR_h,AHYIJDV,20,tree-ad_gp_5000-dw_30000,21.75,16.0,578.74,0.0008,4204.84
MNAR_h,AHYIJDV,25,tree-ad_gp_5000-dw_30000,19.95,14.0,565.71,0.0008,4169.14
MNAR_h,ASFODQR,5,tree-ad_gp_5000-dw_30000,41.92,40.0,1318.27,0.0009,8955.34
MNAR_h,ASFODQR,10,tree-ad_gp_5000-dw_30000,42.57,38.0,1274.31,0.0009,8868.77
MNAR_h,ASFODQR,15,tree-ad_gp_5000-dw_30000,41.41,35.0,1246.15,0.0009,8792.36
MNAR_h,ASFODQR,25,tree-ad_gp_5000-dw_30000,37.28,31.0,1170.41,0.0008,8643.29
MNAR_h,ASFODQR,20,tree-ad_gp_5000-dw_30000,39.82,33.0,1209.27,0.0008,8714.02
MNAR_h,AUY8KYW,5,tree-ad_gp_5000-dw_30000,33.01,27.0,872.44,0.0009,5840.85
MNAR_h,AUY8KYW,15,tree-ad_gp_5000-dw_30000,27.27,22.0,815.13,0.0009,5732.64
MNAR_h,AUY8KYW,10,tree-ad_gp_5000-dw_30000,29.08,23.0,844.43,0.0009,5784.93
MNAR_h,AUY8KYW,20,tree-ad_gp_5000-dw_30000,25.76,21.0,791.45,0.0009,5678.7
MNAR_h,AUY8KYW,25,tree-ad_gp_5000-dw_30000,24.55,20.0,774.1,0.0008,5634.39
MNAR_h,A3OU183,10,tree-ad_gp_5000-dw_30000,19.94,18.0,64.41,0.0009,464.16
MNAR_h,A3OU183,15,tree-ad_gp_5000-dw_30000,17.9,16.0,63.06,0.0008,460.91
MNAR_h,A3OU183,5,tree-ad_gp_5000-dw_30000,23.3,22.0,68.63,0.0009,469.4
MNAR_h,A3OU183,20,tree-ad_gp_5000-dw_30000,16.24,14.0,61.83,0.0008,456.44
MNAR_h,A3OU183,25,tree-ad_gp_5000-dw_30000,15.31,13.0,60.83,0.0008,452.6
MNAR_h,AOYM4KG,5,tree-ad_gp_5000-dw_30000,41.32,40.0,135.74,0.0009,920.5
MNAR_h,AOYM4KG,10,tree-ad_gp_5000-dw_30000,42.12,40.0,131.45,0.0009,911.13
MNAR_h,AOYM4KG,20,tree-ad_gp_5000-dw_30000,37.75,37.0,122.26,0.0008,892.64
MNAR_h,AOYM4KG,15,tree-ad_gp_5000-dw_30000,41.19,40.0,127.68,0.0009,901.63
MNAR_h,AOYM4KG,25,tree-ad_gp_5000-dw_30000,33.62,32.0,120.71,0.0008,886.42
MNAR_h,AV2GF3B,15,tree-ad_gp_5000-dw_30000,30.97,22.0,63.99,0.0008,475.71
MNAR_h,AV2GF3B,10,tree-ad_gp_5000-dw_30000,35.24,29.0,67.82,0.0009,480.37
MNAR_h,AV2GF3B,25,tree-ad_gp_5000-dw_30000,24.94,17.0,61.38,0.0008,468.67
MNAR_h,AV2GF3B,5,tree-ad_gp_5000-dw_30000,38.27,38.0,72.05,0.0009,485.65
MNAR_h,AV2GF3B,20,tree-ad_gp_5000-dw_30000,27.41,19.0,65.68,0.0008,472.43
MNAR_h,A0NVTRV,5,tree-ad_gp_5000-dw_30000,17.83,14.0,340.68,0.0009,2329.96
MNAR_h,A0NVTRV,10,tree-ad_gp_5000-dw_30000,15.37,12.0,333.17,0.0009,2309.01
MNAR_h,A0NVTRV,15,tree-ad_gp_5000-dw_30000,15.37,13.0,323.43,0.0009,2289.35
MNAR_h,A0NVTRV,20,tree-ad_gp_5000-dw_30000,14.93,12.0,313.96,0.0008,2268.92
MNAR_h,A0NVTRV,25,tree-ad_gp_5000-dw_30000,14.72,12.0,306.8,0.0008,2250.79
MNAR_h,A1K5DRI,5,tree-ad_gp_5000-dw_30000,22.07,17.0,822.24,0.0009,5564.94
MNAR_h,A1K5DRI,10,tree-ad_gp_5000-dw_30000,18.6,14.0,799.64,0.0009,5517.47
MNAR_h,A1K5DRI,20,tree-ad_gp_5000-dw_30000,17.87,15.0,753.89,0.0008,5423.21
MNAR_h,A1K5DRI,15,tree-ad_gp_5000-dw_30000,17.79,14.0,777.69,0.0009,5467.36
MNAR_h,A1K5DRI,25,tree-ad_gp_5000-dw_30000,17.83,15.0,735.12,0.0008,5377.36
MNAR_h,AYEFCWQ,5,tree-ad_gp_5000-dw_30000,27.07,18.0,1060.3,0.0009,7183.21
MNAR_h,AYEFCWQ,10,tree-ad_gp_5000-dw_30000,21.02,14.0,1023.58,0.0009,7121.09
MNAR_h,AYEFCWQ,15,tree-ad_gp_5000-dw_30000,18.88,13.0,1000.78,0.0009,7059.13
MNAR_h,AYEFCWQ,20,tree-ad_gp_5000-dw_30000,18.45,13.0,966.4,0.0008,6996.8
MNAR_h,AYEFCWQ,25,tree-ad_gp_5000-dw_30000,17.89,13.0,946.07,0.0008,6947.0
MNAR_h,AMV7EQF,10,tree-ad_gp_5000-dw_30000,16.49,13.0,780.52,0.0009,5397.73
MNAR_h,AMV7EQF,5,tree-ad_gp_5000-dw_30000,18.36,14.0,810.29,0.0009,5445.81
MNAR_h,AMV7EQF,15,tree-ad_gp_5000-dw_30000,16.21,13.0,764.58,0.0009,5352.58
MNAR_h,AMV7EQF,25,tree-ad_gp_5000-dw_30000,16.33,14.0,714.77,0.0008,5266.4
MNAR_h,AMV7EQF,20,tree-ad_gp_5000-dw_30000,16.17,13.0,738.8,0.0009,5306.31
MNAR_h,AZIK4ZA,5,tree-ad_gp_5000-dw_30000,22.1,21.0,687.93,0.0009,4643.6
MNAR_h,AZIK4ZA,20,tree-ad_gp_5000-dw_30000,33.11,32.0,624.98,0.0008,4518.89
MNAR_h,AZIK4ZA,10,tree-ad_gp_5000-dw_30000,26.73,25.0,672.57,0.0009,4600.99
MNAR_h,AZIK4ZA,15,tree-ad_gp_5000-dw_30000,30.67,29.0,652.02,0.0009,4560.82
MNAR_h,AZIK4ZA,25,tree-ad_gp_5000-dw_30000,33.17,31.0,615.63,0.0008,4481.66
MNAR_h,AJWW3IY,10,tree-ad_gp_5000-dw_30000,17.51,15.0,619.49,0.0009,4339.63
MNAR_h,AJWW3IY,5,tree-ad_gp_5000-dw_30000,18.47,16.0,646.57,0.0009,4382.24
MNAR_h,AJWW3IY,15,tree-ad_gp_5000-dw_30000,16.56,14.0,609.06,0.0009,4302.8
MNAR_h,AJWW3IY,20,tree-ad_gp_5000-dw_30000,16.05,14.0,592.72,0.0008,4267.89
MNAR_h,AJWW3IY,25,tree-ad_gp_5000-dw_30000,15.59,13.0,573.94,0.0008,4232.77
MNAR_h,AX6281V,5,tree-ad_gp_5000-dw_30000,29.6,24.0,627.61,0.0009,4261.28
MNAR_h,AX6281V,10,tree-ad_gp_5000-dw_30000,29.88,25.0,613.04,0.0009,4220.5
MNAR_h,AX6281V,25,tree-ad_gp_5000-dw_30000,24.46,18.0,553.49,0.0008,4112.14
MNAR_h,AX6281V,20,tree-ad_gp_5000-dw_30000,26.17,21.0,576.02,0.0008,4146.83
MNAR_h,AX6281V,15,tree-ad_gp_5000-dw_30000,28.27,23.0,597.84,0.0009,4182.42
MNAR_h,AYWIEKR,5,tree-ad_gp_5000-dw_30000,23.44,20.0,802.66,0.0009,5439.05
MNAR_h,AYWIEKR,20,tree-ad_gp_5000-dw_30000,21.38,19.0,727.28,0.0008,5294.46
MNAR_h,AYWIEKR,15,tree-ad_gp_5000-dw_30000,21.97,19.0,757.09,0.0009,5340.21
MNAR_h,AYWIEKR,10,tree-ad_gp_5000-dw_30000,22.45,19.0,784.39,0.0009,5390.02
MNAR_h,AYWIEKR,25,tree-ad_gp_5000-dw_30000,21.2,18.0,719.95,0.0008,5252.2
MNAR_h,ATHKM6V,5,tree-ad_gp_5000-dw_30000,17.81,16.0,427.19,0.0009,2879.65
MNAR_h,ATHKM6V,10,tree-ad_gp_5000-dw_30000,15.16,13.0,411.71,0.0009,2853.28
MNAR_h,ATHKM6V,15,tree-ad_gp_5000-dw_30000,13.85,11.0,403.41,0.0009,2829.51
MNAR_h,ATHKM6V,20,tree-ad_gp_5000-dw_30000,13.47,11.0,389.63,0.0008,2804.38
MNAR_h,ATHKM6V,25,tree-ad_gp_5000-dw_30000,13.41,11.0,380.42,0.0008,2782.49
MNAR_h,AFPB8J2,5,tree-ad_gp_5000-dw_30000,18.3,16.0,701.01,0.0009,4773.12
MNAR_h,AFPB8J2,15,tree-ad_gp_5000-dw_30000,17.35,15.0,655.77,0.0009,4681.04
MNAR_h,AFPB8J2,10,tree-ad_gp_5000-dw_30000,18.04,16.0,682.15,0.0009,4725.36
MNAR_h,AFPB8J2,25,tree-ad_gp_5000-dw_30000,16.5,14.0,621.66,0.0008,4604.25
MNAR_h,AFPB8J2,20,tree-ad_gp_5000-dw_30000,16.79,14.0,647.54,0.0009,4643.9
MNAR_h,A0VFT1N,10,tree-ad_gp_5000-dw_30000,24.62,18.0,769.92,0.0009,5438.23
MNAR_h,A0VFT1N,5,tree-ad_gp_5000-dw_30000,28.03,21.0,803.65,0.0009,5487.77
MNAR_h,A0VFT1N,15,tree-ad_gp_5000-dw_30000,23.25,18.0,756.93,0.0009,5389.6
MNAR_h,A0VFT1N,25,tree-ad_gp_5000-dw_30000,21.85,17.0,706.52,0.0008,5296.55
MNAR_h,A0VFT1N,20,tree-ad_gp_5000-dw_30000,22.53,18.0,733.85,0.0008,5345.29
MNAR_h,AURCTAK,10,tree-ad_gp_5000-dw_30000,27.3,22.0,96.15,0.0008,738.44
MNAR_h,AURCTAK,5,tree-ad_gp_5000-dw_30000,35.46,31.0,100.96,0.0008,745.32
MNAR_h,AURCTAK,20,tree-ad_gp_5000-dw_30000,21.14,16.0,91.9,0.0008,725.82
MNAR_h,AURCTAK,25,tree-ad_gp_5000-dw_30000,19.7,15.0,94.23,0.0008,720.27
MNAR_h,AURCTAK,15,tree-ad_gp_5000-dw_30000,23.32,18.0,101.37,0.0008,733.13
MNAR_h,A36HR6Y,5,tree-ad_gp_5000-dw_30000,19.66,16.0,383.59,0.0009,2602.82
MNAR_h,A36HR6Y,10,tree-ad_gp_5000-dw_30000,18.17,16.0,370.62,0.0009,2579.74
MNAR_h,A36HR6Y,15,tree-ad_gp_5000-dw_30000,17.45,14.0,361.73,0.0009,2556.03
MNAR_h,A36HR6Y,20,tree-ad_gp_5000-dw_30000,16.57,14.0,351.71,0.0008,2537.64
MNAR_h,A36HR6Y,25,tree-ad_gp_5000-dw_30000,16.25,13.0,340.52,0.0008,2515.48
MNAR_h,A4E0D03,5,tree-ad_gp_5000-dw_30000,17.37,15.0,681.44,0.0009,4619.67
MNAR_h,A4E0D03,10,tree-ad_gp_5000-dw_30000,17.33,15.0,662.17,0.0009,4577.28
MNAR_h,A4E0D03,15,tree-ad_gp_5000-dw_30000,16.44,14.0,646.35,0.0009,4534.47
MNAR_h,A4E0D03,25,tree-ad_gp_5000-dw_30000,16.46,14.0,606.79,0.0008,4462.97
MNAR_h,A4E0D03,20,tree-ad_gp_5000-dw_30000,16.34,14.0,628.87,0.0009,4498.71
MNAR_h,AJMQUVV,5,tree-ad_gp_5000-dw_30000,16.16,14.0,825.5,0.0009,5625.62
MNAR_h,AJMQUVV,10,tree-ad_gp_5000-dw_30000,15.81,14.0,797.02,0.0009,5577.0
MNAR_h,AJMQUVV,15,tree-ad_gp_5000-dw_30000,16.57,15.0,772.89,0.0009,5529.47
MNAR_h,AJMQUVV,20,tree-ad_gp_5000-dw_30000,17.48,16.0,755.55,0.0008,5483.27
MNAR_h,AJMQUVV,25,tree-ad_gp_5000-dw_30000,18.28,17.0,734.19,0.0008,5436.39
MNAR_h,A4G0044,10,tree-ad_gp_5000-dw_30000,29.33,25.0,101.56,0.0008,770.11
MNAR_h,A4G0044,5,tree-ad_gp_5000-dw_30000,37.4,34.0,105.64,0.0009,776.86
MNAR_h,A4G0044,20,tree-ad_gp_5000-dw_30000,23.29,19.0,94.62,0.0008,756.32
MNAR_h,A4G0044,25,tree-ad_gp_5000-dw_30000,21.78,17.0,94.12,0.0008,750.02
MNAR_h,A4G0044,15,tree-ad_gp_5000-dw_30000,25.61,21.0,105.32,0.0008,763.05
MNAR_h,AIFDJZB,5,tree-ad_gp_5000-dw_30000,27.64,24.0,1162.89,0.0009,7826.83
MNAR_h,AIFDJZB,10,tree-ad_gp_5000-dw_30000,32.35,29.0,1125.92,0.0009,7752.73
MNAR_h,AIFDJZB,15,tree-ad_gp_5000-dw_30000,34.87,32.0,1097.89,0.0009,7682.27
MNAR_h,AIFDJZB,20,tree-ad_gp_5000-dw_30000,36.66,34.0,1061.15,0.0009,7614.32
MNAR_h,AIFDJZB,25,tree-ad_gp_5000-dw_30000,36.25,33.0,1035.61,0.0008,7552.02
MNAR_h,AQC0L71,10,tree-ad_gp_5000-dw_30000,16.04,14.0,457.45,0.0009,3205.26
MNAR_h,AQC0L71,5,tree-ad_gp_5000-dw_30000,17.01,15.0,480.37,0.0009,3233.83
MNAR_h,AQC0L71,25,tree-ad_gp_5000-dw_30000,15.66,14.0,424.13,0.0008,3122.05
MNAR_h,AQC0L71,20,tree-ad_gp_5000-dw_30000,15.67,14.0,438.22,0.0008,3147.74
MNAR_h,AQC0L71,15,tree-ad_gp_5000-dw_30000,15.78,14.0,456.94,0.0009,3175.73
MNAR_h,A7EM0B6,5,tree-ad_gp_5000-dw_30000,29.09,23.0,599.52,0.0009,4029.63
MNAR_h,A7EM0B6,10,tree-ad_gp_5000-dw_30000,28.4,24.0,581.94,0.0009,3991.53
MNAR_h,A7EM0B6,15,tree-ad_gp_5000-dw_30000,26.83,22.0,563.53,0.0009,3955.43
MNAR_h,A7EM0B6,20,tree-ad_gp_5000-dw_30000,24.24,20.0,547.68,0.0009,3921.05
MNAR_h,A7EM0B6,25,tree-ad_gp_5000-dw_30000,23.05,18.0,529.95,0.0008,3885.26
MNAR_m,A1ZJ41O,5,tree-ad_gp_5000-dw_30000,16.68,10.0,750.21,0.0009,5013.81
MNAR_m,A1ZJ41O,15,tree-ad_gp_5000-dw_30000,13.84,9.0,701.95,0.0009,4924.18
MNAR_m,A1ZJ41O,10,tree-ad_gp_5000-dw_30000,14.81,10.0,730.32,0.0009,4968.09
MNAR_m,A1ZJ41O,20,tree-ad_gp_5000-dw_30000,13.26,9.0,684.91,0.0009,4883.84
MNAR_m,A1ZJ41O,25,tree-ad_gp_5000-dw_30000,12.78,9.0,662.39,0.0008,4841.36
MNAR_m,AKXN5ZZ,5,tree-ad_gp_5000-dw_30000,11.01,8.0,759.08,0.0009,5192.35
MNAR_m,AKXN5ZZ,10,tree-ad_gp_5000-dw_30000,10.85,7.0,738.53,0.0009,5145.51
MNAR_m,AKXN5ZZ,15,tree-ad_gp_5000-dw_30000,10.8,8.0,715.56,0.0009,5104.01
MNAR_m,AKXN5ZZ,25,tree-ad_gp_5000-dw_30000,10.98,8.0,673.75,0.0008,5020.24
MNAR_m,AKXN5ZZ,20,tree-ad_gp_5000-dw_30000,10.7,8.0,699.4,0.0008,5062.23
MNAR_m,AAXAA7Z,5,tree-ad_gp_5000-dw_30000,30.66,15.0,582.2,0.0009,3923.61
MNAR_m,AAXAA7Z,10,tree-ad_gp_5000-dw_30000,23.23,11.0,562.55,0.0009,3889.59
MNAR_m,AAXAA7Z,15,tree-ad_gp_5000-dw_30000,20.37,11.0,545.61,0.0009,3855.0
MNAR_m,AAXAA7Z,20,tree-ad_gp_5000-dw_30000,19.08,11.0,531.42,0.0009,3822.04
MNAR_m,AAXAA7Z,25,tree-ad_gp_5000-dw_30000,18.47,11.0,513.47,0.0008,3792.16
MNAR_m,AA2KP1S,5,tree-ad_gp_5000-dw_30000,11.58,10.0,748.62,0.0009,5054.71
MNAR_m,AA2KP1S,25,tree-ad_gp_5000-dw_30000,11.1,10.0,660.82,0.0008,4884.9
MNAR_m,AA2KP1S,10,tree-ad_gp_5000-dw_30000,10.88,9.0,730.23,0.0009,5007.96
MNAR_m,AA2KP1S,15,tree-ad_gp_5000-dw_30000,10.92,9.0,708.2,0.0009,4965.68
MNAR_m,AA2KP1S,20,tree-ad_gp_5000-dw_30000,11.09,10.0,687.79,0.0009,4925.24
MNAR_m,APGIB2T,10,tree-ad_gp_5000-dw_30000,13.85,11.0,135.35,0.0009,945.21
MNAR_m,APGIB2T,15,tree-ad_gp_5000-dw_30000,13.2,10.0,131.62,0.0009,938.32
MNAR_m,APGIB2T,5,tree-ad_gp_5000-dw_30000,15.42,11.0,142.16,0.0009,954.28
MNAR_m,APGIB2T,20,tree-ad_gp_5000-dw_30000,12.85,10.0,127.79,0.0008,930.43
MNAR_m,APGIB2T,25,tree-ad_gp_5000-dw_30000,12.53,10.0,125.21,0.0008,923.64
MNAR_m,AHYIJDV,15,tree-ad_gp_5000-dw_30000,19.25,11.0,585.86,0.0009,4243.7
MNAR_m,AHYIJDV,5,tree-ad_gp_5000-dw_30000,18.02,11.0,637.41,0.0009,4322.83
MNAR_m,AHYIJDV,20,tree-ad_gp_5000-dw_30000,17.94,11.0,574.77,0.0008,4207.37
MNAR_m,AHYIJDV,10,tree-ad_gp_5000-dw_30000,19.5,11.0,617.49,0.0009,4281.82
MNAR_m,AHYIJDV,25,tree-ad_gp_5000-dw_30000,17.01,10.0,562.9,0.0008,4176.65
MNAR_m,ASFODQR,5,tree-ad_gp_5000-dw_30000,19.96,9.0,1305.61,0.0009,8956.89
MNAR_m,ASFODQR,10,tree-ad_gp_5000-dw_30000,23.15,10.0,1281.46,0.0009,8875.26
MNAR_m,ASFODQR,15,tree-ad_gp_5000-dw_30000,24.35,11.0,1242.4,0.0009,8796.3
MNAR_m,ASFODQR,20,tree-ad_gp_5000-dw_30000,24.61,11.0,1207.62,0.0008,8726.97
MNAR_m,ASFODQR,25,tree-ad_gp_5000-dw_30000,24.25,11.0,1173.08,0.0008,8657.3
MNAR_m,AUY8KYW,5,tree-ad_gp_5000-dw_30000,22.25,11.0,871.59,0.0009,5842.19
MNAR_m,AUY8KYW,10,tree-ad_gp_5000-dw_30000,19.79,11.0,846.58,0.0009,5790.19
MNAR_m,AUY8KYW,20,tree-ad_gp_5000-dw_30000,18.2,12.0,795.1,0.0009,5687.29
MNAR_m,AUY8KYW,15,tree-ad_gp_5000-dw_30000,18.97,12.0,825.97,0.0009,5738.16
MNAR_m,AUY8KYW,25,tree-ad_gp_5000-dw_30000,17.87,12.0,773.39,0.0008,5644.14
MNAR_m,A3OU183,15,tree-ad_gp_5000-dw_30000,14.24,11.0,59.89,0.0008,460.11
MNAR_m,A3OU183,10,tree-ad_gp_5000-dw_30000,15.24,12.0,63.58,0.0008,464.8
MNAR_m,A3OU183,5,tree-ad_gp_5000-dw_30000,16.59,14.0,67.78,0.0009,469.9
MNAR_m,A3OU183,20,tree-ad_gp_5000-dw_30000,13.41,10.0,61.12,0.0008,457.5
MNAR_m,A3OU183,25,tree-ad_gp_5000-dw_30000,12.98,10.0,58.88,0.0008,452.84
MNAR_m,AOYM4KG,5,tree-ad_gp_5000-dw_30000,26.24,16.0,132.79,0.0009,921.58
MNAR_m,AOYM4KG,15,tree-ad_gp_5000-dw_30000,24.42,17.0,126.58,0.0009,904.65
MNAR_m,AOYM4KG,20,tree-ad_gp_5000-dw_30000,24.53,17.0,122.54,0.0008,895.58
MNAR_m,AOYM4KG,25,tree-ad_gp_5000-dw_30000,24.27,17.0,119.16,0.0008,888.68
MNAR_m,AOYM4KG,10,tree-ad_gp_5000-dw_30000,23.97,15.0,133.57,0.0009,912.35
MNAR_m,AV2GF3B,15,tree-ad_gp_5000-dw_30000,21.99,13.0,66.03,0.0009,476.59
MNAR_m,AV2GF3B,10,tree-ad_gp_5000-dw_30000,22.02,14.0,68.69,0.0009,480.7
MNAR_m,AV2GF3B,5,tree-ad_gp_5000-dw_30000,18.47,13.0,71.43,0.0009,484.49
MNAR_m,AV2GF3B,20,tree-ad_gp_5000-dw_30000,21.34,13.0,64.67,0.0008,472.08
MNAR_m,AV2GF3B,25,tree-ad_gp_5000-dw_30000,20.31,12.0,62.9,0.0008,468.09
MNAR_m,A0NVTRV,5,tree-ad_gp_5000-dw_30000,13.17,8.0,335.84,0.0009,2329.98
MNAR_m,A0NVTRV,15,tree-ad_gp_5000-dw_30000,10.88,7.0,323.25,0.0009,2291.39
MNAR_m,A0NVTRV,10,tree-ad_gp_5000-dw_30000,11.43,7.0,335.95,0.0009,2310.0
MNAR_m,A0NVTRV,20,tree-ad_gp_5000-dw_30000,10.77,7.0,316.73,0.0009,2272.09
MNAR_m,A0NVTRV,25,tree-ad_gp_5000-dw_30000,10.62,8.0,307.65,0.0008,2254.78
MNAR_m,A1K5DRI,5,tree-ad_gp_5000-dw_30000,16.28,9.0,836.2,0.0009,5569.8
MNAR_m,A1K5DRI,15,tree-ad_gp_5000-dw_30000,13.11,9.0,780.71,0.0009,5471.55
MNAR_m,A1K5DRI,10,tree-ad_gp_5000-dw_30000,14.02,9.0,809.89,0.0009,5517.27
MNAR_m,A1K5DRI,20,tree-ad_gp_5000-dw_30000,12.66,9.0,759.14,0.0009,5427.23
MNAR_m,A1K5DRI,25,tree-ad_gp_5000-dw_30000,12.46,9.0,746.48,0.0008,5381.49
MNAR_m,AYEFCWQ,10,tree-ad_gp_5000-dw_30000,19.69,13.0,1017.99,0.0009,7120.09
MNAR_m,AYEFCWQ,5,tree-ad_gp_5000-dw_30000,26.63,21.0,1055.46,0.0009,7185.37
MNAR_m,AYEFCWQ,15,tree-ad_gp_5000-dw_30000,17.01,11.0,993.56,0.0009,7059.47
MNAR_m,AYEFCWQ,20,tree-ad_gp_5000-dw_30000,15.7,10.0,965.8,0.0008,7001.33
MNAR_m,AYEFCWQ,25,tree-ad_gp_5000-dw_30000,14.97,10.0,944.78,0.0008,6949.44
MNAR_m,AMV7EQF,5,tree-ad_gp_5000-dw_30000,17.0,11.0,812.12,0.0009,5448.45
MNAR_m,AMV7EQF,10,tree-ad_gp_5000-dw_30000,14.34,10.0,785.01,0.0009,5398.67
MNAR_m,AMV7EQF,15,tree-ad_gp_5000-dw_30000,13.53,10.0,760.62,0.0009,5350.87
MNAR_m,AMV7EQF,20,tree-ad_gp_5000-dw_30000,13.29,10.0,740.8,0.0009,5309.45
MNAR_m,AMV7EQF,25,tree-ad_gp_5000-dw_30000,13.01,10.0,721.27,0.0008,5266.15
MNAR_m,AZIK4ZA,5,tree-ad_gp_5000-dw_30000,10.07,6.0,688.3,0.0009,4643.93
MNAR_m,AZIK4ZA,10,tree-ad_gp_5000-dw_30000,13.3,8.0,663.66,0.0009,4602.78
MNAR_m,AZIK4ZA,15,tree-ad_gp_5000-dw_30000,15.24,8.0,646.65,0.0009,4563.51
MNAR_m,AZIK4ZA,20,tree-ad_gp_5000-dw_30000,16.19,9.0,628.85,0.0009,4526.83
MNAR_m,AZIK4ZA,25,tree-ad_gp_5000-dw_30000,17.18,10.0,611.28,0.0008,4490.95
MNAR_m,AJWW3IY,5,tree-ad_gp_5000-dw_30000,12.12,9.0,645.68,0.0009,4384.74
MNAR_m,AJWW3IY,10,tree-ad_gp_5000-dw_30000,11.66,8.0,630.17,0.0009,4345.87
MNAR_m,AJWW3IY,15,tree-ad_gp_5000-dw_30000,11.79,8.0,614.55,0.0009,4306.58
MNAR_m,AJWW3IY,20,tree-ad_gp_5000-dw_30000,11.79,8.0,595.16,0.0009,4271.86
MNAR_m,AJWW3IY,25,tree-ad_gp_5000-dw_30000,11.93,9.0,575.37,0.0008,4232.99
MNAR_m,AX6281V,5,tree-ad_gp_5000-dw_30000,17.82,8.0,629.82,0.0009,4259.93
MNAR_m,AX6281V,10,tree-ad_gp_5000-dw_30000,17.12,8.0,614.3,0.0009,4225.17
MNAR_m,AX6281V,15,tree-ad_gp_5000-dw_30000,17.7,9.0,596.21,0.0009,4187.04
MNAR_m,AX6281V,20,tree-ad_gp_5000-dw_30000,17.35,9.0,578.86,0.0009,4152.25
MNAR_m,AX6281V,25,tree-ad_gp_5000-dw_30000,17.68,9.0,561.01,0.0008,4117.03
MNAR_m,AYWIEKR,5,tree-ad_gp_5000-dw_30000,14.5,9.0,788.46,0.0009,5438.8
MNAR_m,AYWIEKR,15,tree-ad_gp_5000-dw_30000,14.26,9.0,752.42,0.0009,5344.25
MNAR_m,AYWIEKR,10,tree-ad_gp_5000-dw_30000,14.31,9.0,783.83,0.0009,5392.04
MNAR_m,AYWIEKR,20,tree-ad_gp_5000-dw_30000,14.39,10.0,734.13,0.0008,5299.73
MNAR_m,AYWIEKR,25,tree-ad_gp_5000-dw_30000,14.3,10.0,717.05,0.0008,5260.28
MNAR_m,ATHKM6V,5,tree-ad_gp_5000-dw_30000,13.49,10.0,424.11,0.0009,2883.11
MNAR_m,ATHKM6V,10,tree-ad_gp_5000-dw_30000,12.27,9.0,415.14,0.0009,2852.75
MNAR_m,ATHKM6V,20,tree-ad_gp_5000-dw_30000,10.76,8.0,389.17,0.0008,2807.34
MNAR_m,ATHKM6V,15,tree-ad_gp_5000-dw_30000,11.22,9.0,405.32,0.0009,2830.83
MNAR_m,ATHKM6V,25,tree-ad_gp_5000-dw_30000,10.05,8.0,379.39,0.0008,2784.98
MNAR_m,AFPB8J2,5,tree-ad_gp_5000-dw_30000,12.18,8.0,702.2,0.0009,4775.56
MNAR_m,AFPB8J2,10,tree-ad_gp_5000-dw_30000,11.84,8.0,681.49,0.0009,4730.99
MNAR_m,AFPB8J2,15,tree-ad_gp_5000-dw_30000,12.05,9.0,663.27,0.0009,4686.69
MNAR_m,AFPB8J2,25,tree-ad_gp_5000-dw_30000,12.17,9.0,624.83,0.0008,4613.51
MNAR_m,AFPB8J2,20,tree-ad_gp_5000-dw_30000,12.14,9.0,647.24,0.0009,4648.14
MNAR_m,A0VFT1N,5,tree-ad_gp_5000-dw_30000,20.04,10.0,808.42,0.0009,5486.29
MNAR_m,A0VFT1N,10,tree-ad_gp_5000-dw_30000,17.05,9.0,781.91,0.0009,5438.96
MNAR_m,A0VFT1N,15,tree-ad_gp_5000-dw_30000,16.13,9.0,761.76,0.0009,5394.4
MNAR_m,A0VFT1N,20,tree-ad_gp_5000-dw_30000,15.87,10.0,738.87,0.0008,5347.66
MNAR_m,A0VFT1N,25,tree-ad_gp_5000-dw_30000,15.76,10.0,717.39,0.0008,5307.9
MNAR_m,AURCTAK,15,tree-ad_gp_5000-dw_30000,18.89,12.0,93.8,0.0008,733.28
MNAR_m,AURCTAK,10,tree-ad_gp_5000-dw_30000,21.09,13.0,98.02,0.0008,740.04
MNAR_m,AURCTAK,25,tree-ad_gp_5000-dw_30000,16.52,11.0,93.06,0.0008,721.34
MNAR_m,AURCTAK,5,tree-ad_gp_5000-dw_30000,24.89,16.0,108.41,0.0009,747.44
MNAR_m,AURCTAK,20,tree-ad_gp_5000-dw_30000,17.5,11.0,97.95,0.0008,727.62
MNAR_m,A36HR6Y,5,tree-ad_gp_5000-dw_30000,11.53,8.0,378.46,0.0009,2605.73
MNAR_m,A36HR6Y,10,tree-ad_gp_5000-dw_30000,12.91,9.0,374.47,0.0009,2583.11
MNAR_m,A36HR6Y,25,tree-ad_gp_5000-dw_30000,13.66,11.0,339.84,0.0008,2517.64
MNAR_m,A36HR6Y,15,tree-ad_gp_5000-dw_30000,13.07,10.0,363.23,0.0009,2558.11
MNAR_m,A36HR6Y,20,tree-ad_gp_5000-dw_30000,13.31,11.0,353.07,0.0008,2538.0
MNAR_m,A4E0D03,10,tree-ad_gp_5000-dw_30000,11.15,8.0,657.08,0.0009,4580.85
MNAR_m,A4E0D03,5,tree-ad_gp_5000-dw_30000,11.29,7.0,682.77,0.0009,4621.95
MNAR_m,A4E0D03,15,tree-ad_gp_5000-dw_30000,11.31,8.0,643.94,0.0009,4540.29
MNAR_m,A4E0D03,25,tree-ad_gp_5000-dw_30000,11.37,8.0,606.28,0.0008,4467.56
MNAR_m,A4E0D03,20,tree-ad_gp_5000-dw_30000,11.47,8.0,628.12,0.0009,4502.77
MNAR_m,AJMQUVV,5,tree-ad_gp_5000-dw_30000,11.18,8.0,827.9,0.0009,5629.83
MNAR_m,AJMQUVV,20,tree-ad_gp_5000-dw_30000,11.2,9.0,759.51,0.0008,5487.39
MNAR_m,AJMQUVV,10,tree-ad_gp_5000-dw_30000,10.84,8.0,813.38,0.0009,5576.72
MNAR_m,AJMQUVV,15,tree-ad_gp_5000-dw_30000,10.93,9.0,792.51,0.0009,5531.86
MNAR_m,AJMQUVV,25,tree-ad_gp_5000-dw_30000,11.36,9.0,742.52,0.0008,5442.89
MNAR_m,A4G0044,5,tree-ad_gp_5000-dw_30000,26.1,20.0,111.31,0.0009,777.67
MNAR_m,A4G0044,25,tree-ad_gp_5000-dw_30000,17.29,12.0,97.38,0.0008,750.37
MNAR_m,A4G0044,15,tree-ad_gp_5000-dw_30000,19.71,14.0,104.57,0.0008,763.01
MNAR_m,A4G0044,10,tree-ad_gp_5000-dw_30000,21.86,15.0,110.71,0.0009,771.29
MNAR_m,A4G0044,20,tree-ad_gp_5000-dw_30000,17.99,12.0,102.79,0.0008,756.71
MNAR_m,AIFDJZB,5,tree-ad_gp_5000-dw_30000,16.08,10.0,1154.11,0.0009,7830.0
MNAR_m,AIFDJZB,10,tree-ad_gp_5000-dw_30000,16.76,10.0,1128.82,0.0009,7758.03
MNAR_m,AIFDJZB,20,tree-ad_gp_5000-dw_30000,19.28,12.0,1053.65,0.0008,7627.32
MNAR_m,AIFDJZB,15,tree-ad_gp_5000-dw_30000,18.64,12.0,1094.7,0.0009,7690.0
MNAR_m,AIFDJZB,25,tree-ad_gp_5000-dw_30000,20.06,13.0,1027.6,0.0008,7565.0
MNAR_m,AQC0L71,5,tree-ad_gp_5000-dw_30000,11.33,8.0,476.24,0.0009,3235.76
MNAR_m,AQC0L71,15,tree-ad_gp_5000-dw_30000,11.24,9.0,448.87,0.0009,3177.8
MNAR_m,AQC0L71,10,tree-ad_gp_5000-dw_30000,11.24,9.0,471.97,0.0009,3208.18
MNAR_m,AQC0L71,25,tree-ad_gp_5000-dw_30000,11.19,9.0,428.41,0.0008,3128.25
MNAR_m,AQC0L71,20,tree-ad_gp_5000-dw_30000,11.23,9.0,441.29,0.0009,3149.88
MNAR_m,A7EM0B6,5,tree-ad_gp_5000-dw_30000,17.35,7.0,594.31,0.0009,4032.08
MNAR_m,A7EM0B6,10,tree-ad_gp_5000-dw_30000,16.86,9.0,578.32,0.0009,3994.05
MNAR_m,A7EM0B6,20,tree-ad_gp_5000-dw_30000,16.86,10.0,548.1,0.0009,3928.55
MNAR_m,A7EM0B6,15,tree-ad_gp_5000-dw_30000,16.97,9.0,570.74,0.0009,3962.63
MNAR_m,A7EM0B6,25,tree-ad_gp_5000-dw_30000,16.67,10.0,533.19,0.0008,3896.06
MNAR_l,A1ZJ41O,5,tree-ad_gp_5000-dw_30000,6.04,5.0,743.47,0.0009,5014.94
MNAR_l,A1ZJ41O,10,tree-ad_gp_5000-dw_30000,6.87,6.0,726.11,0.0009,4970.56
MNAR_l,A1ZJ41O,15,tree-ad_gp_5000-dw_30000,7.25,6.0,702.08,0.0009,4926.34
MNAR_l,A1ZJ41O,20,tree-ad_gp_5000-dw_30000,7.89,7.0,681.26,0.0009,4883.46
MNAR_l,A1ZJ41O,25,tree-ad_gp_5000-dw_30000,8.54,7.0,663.03,0.0008,4845.36
MNAR_l,AKXN5ZZ,5,tree-ad_gp_5000-dw_30000,4.77,4.0,759.7,0.0009,5197.76
MNAR_l,AKXN5ZZ,15,tree-ad_gp_5000-dw_30000,6.83,6.0,720.83,0.0009,5103.47
MNAR_l,AKXN5ZZ,10,tree-ad_gp_5000-dw_30000,5.85,5.0,744.49,0.0009,5151.29
MNAR_l,AKXN5ZZ,20,tree-ad_gp_5000-dw_30000,7.55,7.0,701.52,0.0008,5063.28
MNAR_l,AKXN5ZZ,25,tree-ad_gp_5000-dw_30000,8.71,8.0,682.96,0.0008,5023.77
MNAR_l,AAXAA7Z,5,tree-ad_gp_5000-dw_30000,4.87,3.0,576.47,0.0009,3926.32
MNAR_l,AAXAA7Z,15,tree-ad_gp_5000-dw_30000,6.41,5.0,545.99,0.0009,3858.65
MNAR_l,AAXAA7Z,10,tree-ad_gp_5000-dw_30000,5.66,4.0,566.52,0.0009,3891.5
MNAR_l,AAXAA7Z,20,tree-ad_gp_5000-dw_30000,7.01,5.0,529.95,0.0008,3827.83
MNAR_l,AAXAA7Z,25,tree-ad_gp_5000-dw_30000,7.77,6.0,513.25,0.0008,3796.55
MNAR_l,AA2KP1S,5,tree-ad_gp_5000-dw_30000,7.97,6.0,739.22,0.0009,5054.73
MNAR_l,AA2KP1S,15,tree-ad_gp_5000-dw_30000,8.84,7.0,695.75,0.0009,4967.29
MNAR_l,AA2KP1S,10,tree-ad_gp_5000-dw_30000,8.31,6.0,725.96,0.0009,5009.96
MNAR_l,AA2KP1S,20,tree-ad_gp_5000-dw_30000,9.46,8.0,679.77,0.0008,4926.9
MNAR_l,AA2KP1S,25,tree-ad_gp_5000-dw_30000,9.57,8.0,660.84,0.0008,4886.55
MNAR_l,APGIB2T,10,tree-ad_gp_5000-dw_30000,7.66,7.0,133.34,0.0009,946.72
MNAR_l,APGIB2T,15,tree-ad_gp_5000-dw_30000,7.75,7.0,130.13,0.0009,938.58
MNAR_l,APGIB2T,5,tree-ad_gp_5000-dw_30000,7.31,6.0,141.13,0.0009,954.4
MNAR_l,APGIB2T,20,tree-ad_gp_5000-dw_30000,8.24,7.0,127.97,0.0008,930.69
MNAR_l,APGIB2T,25,tree-ad_gp_5000-dw_30000,8.79,8.0,124.86,0.0008,923.76
MNAR_l,AHYIJDV,10,tree-ad_gp_5000-dw_30000,7.45,7.0,615.3,0.0009,4283.35
MNAR_l,AHYIJDV,5,tree-ad_gp_5000-dw_30000,6.49,5.0,642.76,0.0009,4325.58
MNAR_l,AHYIJDV,15,tree-ad_gp_5000-dw_30000,8.01,7.0,598.21,0.0009,4249.1
MNAR_l,AHYIJDV,20,tree-ad_gp_5000-dw_30000,8.67,8.0,582.77,0.0008,4214.03
MNAR_l,AHYIJDV,25,tree-ad_gp_5000-dw_30000,9.15,8.0,568.74,0.0008,4182.49
MNAR_l,ASFODQR,5,tree-ad_gp_5000-dw_30000,5.16,4.0,1315.89,0.0009,8961.14
MNAR_l,ASFODQR,10,tree-ad_gp_5000-dw_30000,5.83,5.0,1280.46,0.0009,8878.96
MNAR_l,ASFODQR,15,tree-ad_gp_5000-dw_30000,6.84,6.0,1238.97,0.0009,8803.98
MNAR_l,ASFODQR,20,tree-ad_gp_5000-dw_30000,7.64,7.0,1207.82,0.0008,8731.93
MNAR_l,ASFODQR,25,tree-ad_gp_5000-dw_30000,8.6,8.0,1171.83,0.0008,8665.35
MNAR_l,AUY8KYW,5,tree-ad_gp_5000-dw_30000,6.38,6.0,867.24,0.0009,5842.49
MNAR_l,AUY8KYW,10,tree-ad_gp_5000-dw_30000,7.37,6.0,846.03,0.0009,5791.68
MNAR_l,AUY8KYW,25,tree-ad_gp_5000-dw_30000,9.51,9.0,774.61,0.0008,5647.27
MNAR_l,AUY8KYW,20,tree-ad_gp_5000-dw_30000,8.86,8.0,803.49,0.0009,5695.1
MNAR_l,AUY8KYW,15,tree-ad_gp_5000-dw_30000,8.0,7.0,829.29,0.0009,5740.47
MNAR_l,A3OU183,10,tree-ad_gp_5000-dw_30000,7.83,7.0,65.79,0.0009,465.97
MNAR_l,A3OU183,25,tree-ad_gp_5000-dw_30000,8.99,8.0,60.63,0.0008,455.13
MNAR_l,A3OU183,5,tree-ad_gp_5000-dw_30000,7.49,7.0,69.69,0.0009,469.62
MNAR_l,A3OU183,20,tree-ad_gp_5000-dw_30000,8.61,8.0,63.71,0.0008,458.53
MNAR_l,A3OU183,15,tree-ad_gp_5000-dw_30000,8.06,7.0,66.75,0.0009,462.74
MNAR_l,AOYM4KG,25,tree-ad_gp_5000-dw_30000,11.1,9.0,117.87,0.0008,891.37
MNAR_l,AOYM4KG,20,tree-ad_gp_5000-dw_30000,10.47,8.0,121.96,0.0008,898.77
MNAR_l,AOYM4KG,5,tree-ad_gp_5000-dw_30000,8.21,6.0,136.44,0.0009,921.84
MNAR_l,AOYM4KG,10,tree-ad_gp_5000-dw_30000,9.23,7.0,132.54,0.0009,913.43
MNAR_l,AOYM4KG,15,tree-ad_gp_5000-dw_30000,9.75,8.0,130.79,0.0009,906.39
MNAR_l,AV2GF3B,20,tree-ad_gp_5000-dw_30000,8.38,7.0,62.68,0.0008,472.5
MNAR_l,AV2GF3B,5,tree-ad_gp_5000-dw_30000,5.95,5.0,70.62,0.0009,485.44
MNAR_l,AV2GF3B,15,tree-ad_gp_5000-dw_30000,7.83,7.0,65.21,0.0008,476.64
MNAR_l,AV2GF3B,10,tree-ad_gp_5000-dw_30000,6.71,6.0,70.0,0.0009,480.79
MNAR_l,AV2GF3B,25,tree-ad_gp_5000-dw_30000,8.75,8.0,63.56,0.0008,469.42
MNAR_l,A0NVTRV,10,tree-ad_gp_5000-dw_30000,6.34,5.0,334.63,0.0009,2311.91
MNAR_l,A0NVTRV,15,tree-ad_gp_5000-dw_30000,6.8,6.0,321.95,0.0009,2293.01
MNAR_l,A0NVTRV,5,tree-ad_gp_5000-dw_30000,5.37,4.0,347.65,0.0009,2330.48
MNAR_l,A0NVTRV,20,tree-ad_gp_5000-dw_30000,7.03,6.0,316.67,0.0009,2274.14
MNAR_l,A0NVTRV,25,tree-ad_gp_5000-dw_30000,7.74,7.0,307.24,0.0008,2255.68
MNAR_l,A1K5DRI,10,tree-ad_gp_5000-dw_30000,6.67,6.0,795.65,0.0009,5521.72
MNAR_l,A1K5DRI,5,tree-ad_gp_5000-dw_30000,5.88,5.0,829.26,0.0009,5570.03
MNAR_l,A1K5DRI,15,tree-ad_gp_5000-dw_30000,7.34,7.0,780.78,0.0009,5474.75
MNAR_l,A1K5DRI,25,tree-ad_gp_5000-dw_30000,9.23,9.0,732.84,0.0008,5387.82
MNAR_l,A1K5DRI,20,tree-ad_gp_5000-dw_30000,8.33,8.0,764.53,0.0009,5431.98
MNAR_l,AYEFCWQ,10,tree-ad_gp_5000-dw_30000,11.3,8.0,1026.06,0.0009,7121.24
MNAR_l,AYEFCWQ,5,tree-ad_gp_5000-dw_30000,13.82,8.0,1070.24,0.0009,7190.51
MNAR_l,AYEFCWQ,20,tree-ad_gp_5000-dw_30000,11.11,9.0,973.99,0.0009,7000.63
MNAR_l,AYEFCWQ,25,tree-ad_gp_5000-dw_30000,11.25,9.0,943.48,0.0008,6947.1
MNAR_l,AYEFCWQ,15,tree-ad_gp_5000-dw_30000,11.07,8.0,1010.13,0.0009,7064.64
MNAR_l,AMV7EQF,5,tree-ad_gp_5000-dw_30000,10.28,7.0,817.18,0.0009,5447.13
MNAR_l,AMV7EQF,15,tree-ad_gp_5000-dw_30000,9.99,7.0,762.76,0.0009,5352.28
MNAR_l,AMV7EQF,10,tree-ad_gp_5000-dw_30000,10.52,7.0,789.58,0.0009,5399.65
MNAR_l,AMV7EQF,20,tree-ad_gp_5000-dw_30000,10.43,8.0,742.51,0.0009,5308.45
MNAR_l,AMV7EQF,25,tree-ad_gp_5000-dw_30000,11.05,9.0,727.12,0.0008,5266.88
MNAR_l,AZIK4ZA,10,tree-ad_gp_5000-dw_30000,5.44,4.0,663.34,0.0009,4605.33
MNAR_l,AZIK4ZA,5,tree-ad_gp_5000-dw_30000,4.89,4.0,689.34,0.0009,4643.22
MNAR_l,AZIK4ZA,15,tree-ad_gp_5000-dw_30000,6.31,5.0,649.67,0.0009,4565.81
MNAR_l,AZIK4ZA,20,tree-ad_gp_5000-dw_30000,6.96,6.0,627.54,0.0008,4526.52
MNAR_l,AZIK4ZA,25,tree-ad_gp_5000-dw_30000,7.97,7.0,610.7,0.0008,4492.14
MNAR_l,AJWW3IY,5,tree-ad_gp_5000-dw_30000,4.88,4.0,654.05,0.0009,4386.16
MNAR_l,AJWW3IY,15,tree-ad_gp_5000-dw_30000,7.16,6.0,610.68,0.0009,4312.06
MNAR_l,AJWW3IY,10,tree-ad_gp_5000-dw_30000,5.83,5.0,631.77,0.0009,4347.67
MNAR_l,AJWW3IY,25,tree-ad_gp_5000-dw_30000,9.97,9.0,577.57,0.0008,4240.31
MNAR_l,AJWW3IY,20,tree-ad_gp_5000-dw_30000,8.51,8.0,600.5,0.0009,4276.02
MNAR_l,AX6281V,5,tree-ad_gp_5000-dw_30000,4.38,4.0,633.42,0.0009,4263.96
MNAR_l,AX6281V,10,tree-ad_gp_5000-dw_30000,5.04,4.0,615.69,0.0009,4225.84
MNAR_l,AX6281V,20,tree-ad_gp_5000-dw_30000,5.97,5.0,576.07,0.0008,4155.37
MNAR_l,AX6281V,15,tree-ad_gp_5000-dw_30000,5.51,5.0,598.88,0.0009,4189.75
MNAR_l,AX6281V,25,tree-ad_gp_5000-dw_30000,6.49,6.0,564.41,0.0008,4125.61
MNAR_l,AYWIEKR,10,tree-ad_gp_5000-dw_30000,6.12,6.0,769.96,0.0009,5394.64
MNAR_l,AYWIEKR,5,tree-ad_gp_5000-dw_30000,5.52,5.0,806.26,0.0009,5442.74
MNAR_l,AYWIEKR,15,tree-ad_gp_5000-dw_30000,6.81,6.0,751.17,0.0009,5346.42
MNAR_l,AYWIEKR,20,tree-ad_gp_5000-dw_30000,7.46,7.0,728.93,0.0008,5305.07
MNAR_l,AYWIEKR,25,tree-ad_gp_5000-dw_30000,8.32,8.0,703.55,0.0008,5263.0
MNAR_l,ATHKM6V,15,tree-ad_gp_5000-dw_30000,6.28,5.0,397.28,0.0009,2832.78
MNAR_l,ATHKM6V,10,tree-ad_gp_5000-dw_30000,6.27,5.0,412.07,0.0009,2856.78
MNAR_l,ATHKM6V,5,tree-ad_gp_5000-dw_30000,6.4,5.0,428.57,0.0009,2882.35
MNAR_l,ATHKM6V,25,tree-ad_gp_5000-dw_30000,6.99,6.0,377.56,0.0008,2787.65
MNAR_l,ATHKM6V,20,tree-ad_gp_5000-dw_30000,6.66,5.0,393.82,0.0009,2811.22
MNAR_l,AFPB8J2,5,tree-ad_gp_5000-dw_30000,5.43,5.0,704.04,0.0009,4775.46
MNAR_l,AFPB8J2,10,tree-ad_gp_5000-dw_30000,6.27,6.0,681.32,0.0009,4731.36
MNAR_l,AFPB8J2,15,tree-ad_gp_5000-dw_30000,6.98,6.0,664.35,0.0009,4692.61
MNAR_l,AFPB8J2,20,tree-ad_gp_5000-dw_30000,7.66,7.0,646.87,0.0008,4654.48
MNAR_l,AFPB8J2,25,tree-ad_gp_5000-dw_30000,8.32,8.0,633.13,0.0008,4618.79
MNAR_l,A0VFT1N,5,tree-ad_gp_5000-dw_30000,5.11,5.0,808.48,0.0009,5485.41
MNAR_l,A0VFT1N,10,tree-ad_gp_5000-dw_30000,6.81,6.0,784.86,0.0009,5441.36
MNAR_l,A0VFT1N,15,tree-ad_gp_5000-dw_30000,8.1,8.0,759.79,0.0009,5390.55
MNAR_l,A0VFT1N,20,tree-ad_gp_5000-dw_30000,9.83,9.0,739.78,0.0008,5351.21
MNAR_l,A0VFT1N,25,tree-ad_gp_5000-dw_30000,11.31,11.0,727.92,0.0008,5306.58
MNAR_l,AURCTAK,5,tree-ad_gp_5000-dw_30000,6.76,6.0,102.59,0.0009,747.57
MNAR_l,AURCTAK,25,tree-ad_gp_5000-dw_30000,9.64,9.0,95.79,0.0008,723.56
MNAR_l,AURCTAK,10,tree-ad_gp_5000-dw_30000,7.68,7.0,105.8,0.0009,740.82
MNAR_l,AURCTAK,15,tree-ad_gp_5000-dw_30000,8.35,8.0,102.14,0.0009,734.81
MNAR_l,AURCTAK,20,tree-ad_gp_5000-dw_30000,9.24,8.0,99.43,0.0008,729.31
MNAR_l,A36HR6Y,5,tree-ad_gp_5000-dw_30000,6.55,6.0,383.4,0.0009,2607.54
MNAR_l,A36HR6Y,10,tree-ad_gp_5000-dw_30000,8.34,7.0,373.81,0.0009,2582.1
MNAR_l,A36HR6Y,20,tree-ad_gp_5000-dw_30000,10.23,9.0,348.28,0.0008,2541.55
MNAR_l,A36HR6Y,15,tree-ad_gp_5000-dw_30000,9.34,8.0,365.75,0.0009,2562.52
MNAR_l,A36HR6Y,25,tree-ad_gp_5000-dw_30000,10.89,10.0,342.17,0.0008,2520.0
MNAR_l,A4E0D03,5,tree-ad_gp_5000-dw_30000,4.94,4.0,678.29,0.0009,4622.9
MNAR_l,A4E0D03,10,tree-ad_gp_5000-dw_30000,5.65,5.0,662.48,0.0009,4585.28
MNAR_l,A4E0D03,15,tree-ad_gp_5000-dw_30000,6.4,5.0,641.05,0.0009,4544.2
MNAR_l,A4E0D03,20,tree-ad_gp_5000-dw_30000,7.31,6.0,628.0,0.0009,4508.48
MNAR_l,A4E0D03,25,tree-ad_gp_5000-dw_30000,8.09,7.0,609.03,0.0008,4470.91
MNAR_l,AJMQUVV,15,tree-ad_gp_5000-dw_30000,7.2,6.0,771.05,0.0009,5532.15
MNAR_l,AJMQUVV,5,tree-ad_gp_5000-dw_30000,5.65,5.0,825.28,0.0009,5630.38
MNAR_l,AJMQUVV,10,tree-ad_gp_5000-dw_30000,6.65,6.0,798.11,0.0009,5581.79
MNAR_l,AJMQUVV,25,tree-ad_gp_5000-dw_30000,8.46,8.0,736.87,0.0008,5449.11
MNAR_l,AJMQUVV,20,tree-ad_gp_5000-dw_30000,7.87,7.0,762.59,0.0008,5487.61
MNAR_l,A4G0044,15,tree-ad_gp_5000-dw_30000,8.21,7.0,103.7,0.0008,765.36
MNAR_l,A4G0044,5,tree-ad_gp_5000-dw_30000,6.36,5.0,114.0,0.0009,777.63
MNAR_l,A4G0044,20,tree-ad_gp_5000-dw_30000,8.99,7.0,103.1,0.0008,759.24
MNAR_l,A4G0044,10,tree-ad_gp_5000-dw_30000,7.52,6.0,111.53,0.0009,771.4
MNAR_l,A4G0044,25,tree-ad_gp_5000-dw_30000,9.93,9.0,101.26,0.0008,752.91
MNAR_l,AIFDJZB,5,tree-ad_gp_5000-dw_30000,6.9,5.0,1156.75,0.0009,7832.19
MNAR_l,AIFDJZB,10,tree-ad_gp_5000-dw_30000,7.23,6.0,1121.74,0.0009,7764.54
MNAR_l,AIFDJZB,15,tree-ad_gp_5000-dw_30000,7.95,6.0,1089.09,0.0009,7698.63
MNAR_l,AIFDJZB,20,tree-ad_gp_5000-dw_30000,8.22,7.0,1055.56,0.0008,7636.46
MNAR_l,AIFDJZB,25,tree-ad_gp_5000-dw_30000,8.78,7.0,1030.23,0.0008,7575.32
MNAR_l,AQC0L71,5,tree-ad_gp_5000-dw_30000,5.83,5.0,476.44,0.0009,3236.03
MNAR_l,AQC0L71,10,tree-ad_gp_5000-dw_30000,6.6,6.0,463.45,0.0009,3210.85
MNAR_l,AQC0L71,20,tree-ad_gp_5000-dw_30000,7.84,7.0,434.35,0.0008,3155.7
MNAR_l,AQC0L71,25,tree-ad_gp_5000-dw_30000,8.24,7.0,426.06,0.0008,3132.41
MNAR_l,AQC0L71,15,tree-ad_gp_5000-dw_30000,7.27,6.0,453.87,0.0009,3182.03
MNAR_l,A7EM0B6,15,tree-ad_gp_5000-dw_30000,6.04,5.0,560.18,0.0009,3964.23
MNAR_l,A7EM0B6,5,tree-ad_gp_5000-dw_30000,4.33,3.0,600.89,0.0009,4032.1
MNAR_l,A7EM0B6,10,tree-ad_gp_5000-dw_30000,5.45,4.0,579.75,0.0009,3999.27
MNAR_l,A7EM0B6,20,tree-ad_gp_5000-dw_30000,6.73,6.0,547.35,0.0009,3931.84
MNAR_l,A7EM0B6,25,tree-ad_gp_5000-dw_30000,7.22,6.0,528.85,0.0008,3900.87
MCAR,A1ZJ41O,5,tree-ad_gp_5000-dw_30000,2.87,2.0,434.68,0.0005,5019.52
MCAR,A1ZJ41O,10,tree-ad_gp_5000-dw_30000,2.92,2.0,422.48,0.0005,4975.82
MCAR,A1ZJ41O,15,tree-ad_gp_5000-dw_30000,2.96,2.0,413.5,0.0005,4935.86
MCAR,A1ZJ41O,20,tree-ad_gp_5000-dw_30000,3.01,2.0,402.59,0.0005,4898.49
MCAR,A1ZJ41O,25,tree-ad_gp_5000-dw_30000,3.06,2.0,393.82,0.0005,4863.36
MCAR,AKXN5ZZ,5,tree-ad_gp_5000-dw_30000,2.75,2.0,450.8,0.0005,5200.23
MCAR,AKXN5ZZ,10,tree-ad_gp_5000-dw_30000,2.81,2.0,437.06,0.0005,5156.35
MCAR,AKXN5ZZ,15,tree-ad_gp_5000-dw_30000,2.85,2.0,428.52,0.0005,5113.72
MCAR,AKXN5ZZ,20,tree-ad_gp_5000-dw_30000,2.89,2.0,417.7,0.0005,5074.25
MCAR,AKXN5ZZ,25,tree-ad_gp_5000-dw_30000,2.95,2.0,408.23,0.0005,5038.0
MCAR,AAXAA7Z,5,tree-ad_gp_5000-dw_30000,3.81,2.0,340.32,0.0005,3926.21
MCAR,AAXAA7Z,10,tree-ad_gp_5000-dw_30000,3.9,2.0,332.62,0.0005,3895.64
MCAR,AAXAA7Z,15,tree-ad_gp_5000-dw_30000,3.99,2.0,323.88,0.0005,3863.58
MCAR,AAXAA7Z,20,tree-ad_gp_5000-dw_30000,4.07,2.0,316.72,0.0005,3834.14
MCAR,AAXAA7Z,25,tree-ad_gp_5000-dw_30000,4.15,2.0,308.49,0.0005,3805.04
MCAR,AA2KP1S,5,tree-ad_gp_5000-dw_30000,3.06,2.0,439.45,0.0005,5059.7
MCAR,AA2KP1S,10,tree-ad_gp_5000-dw_30000,3.09,2.0,426.18,0.0005,5016.19
MCAR,AA2KP1S,15,tree-ad_gp_5000-dw_30000,3.13,2.0,419.98,0.0005,4976.33
MCAR,AA2KP1S,20,tree-ad_gp_5000-dw_30000,3.18,2.0,406.43,0.0005,4940.03
MCAR,AA2KP1S,25,tree-ad_gp_5000-dw_30000,3.23,2.0,397.34,0.0005,4902.23
MCAR,APGIB2T,5,tree-ad_gp_5000-dw_30000,4.33,3.0,81.72,0.0005,955.35
MCAR,APGIB2T,10,tree-ad_gp_5000-dw_30000,4.29,3.0,79.92,0.0005,947.1
MCAR,APGIB2T,15,tree-ad_gp_5000-dw_30000,4.32,3.0,77.84,0.0005,940.12
MCAR,APGIB2T,20,tree-ad_gp_5000-dw_30000,4.38,3.0,76.2,0.0005,933.46
MCAR,APGIB2T,25,tree-ad_gp_5000-dw_30000,4.43,3.0,74.11,0.0005,926.37
MCAR,AHYIJDV,5,tree-ad_gp_5000-dw_30000,3.17,2.0,373.42,0.0005,4325.78
MCAR,AHYIJDV,10,tree-ad_gp_5000-dw_30000,3.2,2.0,365.22,0.0005,4290.92
MCAR,AHYIJDV,15,tree-ad_gp_5000-dw_30000,3.26,2.0,354.57,0.0005,4254.67
MCAR,AHYIJDV,20,tree-ad_gp_5000-dw_30000,3.31,2.0,346.97,0.0005,4221.74
MCAR,AHYIJDV,25,tree-ad_gp_5000-dw_30000,3.35,2.0,340.07,0.0005,4190.44
MCAR,ASFODQR,5,tree-ad_gp_5000-dw_30000,3.94,2.0,778.03,0.0005,8963.61
MCAR,ASFODQR,10,tree-ad_gp_5000-dw_30000,4.02,2.0,756.28,0.0005,8889.93
MCAR,ASFODQR,15,tree-ad_gp_5000-dw_30000,4.09,2.0,737.87,0.0005,8815.89
MCAR,ASFODQR,20,tree-ad_gp_5000-dw_30000,4.17,2.0,717.9,0.0005,8749.96
MCAR,ASFODQR,25,tree-ad_gp_5000-dw_30000,4.25,2.0,705.73,0.0005,8686.5
MCAR,AUY8KYW,5,tree-ad_gp_5000-dw_30000,4.16,2.0,503.74,0.0005,5847.1
MCAR,AUY8KYW,10,tree-ad_gp_5000-dw_30000,4.2,2.0,496.54,0.0005,5796.19
MCAR,AUY8KYW,15,tree-ad_gp_5000-dw_30000,4.28,3.0,478.69,0.0005,5751.29
MCAR,AUY8KYW,20,tree-ad_gp_5000-dw_30000,4.34,3.0,470.51,0.0005,5706.76
MCAR,AUY8KYW,25,tree-ad_gp_5000-dw_30000,4.43,3.0,457.53,0.0005,5663.19
MCAR,A3OU183,5,tree-ad_gp_5000-dw_30000,4.37,3.0,40.11,0.0005,469.46
MCAR,A3OU183,10,tree-ad_gp_5000-dw_30000,4.38,3.0,39.12,0.0005,466.05
MCAR,A3OU183,15,tree-ad_gp_5000-dw_30000,4.48,3.0,38.05,0.0005,462.47
MCAR,A3OU183,20,tree-ad_gp_5000-dw_30000,4.55,3.0,37.09,0.0005,459.39
MCAR,A3OU183,25,tree-ad_gp_5000-dw_30000,4.62,3.0,36.34,0.0005,455.7
MCAR,AOYM4KG,5,tree-ad_gp_5000-dw_30000,6.67,3.0,79.32,0.0005,922.39
MCAR,AOYM4KG,10,tree-ad_gp_5000-dw_30000,6.64,3.0,76.93,0.0005,914.77
MCAR,AOYM4KG,15,tree-ad_gp_5000-dw_30000,6.7,3.0,75.01,0.0005,906.91
MCAR,AOYM4KG,20,tree-ad_gp_5000-dw_30000,6.81,3.0,73.67,0.0005,900.49
MCAR,AOYM4KG,25,tree-ad_gp_5000-dw_30000,6.91,3.0,72.56,0.0005,893.33
MCAR,AV2GF3B,5,tree-ad_gp_5000-dw_30000,5.02,3.0,41.46,0.0005,486.14
MCAR,AV2GF3B,10,tree-ad_gp_5000-dw_30000,5.11,3.0,40.39,0.0005,480.44
MCAR,AV2GF3B,15,tree-ad_gp_5000-dw_30000,5.27,3.0,39.11,0.0005,477.05
MCAR,AV2GF3B,20,tree-ad_gp_5000-dw_30000,5.37,3.0,38.35,0.0005,474.24
MCAR,AV2GF3B,25,tree-ad_gp_5000-dw_30000,5.41,3.0,37.29,0.0005,470.26
MCAR,A0NVTRV,5,tree-ad_gp_5000-dw_30000,2.32,1.0,201.26,0.0005,2332.68
MCAR,A0NVTRV,10,tree-ad_gp_5000-dw_30000,2.38,1.0,195.11,0.0005,2311.84
MCAR,A0NVTRV,15,tree-ad_gp_5000-dw_30000,2.4,1.0,191.4,0.0005,2295.78
MCAR,A0NVTRV,20,tree-ad_gp_5000-dw_30000,2.44,1.0,185.6,0.0005,2276.25
MCAR,A0NVTRV,25,tree-ad_gp_5000-dw_30000,2.49,2.0,182.41,0.0005,2262.01
MCAR,A1K5DRI,5,tree-ad_gp_5000-dw_30000,3.16,2.0,479.58,0.0005,5573.55
MCAR,A1K5DRI,10,tree-ad_gp_5000-dw_30000,3.22,2.0,469.62,0.0005,5527.81
MCAR,A1K5DRI,15,tree-ad_gp_5000-dw_30000,3.25,2.0,457.25,0.0005,5483.74
MCAR,A1K5DRI,20,tree-ad_gp_5000-dw_30000,3.3,2.0,446.94,0.0005,5442.49
MCAR,A1K5DRI,25,tree-ad_gp_5000-dw_30000,3.35,2.0,435.21,0.0005,5401.12
MCAR,AYEFCWQ,5,tree-ad_gp_5000-dw_30000,3.36,2.0,619.01,0.0005,7192.45
MCAR,AYEFCWQ,10,tree-ad_gp_5000-dw_30000,3.42,2.0,605.47,0.0005,7132.26
MCAR,AYEFCWQ,15,tree-ad_gp_5000-dw_30000,3.47,2.0,591.09,0.0005,7076.61
MCAR,AYEFCWQ,20,tree-ad_gp_5000-dw_30000,3.53,2.0,576.45,0.0005,7021.79
MCAR,AYEFCWQ,25,tree-ad_gp_5000-dw_30000,3.58,2.0,564.09,0.0005,6970.6
MCAR,AMV7EQF,5,tree-ad_gp_5000-dw_30000,3.87,2.0,469.58,0.0005,5451.57
MCAR,AMV7EQF,10,tree-ad_gp_5000-dw_30000,3.98,3.0,459.79,0.0005,5407.89
MCAR,AMV7EQF,15,tree-ad_gp_5000-dw_30000,4.04,3.0,447.8,0.0005,5365.1
MCAR,AMV7EQF,20,tree-ad_gp_5000-dw_30000,4.09,3.0,436.26,0.0005,5321.51
MCAR,AMV7EQF,25,tree-ad_gp_5000-dw_30000,4.15,3.0,427.56,0.0005,5282.6
MCAR,AZIK4ZA,5,tree-ad_gp_5000-dw_30000,3.37,2.0,400.67,0.0005,4646.49
MCAR,AZIK4ZA,10,tree-ad_gp_5000-dw_30000,3.44,2.0,391.0,0.0005,4606.88
MCAR,AZIK4ZA,15,tree-ad_gp_5000-dw_30000,3.52,2.0,380.37,0.0005,4571.86
MCAR,AZIK4ZA,20,tree-ad_gp_5000-dw_30000,3.6,2.0,372.59,0.0005,4535.97
MCAR,AZIK4ZA,25,tree-ad_gp_5000-dw_30000,3.67,2.0,364.37,0.0005,4504.64
MCAR,AJWW3IY,5,tree-ad_gp_5000-dw_30000,2.98,2.0,377.74,0.0005,4388.03
MCAR,AJWW3IY,10,tree-ad_gp_5000-dw_30000,3.02,2.0,367.52,0.0005,4354.18
MCAR,AJWW3IY,15,tree-ad_gp_5000-dw_30000,3.09,2.0,359.14,0.0005,4317.88
MCAR,AJWW3IY,20,tree-ad_gp_5000-dw_30000,3.13,2.0,349.76,0.0005,4283.56
MCAR,AJWW3IY,25,tree-ad_gp_5000-dw_30000,3.19,2.0,340.87,0.0005,4252.89
MCAR,AX6281V,5,tree-ad_gp_5000-dw_30000,2.88,2.0,369.39,0.0005,4264.4
MCAR,AX6281V,10,tree-ad_gp_5000-dw_30000,2.93,2.0,358.12,0.0005,4229.09
MCAR,AX6281V,15,tree-ad_gp_5000-dw_30000,2.97,2.0,350.79,0.0005,4196.06
MCAR,AX6281V,20,tree-ad_gp_5000-dw_30000,3.03,2.0,340.08,0.0005,4165.15
MCAR,AX6281V,25,tree-ad_gp_5000-dw_30000,3.09,2.0,335.01,0.0005,4136.89
MCAR,AYWIEKR,5,tree-ad_gp_5000-dw_30000,3.4,2.0,467.84,0.0005,5442.17
MCAR,AYWIEKR,10,tree-ad_gp_5000-dw_30000,3.46,2.0,456.04,0.0005,5396.96
MCAR,AYWIEKR,15,tree-ad_gp_5000-dw_30000,3.55,2.0,445.93,0.0005,5355.96
MCAR,AYWIEKR,20,tree-ad_gp_5000-dw_30000,3.61,2.0,436.69,0.0005,5314.63
MCAR,AYWIEKR,25,tree-ad_gp_5000-dw_30000,3.68,2.0,425.33,0.0005,5275.82
MCAR,ATHKM6V,5,tree-ad_gp_5000-dw_30000,2.6,2.0,248.53,0.0005,2884.83
MCAR,ATHKM6V,10,tree-ad_gp_5000-dw_30000,2.62,2.0,242.15,0.0005,2861.3
MCAR,ATHKM6V,15,tree-ad_gp_5000-dw_30000,2.67,2.0,237.11,0.0005,2840.35
MCAR,ATHKM6V,20,tree-ad_gp_5000-dw_30000,2.72,2.0,230.42,0.0005,2817.33
MCAR,ATHKM6V,25,tree-ad_gp_5000-dw_30000,2.76,2.0,225.56,0.0005,2797.88
MCAR,AFPB8J2,5,tree-ad_gp_5000-dw_30000,3.25,2.0,411.81,0.0005,4777.25
MCAR,AFPB8J2,10,tree-ad_gp_5000-dw_30000,3.31,2.0,403.77,0.0005,4740.18
MCAR,AFPB8J2,15,tree-ad_gp_5000-dw_30000,3.36,2.0,392.68,0.0005,4702.96
MCAR,AFPB8J2,20,tree-ad_gp_5000-dw_30000,3.41,2.0,384.3,0.0005,4667.31
MCAR,AFPB8J2,25,tree-ad_gp_5000-dw_30000,3.45,2.0,374.18,0.0005,4631.2
MCAR,A0VFT1N,5,tree-ad_gp_5000-dw_30000,3.06,2.0,472.41,0.0005,5494.51
MCAR,A0VFT1N,10,tree-ad_gp_5000-dw_30000,3.1,2.0,461.58,0.0005,5448.71
MCAR,A0VFT1N,15,tree-ad_gp_5000-dw_30000,3.15,2.0,451.4,0.0005,5404.09
MCAR,A0VFT1N,20,tree-ad_gp_5000-dw_30000,3.22,2.0,438.88,0.0005,5362.93
MCAR,A0VFT1N,25,tree-ad_gp_5000-dw_30000,3.26,2.0,428.81,0.0005,5320.84
MCAR,AURCTAK,5,tree-ad_gp_5000-dw_30000,5.38,4.0,63.62,0.0005,746.91
MCAR,AURCTAK,10,tree-ad_gp_5000-dw_30000,5.53,4.0,62.06,0.0005,741.49
MCAR,AURCTAK,15,tree-ad_gp_5000-dw_30000,5.61,4.0,60.3,0.0005,735.17
MCAR,AURCTAK,20,tree-ad_gp_5000-dw_30000,5.66,4.0,59.16,0.0005,729.9
MCAR,AURCTAK,25,tree-ad_gp_5000-dw_30000,5.7,4.0,57.5,0.0005,723.84
MCAR,A36HR6Y,5,tree-ad_gp_5000-dw_30000,3.47,2.0,225.19,0.0005,2607.58
MCAR,A36HR6Y,10,tree-ad_gp_5000-dw_30000,3.53,3.0,218.28,0.0005,2587.23
MCAR,A36HR6Y,15,tree-ad_gp_5000-dw_30000,3.56,3.0,213.26,0.0005,2567.19
MCAR,A36HR6Y,20,tree-ad_gp_5000-dw_30000,3.6,3.0,209.57,0.0005,2548.28
MCAR,A36HR6Y,25,tree-ad_gp_5000-dw_30000,3.65,3.0,204.15,0.0005,2528.72
MCAR,A4E0D03,5,tree-ad_gp_5000-dw_30000,2.96,2.0,397.87,0.0005,4623.68
MCAR,A4E0D03,10,tree-ad_gp_5000-dw_30000,3.01,2.0,386.9,0.0005,4586.47
MCAR,A4E0D03,15,tree-ad_gp_5000-dw_30000,3.05,2.0,377.13,0.0005,4550.15
MCAR,A4E0D03,20,tree-ad_gp_5000-dw_30000,3.11,2.0,369.15,0.0005,4516.42
MCAR,A4E0D03,25,tree-ad_gp_5000-dw_30000,3.16,2.0,360.98,0.0005,4483.02
MCAR,AJMQUVV,5,tree-ad_gp_5000-dw_30000,3.38,2.0,484.38,0.0005,5633.28
MCAR,AJMQUVV,10,tree-ad_gp_5000-dw_30000,3.42,2.0,470.29,0.0005,5586.69
MCAR,AJMQUVV,15,tree-ad_gp_5000-dw_30000,3.48,2.0,458.7,0.0005,5540.89
MCAR,AJMQUVV,20,tree-ad_gp_5000-dw_30000,3.53,2.0,450.68,0.0005,5500.71
MCAR,AJMQUVV,25,tree-ad_gp_5000-dw_30000,3.58,2.0,437.96,0.0005,5460.74
MCAR,A4G0044,5,tree-ad_gp_5000-dw_30000,5.79,4.0,66.61,0.0005,778.57
MCAR,A4G0044,10,tree-ad_gp_5000-dw_30000,5.85,4.0,64.52,0.0005,771.73
MCAR,A4G0044,15,tree-ad_gp_5000-dw_30000,5.93,4.0,62.92,0.0005,766.24
MCAR,A4G0044,20,tree-ad_gp_5000-dw_30000,6.04,4.0,61.38,0.0005,760.4
MCAR,A4G0044,25,tree-ad_gp_5000-dw_30000,6.09,4.0,60.26,0.0005,754.6
MCAR,AIFDJZB,5,tree-ad_gp_5000-dw_30000,3.89,2.0,668.57,0.0005,7836.4
MCAR,AIFDJZB,10,tree-ad_gp_5000-dw_30000,3.97,2.0,649.1,0.0005,7770.14
MCAR,AIFDJZB,15,tree-ad_gp_5000-dw_30000,4.06,2.0,641.01,0.0005,7709.59
MCAR,AIFDJZB,20,tree-ad_gp_5000-dw_30000,4.15,2.0,624.03,0.0005,7650.01
MCAR,AIFDJZB,25,tree-ad_gp_5000-dw_30000,4.24,2.0,604.53,0.0005,7592.44
MCAR,AQC0L71,5,tree-ad_gp_5000-dw_30000,3.05,2.0,277.95,0.0005,3240.37
MCAR,AQC0L71,10,tree-ad_gp_5000-dw_30000,3.06,2.0,271.78,0.0005,3213.64
MCAR,AQC0L71,15,tree-ad_gp_5000-dw_30000,3.11,2.0,265.25,0.0005,3188.0
MCAR,AQC0L71,20,tree-ad_gp_5000-dw_30000,3.17,2.0,258.81,0.0005,3164.14
MCAR,AQC0L71,25,tree-ad_gp_5000-dw_30000,3.22,2.0,251.53,0.0005,3138.7
MCAR,A7EM0B6,5,tree-ad_gp_5000-dw_30000,3.44,2.0,347.21,0.0005,4034.56
MCAR,A7EM0B6,10,tree-ad_gp_5000-dw_30000,3.48,2.0,338.07,0.0005,4001.19
MCAR,A7EM0B6,15,tree-ad_gp_5000-dw_30000,3.52,2.0,327.73,0.0005,3969.77
MCAR,A7EM0B6,20,tree-ad_gp_5000-dw_30000,3.59,2.0,321.35,0.0005,3939.86
MCAR,A7EM0B6,25,tree-ad_gp_5000-dw_30000,3.65,2.0,314.35,0.0005,3911.18
